file_path,line_number,method_name,containing_function,containing_function_addr,xref_address
\Sql\Picasso\Engine\src\common\cpp\String.hpp,0x38,`anonymous-namespace\'::ToUtf8StringImpl::_details::ToUtf8StringSafe,FUN_18028a120,18028a120,18028a32a
\Sql\Picasso\engine\src\Common\TabularPublic\TMEnums.h,0x268,PFValueTypeFromTMDataType,FUN_18005f480,18005f480,18005f4ef
\Sql\Picasso\engine\src\Common\TabularPublic\TMEnums.h,0x28a,TMDataTypeFromPFValueType,FUN_18005bfa0,18005bfa0,18005c019
\Sql\Picasso\engine\src\Common\TabularPublic\TMEnums.h,0x24a,TMDataTypeToString,FUN_1803b1460,1803b1460,1803b1523
\Sql\Picasso\engine\src\Common\TabularPublic\TMEnums.h,0x28a,,FUN_18005bfa0,18005bfa0,18005c019
\Sql\Picasso\engine\src\Common\TabularPublic\TMEnums.h,0x268,,FUN_18005f480,18005f480,18005f4ef
\Sql\Picasso\engine\src\Common\TabularPublic\TMEnums.h,0x24a,,FUN_1803b1460,1803b1460,1803b1523
\Sql\Picasso\engine\src\imbi\core\xmdbcore.cpp,0x23,XMDBReader::Init,FUN_1800f8090,1800f8090,1800f8346
\Sql\Picasso\engine\src\imbi\core\xmdbcore.cpp,0x55,XMDBReader::Init,FUN_1800f8090,1800f8090,1800f8346
\Sql\Picasso\engine\src\imbi\core\xmdbcore.cpp,0xf1,XMMappedDBReader::Init,FUN_1800f86a0,1800f86a0,1800f8802
\Sql\Picasso\engine\src\imbi\core\xmdbcore.cpp,0x10f,XMMappedDBReader::SetBindingMapping,FUN_1800f8860,1800f8860,1800f88b0
\Sql\Picasso\engine\src\imbi\core\xmdbcore.cpp,0x11d,XMMappedDBReader::SetColumnData,FUN_180063170,180063170,1800633bf
\Sql\Picasso\engine\src\imbi\core\xmdbcore.cpp,0x11d,XMMappedDBReader::SetColumnData,FUN_1804850e0,1.80E+06,180485b92
\Sql\Picasso\engine\src\imbi\core\xmdbcore.cpp,0x11d,,FUN_180063170,180063170,1800633bf
\Sql\Picasso\engine\src\imbi\core\xmdbcore.cpp,0x23,,FUN_1800f8090,1800f8090,1800f8346
\Sql\Picasso\engine\src\imbi\core\xmdbcore.cpp,0x55,,FUN_1800f8090,1800f8090,1800f8346
\Sql\Picasso\engine\src\imbi\core\xmdbcore.cpp,0xf1,,FUN_1800f86a0,1800f86a0,1800f8802
\Sql\Picasso\engine\src\imbi\core\xmdbcore.hpp,200,XMDBHelper::MapColumnTypeToPF,FUN_18006ace0,18006ace0,18006ad1f
\Sql\Picasso\engine\src\imbi\core\xmdbcore.hpp,200,,FUN_18006ace0,18006ace0,18006ad1f
\Sql\Picasso\engine\src\imbi\core\xmjob.cpp,0x33d,XMJob::EnqueueChildren,FUN_1800e1810,1800e1810,1800e183b
\Sql\Picasso\engine\src\imbi\core\xmjob.cpp,0x33d,XMJob::EnqueueChildren,FUN_1800f2560,1800f2560,1800f2af6
\Sql\Picasso\engine\src\imbi\core\xmjob.cpp,0x33d,XMJob::EnqueueChildren,FUN_18047d6c0,18047d6c0,18047d9c1
\Sql\Picasso\engine\src\imbi\core\xmjob.cpp,0x33d,XMJob::EnqueueChildren,FUN_18047db20,18047db20,18047e0bc
\Sql\Picasso\engine\src\imbi\core\xmjob.cpp,0x33d,XMJob::EnqueueChildren,FUN_18047e110,1.80E+114,18047e83d
\Sql\Picasso\engine\src\imbi\core\xmjob.cpp,0x33d,XMJob::EnqueueChildren,FUN_18047ecf0,18047ecf0,18047f003
\Sql\Picasso\engine\src\imbi\core\xmjob.cpp,0x33d,XMJob::EnqueueChildren,FUN_18047f160,18047f160,18047f540
\Sql\Picasso\engine\src\imbi\core\xmjob.cpp,0x33d,XMJob::EnqueueChildren,FUN_18047fdb0,18047fdb0,180480669
\Sql\Picasso\engine\src\imbi\core\xmjob.cpp,0x33d,XMJob::EnqueueChildren,FUN_18053e870,18053e870,18053eb52
\Sql\Picasso\engine\src\imbi\core\xmjob.cpp,0x33d,XMJob::EnqueueChildren,FUN_18053ec10,18053ec10,18053f325
\Sql\Picasso\engine\src\imbi\core\xmjob.cpp,0x33d,XMJob::EnqueueChildren,FUN_180540190,180540190,180540315
\Sql\Picasso\engine\src\imbi\core\xmjob.cpp,0x33d,XMJob::EnqueueChildren,FUN_180540ae0,180540ae0,180541859
\Sql\Picasso\engine\src\imbi\core\xmjob.cpp,0x33d,XMJob::EnqueueChildren,FUN_18054bd30,18054bd30,18054c23b
\Sql\Picasso\engine\src\imbi\core\xmjob.cpp,0x33d,XMJob::EnqueueChildren,FUN_18054f030,18054f030,18054fe9b
\Sql\Picasso\engine\src\imbi\core\xmjob.cpp,0x33d,XMJob::EnqueueChildren,FUN_180561710,180561710,180561d5f
\Sql\Picasso\engine\src\imbi\core\xmjob.cpp,0x17d,XMJob::IsCPUCurrentlyGranted,FUN_1800e1940,1800e1940,1800e199f
\Sql\Picasso\engine\src\imbi\core\xmjob.cpp,0x17d,,FUN_1800e1940,1800e1940,1800e199f
\Sql\Picasso\engine\src\imbi\core\xmjob.hpp,0x68,XMCombinedJobState::ResetPendingUnpark,FUN_1800df4b0,1800df4b0,1800df68d
\Sql\Picasso\engine\src\imbi\core\xmjob.hpp,0x5f,XMCombinedJobState::SetPendingUnpark,FUN_1800df9c0,1800df9c0,1800dfabe
\Sql\Picasso\engine\src\imbi\core\xmjob.hpp,0x68,,FUN_1800df4b0,1800df4b0,1800df68d
\Sql\Picasso\engine\src\imbi\core\xmjob.hpp,0x5f,,FUN_1800df9c0,1800df9c0,1800dfabe
\Sql\Picasso\engine\src\imbi\core\xmnumaawarequeue.cpp,0x74,XMNumaAwareQueue::XMNumaAwareQueue,FUN_1800fb670,1800fb670,1800fba53
\Sql\Picasso\engine\src\imbi\core\xmrgticket.cpp,0x6d,XMResourceGovTicket::OnCoreGrant,FUN_1800fb0d0,1800fb0d0,1800fb17a
\Sql\Picasso\engine\src\imbi\core\xmrgticket.cpp,0x6d,,FUN_1800fb0d0,1800fb0d0,1800fb17a
\Sql\Picasso\engine\src\imbi\core\xmscheduler.cpp,0x3ef,XMScheduler::ContinueJob,FUN_1800de0e0,1800de0e0,1800de95d
\Sql\Picasso\engine\src\imbi\core\xmscheduler.cpp,0x461,XMScheduler::ContinueJob,FUN_1800de0e0,1800de0e0,1800de95d
\Sql\Picasso\engine\src\imbi\core\xmscheduler.cpp,0x470,XMScheduler::ContinueJob,FUN_1800de0e0,1800de0e0,1800de95d
\Sql\Picasso\engine\src\imbi\core\xmscheduler.cpp,0x4fb,XMScheduler::ContinueJob,FUN_1800de0e0,1800de0e0,1800de95d
\Sql\Picasso\engine\src\imbi\core\xmscheduler.cpp,0x543,XMScheduler::ContinueJob,FUN_1800de0e0,1800de0e0,1800de95d
\Sql\Picasso\engine\src\imbi\core\xmscheduler.cpp,0x17b,XMScheduler::EnqueueJobGroup,FUN_1800dcfa0,1800dcfa0,1800dd482
\Sql\Picasso\engine\src\imbi\core\xmscheduler.cpp,0x1b4,XMScheduler::EnqueueJobGroup,FUN_1800dcfa0,1800dcfa0,1800dd482
\Sql\Picasso\engine\src\imbi\core\xmscheduler.cpp,0x321,XMScheduler::EnqueueJobs,FUN_1800dd910,1800dd910,1800dde52
\Sql\Picasso\engine\src\imbi\core\xmscheduler.cpp,0x32e,XMScheduler::EnqueueJobs,FUN_1800dd910,1800dd910,1800dde52
\Sql\Picasso\engine\src\imbi\core\xmscheduler.cpp,0x126,XMScheduler::ExecuteJob,FUN_1800dcb50,1800dcb50,1800dcca6
\Sql\Picasso\engine\src\imbi\core\xmscheduler.cpp,0x127,XMScheduler::ExecuteJob,FUN_1800dcb50,1800dcb50,1800dcca6
\Sql\Picasso\engine\src\imbi\core\xmscheduler.cpp,0x74b,XMScheduler::TransitionImpl,FUN_1800defc0,1800defc0,1800df1cd
\Sql\Picasso\engine\src\imbi\core\xmscheduler.cpp,0x6f7,XMScheduler::TransitionImpl,FUN_1800defc0,1800defc0,1800df1cd
\Sql\Picasso\engine\src\imbi\core\xmscheduler.cpp,0x701,XMScheduler::TransitionImpl,FUN_1800defc0,1800defc0,1800df1cd
\Sql\Picasso\engine\src\imbi\core\xmscheduler.cpp,0x70f,XMScheduler::TransitionImpl,FUN_1800defc0,1800defc0,1800df1cd
\Sql\Picasso\engine\src\imbi\core\xmscheduler.cpp,0x71b,XMScheduler::TransitionImpl,FUN_1800defc0,1800defc0,1800df1cd
\Sql\Picasso\engine\src\imbi\core\xmscheduler.cpp,0x726,XMScheduler::TransitionImpl,FUN_1800defc0,1800defc0,1800df1cd
\Sql\Picasso\engine\src\imbi\core\xmscheduler.cpp,0x726,XMScheduler::TransitionImpl,FUN_1800defc0,1800defc0,1800df1cd
\Sql\Picasso\engine\src\imbi\core\xmscheduler.cpp,0x731,XMScheduler::TransitionImpl,FUN_1800defc0,1800defc0,1800df1cd
\Sql\Picasso\engine\src\imbi\core\xmscheduler.cpp,0x73b,XMScheduler::TransitionImpl,FUN_1800defc0,1800defc0,1800df1cd
\Sql\Picasso\engine\src\imbi\core\xmscheduler.cpp,0x745,XMScheduler::TransitionImpl,FUN_1800defc0,1800defc0,1800df1cd
\Sql\Picasso\engine\src\imbi\core\xmscheduler.cpp,0x6f7,XMScheduler::TransitionImpl,FUN_1800df4b0,1800df4b0,1800df93d
\Sql\Picasso\engine\src\imbi\core\xmscheduler.cpp,0x701,XMScheduler::TransitionImpl,FUN_1800df4b0,1800df4b0,1800df93d
\Sql\Picasso\engine\src\imbi\core\xmscheduler.cpp,0x70f,XMScheduler::TransitionImpl,FUN_1800df4b0,1800df4b0,1800df93d
\Sql\Picasso\engine\src\imbi\core\xmscheduler.cpp,0x71b,XMScheduler::TransitionImpl,FUN_1800df4b0,1800df4b0,1800df93d
\Sql\Picasso\engine\src\imbi\core\xmscheduler.cpp,0x71b,XMScheduler::TransitionImpl,FUN_1800df4b0,1800df4b0,1800df93d
\Sql\Picasso\engine\src\imbi\core\xmscheduler.cpp,0x726,XMScheduler::TransitionImpl,FUN_1800df4b0,1800df4b0,1800df93d
\Sql\Picasso\engine\src\imbi\core\xmscheduler.cpp,0x731,XMScheduler::TransitionImpl,FUN_1800df4b0,1800df4b0,1800df93d
\Sql\Picasso\engine\src\imbi\core\xmscheduler.cpp,0x73b,XMScheduler::TransitionImpl,FUN_1800df4b0,1800df4b0,1800df93d
\Sql\Picasso\engine\src\imbi\core\xmscheduler.cpp,0x745,XMScheduler::TransitionImpl,FUN_1800df4b0,1800df4b0,1800df93d
\Sql\Picasso\engine\src\imbi\core\xmscheduler.cpp,0x74b,XMScheduler::TransitionImpl,FUN_1800df4b0,1800df4b0,1800df93d
\Sql\Picasso\engine\src\imbi\core\xmscheduler.cpp,0x6f7,XMScheduler::TransitionImpl,FUN_1800df9c0,1800df9c0,1800dfcc2
\Sql\Picasso\engine\src\imbi\core\xmscheduler.cpp,0x701,XMScheduler::TransitionImpl,FUN_1800df9c0,1800df9c0,1800dfcc2
\Sql\Picasso\engine\src\imbi\core\xmscheduler.cpp,0x71b,XMScheduler::TransitionImpl,FUN_1800df9c0,1800df9c0,1800dfcc2
\Sql\Picasso\engine\src\imbi\core\xmscheduler.cpp,0x701,XMScheduler::TransitionImpl,FUN_1800df9c0,1800df9c0,1800dfcc2
\Sql\Picasso\engine\src\imbi\core\xmscheduler.cpp,0x726,XMScheduler::TransitionImpl,FUN_1800df9c0,1800df9c0,1800dfcc2
\Sql\Picasso\engine\src\imbi\core\xmscheduler.cpp,0x73b,XMScheduler::TransitionImpl,FUN_1800df9c0,1800df9c0,1800dfcc2
\Sql\Picasso\engine\src\imbi\core\xmscheduler.cpp,0x726,XMScheduler::TransitionImpl,FUN_1800df9c0,1800df9c0,1800dfcc2
\Sql\Picasso\engine\src\imbi\core\xmscheduler.cpp,0x745,XMScheduler::TransitionImpl,FUN_1800df9c0,1800df9c0,1800dfcc2
\Sql\Picasso\engine\src\imbi\core\xmscheduler.cpp,0x74b,XMScheduler::TransitionImpl,FUN_1800df9c0,1800df9c0,1800dfcc2
\Sql\Picasso\engine\src\imbi\core\xmscheduler.cpp,0x295,XMScheduler::UnparkJob,FUN_1800dd6c0,1800dd6c0,1800dd860
\Sql\Picasso\engine\src\imbi\core\xmscheduler.cpp,0x295,XMScheduler::UnparkJob,FUN_1800dd6c0,1800dd6c0,1800dd860
\Sql\Picasso\engine\src\imbi\core\xmscheduler.cpp,0x2ab,XMScheduler::UnparkJob,FUN_1800dd6c0,1800dd6c0,1800dd860
\Sql\Picasso\engine\src\imbi\core\xmscheduler.cpp,0x74b,,FUN_1800defc0,1800defc0,1800df1cd
\Sql\Picasso\engine\src\imbi\core\xmscheduler.cpp,0x6f7,,FUN_1800defc0,1800defc0,1800df1cd
\Sql\Picasso\engine\src\imbi\core\xmscheduler.cpp,0x701,,FUN_1800defc0,1800defc0,1800df1cd
\Sql\Picasso\engine\src\imbi\core\xmscheduler.cpp,0x70f,,FUN_1800defc0,1800defc0,1800df1cd
\Sql\Picasso\engine\src\imbi\core\xmscheduler.cpp,0x71b,,FUN_1800defc0,1800defc0,1800df1cd
\Sql\Picasso\engine\src\imbi\core\xmscheduler.cpp,0x726,,FUN_1800defc0,1800defc0,1800df1cd
\Sql\Picasso\engine\src\imbi\core\xmscheduler.cpp,0x731,,FUN_1800defc0,1800defc0,1800df1cd
\Sql\Picasso\engine\src\imbi\core\xmscheduler.cpp,0x73b,,FUN_1800defc0,1800defc0,1800df1cd
\Sql\Picasso\engine\src\imbi\core\xmscheduler.cpp,0x745,,FUN_1800defc0,1800defc0,1800df1cd
\Sql\Picasso\engine\src\imbi\core\xmscheduler.cpp,0x6f7,,FUN_1800df4b0,1800df4b0,1800df93d
\Sql\Picasso\engine\src\imbi\core\xmscheduler.cpp,0x701,,FUN_1800df4b0,1800df4b0,1800df93d
\Sql\Picasso\engine\src\imbi\core\xmscheduler.cpp,0x70f,,FUN_1800df4b0,1800df4b0,1800df93d
\Sql\Picasso\engine\src\imbi\core\xmscheduler.cpp,0x71b,,FUN_1800df4b0,1800df4b0,1800df93d
\Sql\Picasso\engine\src\imbi\core\xmscheduler.cpp,0x726,,FUN_1800df4b0,1800df4b0,1800df93d
\Sql\Picasso\engine\src\imbi\core\xmscheduler.cpp,0x731,,FUN_1800df4b0,1800df4b0,1800df93d
\Sql\Picasso\engine\src\imbi\core\xmscheduler.cpp,0x73b,,FUN_1800df4b0,1800df4b0,1800df93d
\Sql\Picasso\engine\src\imbi\core\xmscheduler.cpp,0x745,,FUN_1800df4b0,1800df4b0,1800df93d
\Sql\Picasso\engine\src\imbi\core\xmscheduler.cpp,0x74b,,FUN_1800df4b0,1800df4b0,1800df93d
\Sql\Picasso\engine\src\imbi\core\xmscheduler.cpp,0x6f7,,FUN_1800df9c0,1800df9c0,1800dfcc2
\Sql\Picasso\engine\src\imbi\core\xmscheduler.cpp,0x701,,FUN_1800df9c0,1800df9c0,1800dfcc2
\Sql\Picasso\engine\src\imbi\core\xmscheduler.cpp,0x71b,,FUN_1800df9c0,1800df9c0,1800dfcc2
\Sql\Picasso\engine\src\imbi\core\xmscheduler.cpp,0x726,,FUN_1800df9c0,1800df9c0,1800dfcc2
\Sql\Picasso\engine\src\imbi\core\xmscheduler.cpp,0x73b,,FUN_1800df9c0,1800df9c0,1800dfcc2
\Sql\Picasso\engine\src\imbi\core\xmscheduler.cpp,0x745,,FUN_1800df9c0,1800df9c0,1800dfcc2
\Sql\Picasso\engine\src\imbi\core\xmscheduler.cpp,0x74b,,FUN_1800df9c0,1800df9c0,1800dfcc2
\Sql\Picasso\engine\src\imbi\core\xmschedulertest.cxx,0x3df,XMSchedulerTest::FastCancellationCheck,FUN_1800ec0c0,1800ec0c0,1800ecb28
\Sql\Picasso\engine\src\imbi\core\xmschedulertest.cxx,0x3e9,XMSchedulerTest::FastCancellationCheck,FUN_1800ec0c0,1800ec0c0,1800ecb28
\Sql\Picasso\engine\src\imbi\core\xmschedulertest.cxx,0x3d3,XMSchedulerTest::FastCancellationCheck,FUN_1800ec0c0,1800ec0c0,1800ecb28
\Sql\Picasso\engine\src\imbi\core\xmschedulertest.cxx,0x402,XMSchedulerTest::FastCancellationCheck,FUN_1800ec0c0,1800ec0c0,1800ecb28
\Sql\Picasso\engine\src\imbi\core\xmschedulertest.cxx,0x3f8,XMSchedulerTest::FastCancellationCheck,FUN_1800ec0c0,1800ec0c0,1800ecb28
\Sql\Picasso\engine\src\imbi\core\xmschedulertest.cxx,0x744,XMSchedulerTest::FastCancellationQueue_Check,FUN_1800ef4b0,1800ef4b0,1800f05d6
\Sql\Picasso\engine\src\imbi\core\xmschedulertest.cxx,0x78b,XMSchedulerTest::FastCancellationQueue_Check,FUN_1800ef4b0,1800ef4b0,1800f05d6
\Sql\Picasso\engine\src\imbi\core\xmschedulertest.cxx,0x79b,XMSchedulerTest::FastCancellationQueue_Check,FUN_1800ef4b0,1800ef4b0,1800f05d6
\Sql\Picasso\engine\src\imbi\core\xmschedulertest.cxx,0x7ba,XMSchedulerTest::FastCancellationQueue_Check,FUN_1800ef4b0,1800ef4b0,1800f05d6
\Sql\Picasso\engine\src\imbi\core\xmschedulertest.cxx,0x7b4,XMSchedulerTest::FastCancellationQueue_Check,FUN_1800ef4b0,1800ef4b0,1800f05d6
\Sql\Picasso\engine\src\imbi\core\xmschedulertest.cxx,0x7c3,XMSchedulerTest::FastCancellationQueue_Check,FUN_1800ef4b0,1800ef4b0,1800f05d6
\Sql\Picasso\engine\src\imbi\core\xmschedulertest.cxx,0x145,XMSchedulerTest::Run,FUN_1800e58d0,1800e58d0,1800eaf6f
\Sql\Picasso\engine\src\imbi\core\xmschedulertest.cxx,0x5e4,XMSchedulerTest::ShortBiasQueue_Check,FUN_1800edf60,1800edf60,1800ef1cb
\Sql\Picasso\engine\src\imbi\core\xmschedulertest.cxx,0x645,XMSchedulerTest::ShortBiasQueue_Check,FUN_1800edf60,1800edf60,1800ef1cb
\Sql\Picasso\engine\src\imbi\core\xmschedulertest.cxx,0x655,XMSchedulerTest::ShortBiasQueue_Check,FUN_1800edf60,1800edf60,1800ef1cb
\Sql\Picasso\engine\src\imbi\core\xmschedulertest.cxx,0x65d,XMSchedulerTest::ShortBiasQueue_Check,FUN_1800edf60,1800edf60,1800ef1cb
\Sql\Picasso\engine\src\imbi\core\xmschedulertest.cxx,0x69f,XMSchedulerTest::ShortBiasQueue_Check,FUN_1800edf60,1800edf60,1800ef1cb
\Sql\Picasso\engine\src\imbi\core\xmschedulertest.cxx,0x699,XMSchedulerTest::ShortBiasQueue_Check,FUN_1800edf60,1800edf60,1800ef1cb
\Sql\Picasso\engine\src\imbi\core\xmschedulertest.cxx,0x6a8,XMSchedulerTest::ShortBiasQueue_Check,FUN_1800edf60,1800edf60,1800ef1cb
\Sql\Picasso\engine\src\imbi\core\xmschedulertest.cxx,0x2ed,XMSchedulerTest::TestScheduler,FUN_1800eafd0,1800eafd0,1800eb4c8
\Sql\Picasso\engine\src\imbi\core\xmschedulertest.cxx,0x348,XMSchedulerTest::TestScheduler,FUN_1800eb580,1800eb580,1800ec04a
\Sql\Picasso\engine\src\imbi\core\xmschedulertest.cxx,0x425,XMSchedulerTest::Ticket_CheckBasics,FUN_1800ecc00,1800ecc00,1800ed7f8
\Sql\Picasso\engine\src\imbi\core\xmschedulertest.cxx,0x452,XMSchedulerTest::Ticket_CheckBasics,FUN_1800ecc00,1800ecc00,1800ed7f8
\Sql\Picasso\engine\src\imbi\core\xmschedulertest.cxx,0x458,XMSchedulerTest::Ticket_CheckBasics,FUN_1800ecc00,1800ecc00,1800ed7f8
\Sql\Picasso\engine\src\imbi\core\xmschedulertest.cxx,0x45e,XMSchedulerTest::Ticket_CheckBasics,FUN_1800ecc00,1800ecc00,1800ed7f8
\Sql\Picasso\engine\src\imbi\core\xmschedulertest.cxx,0x477,XMSchedulerTest::Ticket_CheckBasics,FUN_1800ecc00,1800ecc00,1800ed7f8
\Sql\Picasso\engine\src\imbi\core\xmschedulertest.cxx,0x4af,XMSchedulerTest::Ticket_CheckBasics,FUN_1800ecc00,1800ecc00,1800ed7f8
\Sql\Picasso\engine\src\imbi\core\xmschedulertest.cxx,0x4c3,XMSchedulerTest::Ticket_CheckBasics,FUN_1800ecc00,1800ecc00,1800ed7f8
\Sql\Picasso\engine\src\imbi\core\xmschedulertest.cxx,0x4d7,XMSchedulerTest::Ticket_CheckBasics,FUN_1800ecc00,1800ecc00,1800ed7f8
\Sql\Picasso\engine\src\imbi\core\xmschedulertest.cxx,0x4fc,XMSchedulerTest::Ticket_CheckBasics,FUN_1800ecc00,1800ecc00,1800ed7f8
\Sql\Picasso\engine\src\imbi\core\xmschedulertest.cxx,0x52c,XMSchedulerTest::Ticket_CheckBasics,FUN_1800ecc00,1800ecc00,1800ed7f8
\Sql\Picasso\engine\src\imbi\core\xmschedulertest.cxx,0x532,XMSchedulerTest::Ticket_CheckBasics,FUN_1800ecc00,1800ecc00,1800ed7f8
\Sql\Picasso\engine\src\imbi\core\xmschedulertest.cxx,0x542,XMSchedulerTest::Ticket_CheckBasics,FUN_1800ecc00,1800ecc00,1800ed7f8
\Sql\Picasso\engine\src\imbi\core\xmschedulertest.cxx,0x56e,XMSchedulerTest::Ticket_CheckBasics,FUN_1800ecc00,1800ecc00,1800ed7f8
\Sql\Picasso\engine\src\imbi\core\xmschedulertest.cxx,0x55f,XMSchedulerTest::Ticket_CheckBasics,FUN_1800ecc00,1800ecc00,1800ed7f8
\Sql\Picasso\engine\src\imbi\core\xmschedulertest.cxx,0x559,XMSchedulerTest::Ticket_CheckBasics,FUN_1800ecc00,1800ecc00,1800ed7f8
\Sql\Picasso\engine\src\imbi\core\xmschedulertest.cxx,0x552,XMSchedulerTest::Ticket_CheckBasics,FUN_1800ecc00,1800ecc00,1800ed7f8
\Sql\Picasso\engine\src\imbi\core\xmschedulertest.cxx,0x526,XMSchedulerTest::Ticket_CheckBasics,FUN_1800ecc00,1800ecc00,1800ed7f8
\Sql\Picasso\engine\src\imbi\core\xmschedulertest.cxx,0x518,XMSchedulerTest::Ticket_CheckBasics,FUN_1800ecc00,1800ecc00,1800ed7f8
\Sql\Picasso\engine\src\imbi\core\xmschedulertest.cxx,0x50a,XMSchedulerTest::Ticket_CheckBasics,FUN_1800ecc00,1800ecc00,1800ed7f8
\Sql\Picasso\engine\src\imbi\core\xmschedulertest.cxx,0x4f6,XMSchedulerTest::Ticket_CheckBasics,FUN_1800ecc00,1800ecc00,1800ed7f8
\Sql\Picasso\engine\src\imbi\core\xmschedulertest.cxx,0x50a,XMSchedulerTest::Ticket_CheckBasics,FUN_1800ecc00,1800ecc00,1800ed7f8
\Sql\Picasso\engine\src\imbi\core\xmschedulertest.cxx,0x4ee,XMSchedulerTest::Ticket_CheckBasics,FUN_1800ecc00,1800ecc00,1800ed7f8
\Sql\Picasso\engine\src\imbi\core\xmschedulertest.cxx,0x4e7,XMSchedulerTest::Ticket_CheckBasics,FUN_1800ecc00,1800ecc00,1800ed7f8
\Sql\Picasso\engine\src\imbi\core\xmschedulertest.cxx,0x4d1,XMSchedulerTest::Ticket_CheckBasics,FUN_1800ecc00,1800ecc00,1800ed7f8
\Sql\Picasso\engine\src\imbi\core\xmschedulertest.cxx,0x4bd,XMSchedulerTest::Ticket_CheckBasics,FUN_1800ecc00,1800ecc00,1800ed7f8
\Sql\Picasso\engine\src\imbi\core\xmschedulertest.cxx,0x4a9,XMSchedulerTest::Ticket_CheckBasics,FUN_1800ecc00,1800ecc00,1800ed7f8
\Sql\Picasso\engine\src\imbi\core\xmschedulertest.cxx,0x49b,XMSchedulerTest::Ticket_CheckBasics,FUN_1800ecc00,1800ecc00,1800ed7f8
\Sql\Picasso\engine\src\imbi\core\xmschedulertest.cxx,0x488,XMSchedulerTest::Ticket_CheckBasics,FUN_1800ecc00,1800ecc00,1800ed7f8
\Sql\Picasso\engine\src\imbi\core\xmschedulertest.cxx,0x471,XMSchedulerTest::Ticket_CheckBasics,FUN_1800ecc00,1800ecc00,1800ed7f8
\Sql\Picasso\engine\src\imbi\core\xmschedulertest.cxx,0x446,XMSchedulerTest::Ticket_CheckBasics,FUN_1800ecc00,1800ecc00,1800ed7f8
\Sql\Picasso\engine\src\imbi\core\xmschedulertest.cxx,0x433,XMSchedulerTest::Ticket_CheckBasics,FUN_1800ecc00,1800ecc00,1800ed7f8
\Sql\Picasso\engine\src\imbi\core\xmschedulertest.cxx,0x42c,XMSchedulerTest::Ticket_CheckBasics,FUN_1800ecc00,1800ecc00,1800ed7f8
\Sql\Picasso\engine\src\imbi\core\xmschedulertest.cxx,0x838,XMSchedulerTest::XMJobTest::Init,FUN_1800f0860,1800f0860,1800f225c
\Sql\Picasso\engine\src\imbi\core\xmschedulertest.cxx,0x919,XMSchedulerTest::XMJobTest::Init,FUN_1800f0860,1800f0860,1800f225c
\Sql\Picasso\engine\src\imbi\core\xmschedulertest.cxx,0xa20,XMSchedulerTest::XMJobTest::Run,FUN_1800f2560,1800f2560,1800f2aa0
\Sql\Picasso\engine\src\imbi\core\xmschedulertest.cxx,0xac8,XMSchedulerTest::XMJobTest::Validate,FUN_1800f2c60,1800f2c60,1800f2f9e
\Sql\Picasso\engine\src\imbi\core\xmschedulertest.cxx,0xad8,XMSchedulerTest::XMJobTest::Validate,FUN_1800f2c60,1800f2c60,1800f2f9e
\Sql\Picasso\engine\src\imbi\core\xmschedulertest.cxx,0xade,XMSchedulerTest::XMJobTest::Validate,FUN_1800f2c60,1800f2c60,1800f2f9e
\Sql\Picasso\engine\src\imbi\core\xmschedulertest.cxx,0xae4,XMSchedulerTest::XMJobTest::Validate,FUN_1800f2c60,1800f2c60,1800f2f9e
\Sql\Picasso\engine\src\imbi\core\xmschedulertest.cxx,0xaea,XMSchedulerTest::XMJobTest::Validate,FUN_1800f2c60,1800f2c60,1800f2f9e
\Sql\Picasso\engine\src\imbi\core\xmschedulertest.cxx,0xb23,XMSchedulerTest::XMJobTest::Validate,FUN_1800f2c60,1800f2c60,1800f2f9e
\Sql\Picasso\engine\src\imbi\core\xmschedulertest.cxx,0xaf2,XMSchedulerTest::XMJobTest::Validate,FUN_1800f2c60,1800f2c60,1800f2f9e
\Sql\Picasso\engine\src\imbi\core\xmschedulertest.cxx,0xafa,XMSchedulerTest::XMJobTest::Validate,FUN_1800f2c60,1800f2c60,1800f2f9e
\Sql\Picasso\engine\src\imbi\core\xmschedulertest.cxx,0xb00,XMSchedulerTest::XMJobTest::Validate,FUN_1800f2c60,1800f2c60,1800f2f9e
\Sql\Picasso\engine\src\imbi\core\xmschedulertest.cxx,0xb08,XMSchedulerTest::XMJobTest::Validate,FUN_1800f2c60,1800f2c60,1800f2f9e
\Sql\Picasso\engine\src\imbi\core\xmschedulertest.cxx,0xb0f,XMSchedulerTest::XMJobTest::Validate,FUN_1800f2c60,1800f2c60,1800f2f9e
\Sql\Picasso\engine\src\imbi\core\xmschedulertest.cxx,0xb15,XMSchedulerTest::XMJobTest::Validate,FUN_1800f2c60,1800f2c60,1800f2f9e
\Sql\Picasso\engine\src\imbi\core\xmschedulertest.cxx,0xb1b,XMSchedulerTest::XMJobTest::Validate,FUN_1800f2c60,1800f2c60,1800f2f9e
\Sql\Picasso\engine\src\imbi\core\xmschedulertest.cxx,0xa20,,FUN_1800f2560,1800f2560,1800f2aa0
\Sql\Picasso\engine\src\imbi\core\xmshortbiasqueue.cpp,0x278,XMShortBiasQueue::UpdateDequeueStats,FUN_1800ffcf0,1800ffcf0,1800fff8b
\Sql\Picasso\engine\src\imbi\core\xmshortbiasqueue.cpp,0x278,,FUN_1800ffcf0,1800ffcf0,1800fff8b
\Sql\Picasso\engine\src\imbi\core\xmtaskqueuebase.cpp,0xc0,XMISchedulerQueue::CreateRunnableQueue,FUN_1800faa00,1800faa00,1800fad1b
\Sql\Picasso\engine\src\imbi\core\xmtaskqueuebase.cpp,0x11b,XMISchedulerQueue::GetSchedulerPolicy,FUN_1800faa00,1800faa00,1800fad1b
\Sql\Picasso\engine\src\imbi\core\xmtasktbb.hpp,0x59,XMTaskArenaTBB<class XMJob>::DequeueImpl,FUN_1800fbdf0,1800fbdf0,1800fbdf4
\Sql\Picasso\engine\src\imbi\core\xmtasktbb.hpp,0x4f,XMTaskArenaTBB<class XMJob>::IsEmpty,FUN_1800fbe50,1800fbe50,1800fbe54
\Sql\Picasso\engine\src\imbi\core\xmtasktbb.hpp,0x59,,FUN_1800fbdf0,1800fbdf0,1800fbdf4
\Sql\Picasso\engine\src\imbi\core\xmtasktbb.hpp,0x4f,,FUN_1800fbe50,1800fbe50,1800fbe54
\Sql\Picasso\engine\src\imbi\core\xmthreadpool.cpp,0x7e,XMThreadPool::Init,FUN_1800f8c20,1800f8c20,1800f9140
\Sql\Picasso\engine\src\imbi\global\xmallocator.hpp,0x75,XMAlignDataAllocator::MemoryHolder,FUN_1800da420,1800da420,1800da435
\Sql\Picasso\engine\src\imbi\global\xmallocator.hpp,0xa3,XMAlignDataAllocatorInstrumented::MemoryHolder,FUN_1800daef0,1800daef0,1800daf05
\Sql\Picasso\engine\src\imbi\global\xmallocator.hpp,0x75,,FUN_1800da420,1800da420,1800da435
\Sql\Picasso\engine\src\imbi\global\xmallocator.hpp,0xa3,,FUN_1800daef0,1800daef0,1800daf05
\Sql\Picasso\engine\src\imbi\global\xmtypes.inl,0x3c,XMTypeUtilities::XMType,FUN_180515e90,1.81E+95,180515f63
\Sql\Picasso\engine\src\imbi\global\xmtypes.inl,0x3c,,FUN_180515e90,1.81E+95,180515f63
\Sql\Picasso\Engine\src\imbi\imbishared\parquet_file.hpp,0x132,ParquetFileWriter::FileMetadata,FUN_1804a63e0,1804a63e0,1804a6be8
\Sql\Picasso\engine\src\imbi\intf\xmintfimpl.cpp,0x57,XMImplGlobalManager::CreateServer,FUN_1800db200,1800db200,1800db239
\Sql\Picasso\engine\src\imbi\intf\xmintfimpl.cpp,0x11b,XMImplTest::GetSubTestCount,FUN_1800db6d0,1800db6d0,1800db6fd
\Sql\Picasso\engine\src\imbi\intf\xmintfimpl.cpp,0x107,XMImplTest::GetTestIndex,FUN_1800db650,1800db650,1800db667
\Sql\Picasso\engine\src\imbi\intf\xmintfimpl.cpp,0xee,XMImplTest::GetTestName,FUN_1800db5c0,1800db5c0,1800db5ed
\Sql\Picasso\engine\src\imbi\intf\xmintfimpl.cpp,0xdb,XMImplTest::Init,FUN_1800db540,1800db540,1800db55c
\Sql\Picasso\engine\src\imbi\intf\xmintfimpl.cpp,0xb1,XMImplTestEngine::GetTest,FUN_1800db370,1800db370,1800db445
\Sql\Picasso\engine\src\imbi\intf\xmintfimpl.cpp,0xb5,XMImplTestEngine::GetTest,FUN_1800db370,1800db370,1800db445
\Sql\Picasso\engine\src\imbi\intf\xmintfimpl.cpp,0x57,,FUN_1800db200,1800db200,1800db239
\Sql\Picasso\engine\src\imbi\intf\xmintfimpl.cpp,0xdb,,FUN_1800db540,1800db540,1800db55c
\Sql\Picasso\engine\src\imbi\intf\xmintfimpl.cpp,0xee,,FUN_1800db5c0,1800db5c0,1800db5ed
\Sql\Picasso\engine\src\imbi\intf\xmintfimpl.cpp,0x107,,FUN_1800db650,1800db650,1800db667
\Sql\Picasso\engine\src\imbi\intf\xmintfimpl.cpp,0x11b,,FUN_1800db6d0,1800db6d0,1800db6fd
\Sql\Picasso\engine\src\imbi\metadata\xmmergepartitions.cpp,0x152,XMMergePartitionsHelpers::OneColumnSegmentsDataIdsReader::Init,FUN_180f782d0,180f782d0,180f7835e
\Sql\Picasso\engine\src\imbi\metadata\xmmergepartitions.cpp,0x2ed,XMMergePartitionsHelpers::Progress::CreateReader,FUN_180f794c0,180f794c0,180f79a33
\Sql\Picasso\engine\src\imbi\metadata\xmmergepartitions.cpp,0x2cb,XMMergePartitionsHelpers::Progress::Init,FUN_180f79150,180f79150,180f792c6
\Sql\Picasso\engine\src\imbi\metadata\xmmergepartitions.cpp,0x2cc,XMMergePartitionsHelpers::Progress::Init,FUN_180f79150,180f79150,180f792c6
\Sql\Picasso\engine\src\imbi\metadata\xmmergepartitions.cpp,0x85,XMMergePartitionsHelpers::Registry::Init,FUN_180f77d00,180f77d00,180f77f9e
\Sql\Picasso\engine\src\imbi\metadata\xmmergepartitions.cpp,499,XMMergePartitionsHelpers::SegmentsValuesReader::Init,FUN_180f78700,180f78700,180f78ba3
\Sql\Picasso\engine\src\imbi\metadata\xmmergepartitions.cpp,0x266,XMMergePartitionsHelpers::SegmentsValuesReader::Next,FUN_180f78d20,180f78d20,180f78f6a
\Sql\Picasso\engine\src\imbi\metadata\xmmergepartitions.cpp,0x282,XMMergePartitionsHelpers::SegmentsValuesReader::Next,FUN_180f78d20,180f78d20,180f78f6a
\Sql\Picasso\engine\src\imbi\metadata\xmmergepartitions.cpp,0x26e,XMMergePartitionsHelpers::SegmentsValuesReader::Next,FUN_180f78d20,180f78d20,180f78f6a
\Sql\Picasso\engine\src\imbi\metadata\xmmergepartitions.cpp,0x29,XMSchemaMgr::BeginMergePartitions,FUN_180f77700,180f77700,180f77ad7
\Sql\Picasso\engine\src\imbi\metadata\xmmergepartitions.cpp,0x2d,XMSchemaMgr::BeginMergePartitions,FUN_180f77700,180f77700,180f77ad7
\Sql\Picasso\engine\src\imbi\metadata\xmmergepartitions.cpp,0x30,XMSchemaMgr::BeginMergePartitions,FUN_180f77700,180f77700,180f77ad7
\Sql\Picasso\engine\src\imbi\metadata\xmmergepartitions.cpp,0x34,XMSchemaMgr::BeginMergePartitions,FUN_180f77700,180f77700,180f77ad7
\Sql\Picasso\engine\src\imbi\metadata\xmmergepartitions.cpp,0x38,XMSchemaMgr::BeginMergePartitions,FUN_180f77700,180f77700,180f77ad7
\Sql\Picasso\engine\src\imbi\metadata\xmmergepartitions.cpp,0x36d,XMSchemaMgr::BeginMergePartitionsInternal,FUN_180f794c0,180f794c0,180f79a33
\Sql\Picasso\engine\src\imbi\metadata\xmmergepartitions.cpp,0x33f,XMSchemaMgr::BeginMergePartitionsInternal,FUN_180f794c0,180f794c0,180f79a33
\Sql\Picasso\engine\src\imbi\metadata\xmmergepartitions.cpp,0x3a2,XMSchemaMgr::EndMergePartitionsInternal,FUN_180f79b40,180f79b40,180f7a15c
\Sql\Picasso\engine\src\imbi\metadata\xmmergepartitions.cpp,0x3a5,XMSchemaMgr::EndMergePartitionsInternal,FUN_180f79b40,180f79b40,180f7a15c
\Sql\Picasso\engine\src\imbi\metadata\xmmergepartitions.cpp,0x3a8,XMSchemaMgr::EndMergePartitionsInternal,FUN_180f79b40,180f79b40,180f7a15c
\Sql\Picasso\engine\src\imbi\metadata\xmmergepartitions.cpp,0x3ab,XMSchemaMgr::EndMergePartitionsInternal,FUN_180f79b40,180f79b40,180f7a15c
\Sql\Picasso\engine\src\imbi\metadata\xmmergepartitions.cpp,0x3b6,XMSchemaMgr::EndMergePartitionsInternal,FUN_180f79b40,180f79b40,180f7a15c
\Sql\Picasso\engine\src\imbi\metadata\xmmergepartitions.cpp,0x3b6,XMSchemaMgr::EndMergePartitionsInternal,FUN_180f79b40,180f79b40,180f7a15c
\Sql\Picasso\engine\src\imbi\metadata\xmmergepartitions.cpp,0x3d7,XMSchemaMgr::EndMergePartitionsInternal,FUN_180f79b40,180f79b40,180f7a15c
\Sql\Picasso\engine\src\imbi\metadata\xmmergepartitions.cpp,0x85,,FUN_180f77d00,180f77d00,180f77f9e
\Sql\Picasso\engine\src\imbi\metadata\xmmergepartitions.cpp,0x266,,FUN_180f78d20,180f78d20,180f78f6a
\Sql\Picasso\engine\src\imbi\metadata\xmmergepartitions.cpp,0x26e,,FUN_180f78d20,180f78d20,180f78f6a
\Sql\Picasso\engine\src\imbi\metadata\xmmergepartitions.cpp,0x2cb,,FUN_180f79150,180f79150,180f792c6
\Sql\Picasso\engine\src\imbi\metadata\xmmergepartitions.cpp,0x2cc,,FUN_180f79150,180f79150,180f792c6
\Sql\Picasso\engine\src\imbi\metadata\xmmetadatatest.cxx,0x546,XMMetadataTest::AutoRenameAllObjectsInSchema,FUN_180f3e960,180f3e960,180f3f167
\Sql\Picasso\engine\src\imbi\metadata\xmmetadatatest.cxx,0x548,XMMetadataTest::AutoRenameAllObjectsInSchema,FUN_180f3e960,180f3e960,180f3f167
\Sql\Picasso\engine\src\imbi\metadata\xmmetadatatest.cxx,0x546,XMMetadataTest::AutoRenameAllObjectsInSchema,FUN_180f3e960,180f3e960,180f3f167
\Sql\Picasso\engine\src\imbi\metadata\xmmetadatatest.cxx,0x559,XMMetadataTest::AutoRenameAllObjectsInSchema,FUN_180f3e960,180f3e960,180f3f167
\Sql\Picasso\engine\src\imbi\metadata\xmmetadatatest.cxx,0x54b,XMMetadataTest::AutoRenameAllObjectsInSchema,FUN_180f3e960,180f3e960,180f3f167
\Sql\Picasso\engine\src\imbi\metadata\xmmetadatatest.cxx,0x563,XMMetadataTest::AutoRenameAllObjectsInSchema,FUN_180f3e960,180f3e960,180f3f167
\Sql\Picasso\engine\src\imbi\metadata\xmmetadatatest.cxx,0x51f,XMMetadataTest::ChangeDummyStorageColumn,FUN_180f3e740,180f3e740,180f3e8ed
\Sql\Picasso\engine\src\imbi\metadata\xmmetadatatest.cxx,0x4cd,XMMetadataTest::CreateDummyStorageTable,FUN_180f3fc10,180f3fc10,180f3ffad
\Sql\Picasso\engine\src\imbi\metadata\xmmetadatatest.cxx,0x4ce,XMMetadataTest::CreateDummyStorageTable,FUN_180f3fc10,180f3fc10,180f3ffad
\Sql\Picasso\engine\src\imbi\metadata\xmmetadatatest.cxx,0x4cf,XMMetadataTest::CreateDummyStorageTable,FUN_180f3fc10,180f3fc10,180f3ffad
\Sql\Picasso\engine\src\imbi\metadata\xmmetadatatest.cxx,0x4de,XMMetadataTest::CreateDummyStorageTable,FUN_180f3fc10,180f3fc10,180f3ffad
\Sql\Picasso\engine\src\imbi\metadata\xmmetadatatest.cxx,0x4cc,XMMetadataTest::CreateDummyStorageTable,FUN_180f3fc10,180f3fc10,180f3ffad
\Sql\Picasso\engine\src\imbi\metadata\xmmetadatatest.cxx,0x4ce,XMMetadataTest::CreateDummyStorageTable,FUN_180f40160,180f40160,180f404ef
\Sql\Picasso\engine\src\imbi\metadata\xmmetadatatest.cxx,0x4cf,XMMetadataTest::CreateDummyStorageTable,FUN_180f40160,180f40160,180f404ef
\Sql\Picasso\engine\src\imbi\metadata\xmmetadatatest.cxx,0x4de,XMMetadataTest::CreateDummyStorageTable,FUN_180f40160,180f40160,180f404ef
\Sql\Picasso\engine\src\imbi\metadata\xmmetadatatest.cxx,0x4cc,XMMetadataTest::CreateDummyStorageTable,FUN_180f40160,180f40160,180f404ef
\Sql\Picasso\engine\src\imbi\metadata\xmmetadatatest.cxx,0x4ce,XMMetadataTest::CreateDummyStorageTable,FUN_180f40650,180f40650,180f409df
\Sql\Picasso\engine\src\imbi\metadata\xmmetadatatest.cxx,0x4cf,XMMetadataTest::CreateDummyStorageTable,FUN_180f40650,180f40650,180f409df
\Sql\Picasso\engine\src\imbi\metadata\xmmetadatatest.cxx,0x4de,XMMetadataTest::CreateDummyStorageTable,FUN_180f40650,180f40650,180f409df
\Sql\Picasso\engine\src\imbi\metadata\xmmetadatatest.cxx,0x4cc,XMMetadataTest::CreateDummyStorageTable,FUN_180f40650,180f40650,180f409df
\Sql\Picasso\engine\src\imbi\metadata\xmmetadatatest.cxx,0x4ce,XMMetadataTest::CreateDummyStorageTable,FUN_180f40b40,180f40b40,180f40ecf
\Sql\Picasso\engine\src\imbi\metadata\xmmetadatatest.cxx,0x4cf,XMMetadataTest::CreateDummyStorageTable,FUN_180f40b40,180f40b40,180f40ecf
\Sql\Picasso\engine\src\imbi\metadata\xmmetadatatest.cxx,0x4de,XMMetadataTest::CreateDummyStorageTable,FUN_180f40b40,180f40b40,180f40ecf
\Sql\Picasso\engine\src\imbi\metadata\xmmetadatatest.cxx,0x4cc,XMMetadataTest::CreateDummyStorageTable,FUN_180f40b40,180f40b40,180f40ecf
\Sql\Picasso\engine\src\imbi\metadata\xmmetadatatest.cxx,0x4ce,XMMetadataTest::CreateDummyStorageTable,FUN_180f41030,180f41030,180f413cf
\Sql\Picasso\engine\src\imbi\metadata\xmmetadatatest.cxx,0x4cf,XMMetadataTest::CreateDummyStorageTable,FUN_180f41030,180f41030,180f413cf
\Sql\Picasso\engine\src\imbi\metadata\xmmetadatatest.cxx,0x4de,XMMetadataTest::CreateDummyStorageTable,FUN_180f41030,180f41030,180f413cf
\Sql\Picasso\engine\src\imbi\metadata\xmmetadatatest.cxx,0x4cc,XMMetadataTest::CreateDummyStorageTable,FUN_180f41030,180f41030,180f413cf
\Sql\Picasso\engine\src\imbi\metadata\xmmetadatatest.cxx,0x4a6,XMMetadataTest::CreateEmptySchema,FUN_180f3e4f0,180f3e4f0,180f3e63f
\Sql\Picasso\engine\src\imbi\metadata\xmmetadatatest.cxx,0x4a8,XMMetadataTest::CreateEmptySchema,FUN_180f3e4f0,180f3e4f0,180f3e63f
\Sql\Picasso\engine\src\imbi\metadata\xmmetadatatest.cxx,0x4a7,XMMetadataTest::CreateEmptySchema,FUN_180f3e4f0,180f3e4f0,180f3e63f
\Sql\Picasso\engine\src\imbi\metadata\xmmetadatatest.cxx,0x3f1,XMMetadataTest::MetadataCreateColumn,FUN_180f3d570,180f3d570,180f3d9e8
\Sql\Picasso\engine\src\imbi\metadata\xmmetadatatest.cxx,0x3f6,XMMetadataTest::MetadataCreateColumn,FUN_180f3d570,180f3d570,180f3d9e8
\Sql\Picasso\engine\src\imbi\metadata\xmmetadatatest.cxx,0x3f7,XMMetadataTest::MetadataCreateColumn,FUN_180f3d570,180f3d570,180f3d9e8
\Sql\Picasso\engine\src\imbi\metadata\xmmetadatatest.cxx,0x3fd,XMMetadataTest::MetadataCreateColumn,FUN_180f3d570,180f3d570,180f3d9e8
\Sql\Picasso\engine\src\imbi\metadata\xmmetadatatest.cxx,0x3fe,XMMetadataTest::MetadataCreateColumn,FUN_180f3d570,180f3d570,180f3d9e8
\Sql\Picasso\engine\src\imbi\metadata\xmmetadatatest.cxx,0x3ff,XMMetadataTest::MetadataCreateColumn,FUN_180f3d570,180f3d570,180f3d9e8
\Sql\Picasso\engine\src\imbi\metadata\xmmetadatatest.cxx,0x410,XMMetadataTest::MetadataCreateColumn,FUN_180f3d570,180f3d570,180f3d9e8
\Sql\Picasso\engine\src\imbi\metadata\xmmetadatatest.cxx,0x3ee,XMMetadataTest::MetadataCreateColumn,FUN_180f3d570,180f3d570,180f3d9e8
\Sql\Picasso\engine\src\imbi\metadata\xmmetadatatest.cxx,0x408,XMMetadataTest::MetadataCreateColumn,FUN_180f3d570,180f3d570,180f3d9e8
\Sql\Picasso\engine\src\imbi\metadata\xmmetadatatest.cxx,0x40f,XMMetadataTest::MetadataCreateColumn,FUN_180f3d570,180f3d570,180f3d9e8
\Sql\Picasso\engine\src\imbi\metadata\xmmetadatatest.cxx,0x38e,XMMetadataTest::MetadataCreateTable,FUN_180f3c9a0,180f3c9a0,180f3cdd9
\Sql\Picasso\engine\src\imbi\metadata\xmmetadatatest.cxx,0x393,XMMetadataTest::MetadataCreateTable,FUN_180f3c9a0,180f3c9a0,180f3cdd9
\Sql\Picasso\engine\src\imbi\metadata\xmmetadatatest.cxx,0x394,XMMetadataTest::MetadataCreateTable,FUN_180f3c9a0,180f3c9a0,180f3cdd9
\Sql\Picasso\engine\src\imbi\metadata\xmmetadatatest.cxx,0x396,XMMetadataTest::MetadataCreateTable,FUN_180f3c9a0,180f3c9a0,180f3cdd9
\Sql\Picasso\engine\src\imbi\metadata\xmmetadatatest.cxx,0x398,XMMetadataTest::MetadataCreateTable,FUN_180f3c9a0,180f3c9a0,180f3cdd9
\Sql\Picasso\engine\src\imbi\metadata\xmmetadatatest.cxx,0x399,XMMetadataTest::MetadataCreateTable,FUN_180f3c9a0,180f3c9a0,180f3cdd9
\Sql\Picasso\engine\src\imbi\metadata\xmmetadatatest.cxx,0x39a,XMMetadataTest::MetadataCreateTable,FUN_180f3c9a0,180f3c9a0,180f3cdd9
\Sql\Picasso\engine\src\imbi\metadata\xmmetadatatest.cxx,0x3a1,XMMetadataTest::MetadataCreateTable,FUN_180f3c9a0,180f3c9a0,180f3cdd9
\Sql\Picasso\engine\src\imbi\metadata\xmmetadatatest.cxx,0x388,XMMetadataTest::MetadataCreateTable,FUN_180f3c9a0,180f3c9a0,180f3cdd9
\Sql\Picasso\engine\src\imbi\metadata\xmmetadatatest.cxx,0x3a6,XMMetadataTest::MetadataCreateTable,FUN_180f3c9a0,180f3c9a0,180f3cdd9
\Sql\Picasso\engine\src\imbi\metadata\xmmetadatatest.cxx,0x3a6,XMMetadataTest::MetadataCreateTable,FUN_180f3c9a0,180f3c9a0,180f3cdd9
\Sql\Picasso\engine\src\imbi\metadata\xmmetadatatest.cxx,0x3a4,XMMetadataTest::MetadataCreateTable,FUN_180f3c9a0,180f3c9a0,180f3cdd9
\Sql\Picasso\engine\src\imbi\metadata\xmmetadatatest.cxx,0x434,XMMetadataTest::MetadataDropColumn,FUN_180f3dd50,180f3dd50,180f3e009
\Sql\Picasso\engine\src\imbi\metadata\xmmetadatatest.cxx,0x435,XMMetadataTest::MetadataDropColumn,FUN_180f3dd50,180f3dd50,180f3e009
\Sql\Picasso\engine\src\imbi\metadata\xmmetadatatest.cxx,0x43a,XMMetadataTest::MetadataDropColumn,FUN_180f3dd50,180f3dd50,180f3e009
\Sql\Picasso\engine\src\imbi\metadata\xmmetadatatest.cxx,0x43a,XMMetadataTest::MetadataDropColumn,FUN_180f3dd50,180f3dd50,180f3e009
\Sql\Picasso\engine\src\imbi\metadata\xmmetadatatest.cxx,0x441,XMMetadataTest::MetadataDropColumn,FUN_180f3dd50,180f3dd50,180f3e009
\Sql\Picasso\engine\src\imbi\metadata\xmmetadatatest.cxx,0x442,XMMetadataTest::MetadataDropColumn,FUN_180f3dd50,180f3dd50,180f3e009
\Sql\Picasso\engine\src\imbi\metadata\xmmetadatatest.cxx,0x42f,XMMetadataTest::MetadataDropColumn,FUN_180f3dd50,180f3dd50,180f3e009
\Sql\Picasso\engine\src\imbi\metadata\xmmetadatatest.cxx,0x447,XMMetadataTest::MetadataDropColumn,FUN_180f3dd50,180f3dd50,180f3e009
\Sql\Picasso\engine\src\imbi\metadata\xmmetadatatest.cxx,0x44e,XMMetadataTest::MetadataDropColumn,FUN_180f3dd50,180f3dd50,180f3e009
\Sql\Picasso\engine\src\imbi\metadata\xmmetadatatest.cxx,0x44e,XMMetadataTest::MetadataDropColumn,FUN_180f3dd50,180f3dd50,180f3e009
\Sql\Picasso\engine\src\imbi\metadata\xmmetadatatest.cxx,0x44d,XMMetadataTest::MetadataDropColumn,FUN_180f3dd50,180f3dd50,180f3e009
\Sql\Picasso\engine\src\imbi\metadata\xmmetadatatest.cxx,0x3c2,XMMetadataTest::MetadataDropTable,FUN_180f3d190,180f3d190,180f3d416
\Sql\Picasso\engine\src\imbi\metadata\xmmetadatatest.cxx,0x3c8,XMMetadataTest::MetadataDropTable,FUN_180f3d190,180f3d190,180f3d416
\Sql\Picasso\engine\src\imbi\metadata\xmmetadatatest.cxx,0x3ce,XMMetadataTest::MetadataDropTable,FUN_180f3d190,180f3d190,180f3d416
\Sql\Picasso\engine\src\imbi\metadata\xmmetadatatest.cxx,0x3cf,XMMetadataTest::MetadataDropTable,FUN_180f3d190,180f3d190,180f3d416
\Sql\Picasso\engine\src\imbi\metadata\xmmetadatatest.cxx,0x669,XMMetadataTest::TestBasicMemoryReporting,FUN_180f3f320,180f3f320,180f3fa80
\Sql\Picasso\engine\src\imbi\metadata\xmmetadatatest.cxx,0x33a,XMMetadataTest::TestCreateAndDropColumns,FUN_180f3b150,180f3b150,180f3c947
\Sql\Picasso\engine\src\imbi\metadata\xmmetadatatest.cxx,0x2da,XMMetadataTest::TestCreateAndDropRelationships,FUN_180f3a4c0,180f3a4c0,180f3a98a
\Sql\Picasso\engine\src\imbi\metadata\xmmetadatatest.cxx,0x299,XMMetadataTest::TestCreateAndDropTable,FUN_180f39600,180f39600,180f3a464
\Sql\Picasso\engine\src\imbi\metadata\xmmetadatatest.cxx,0x238,XMMetadataTest::TestFindByName,FUN_180f38680,180f38680,180f393a1
\Sql\Picasso\engine\src\imbi\metadata\xmmetadatatest.cxx,0x243,XMMetadataTest::TestFindByName,FUN_180f38680,180f38680,180f393a1
\Sql\Picasso\engine\src\imbi\metadata\xmmetadatatest.cxx,0x25e,XMMetadataTest::TestFindByName,FUN_180f38680,180f38680,180f393a1
\Sql\Picasso\engine\src\imbi\metadata\xmmetadatatest.cxx,0x275,XMMetadataTest::TestFindByName,FUN_180f38680,180f38680,180f393a1
\Sql\Picasso\engine\src\imbi\metadata\xmmetadatatest.cxx,0x275,XMMetadataTest::TestFindByName,FUN_180f38680,180f38680,180f393a1
\Sql\Picasso\engine\src\imbi\metadata\xmmetadatatest.cxx,0x27c,XMMetadataTest::TestFindByName,FUN_180f38680,180f38680,180f393a1
\Sql\Picasso\engine\src\imbi\metadata\xmmetadatatest.cxx,0x266,XMMetadataTest::TestFindByName,FUN_180f38680,180f38680,180f393a1
\Sql\Picasso\engine\src\imbi\metadata\xmmetadatatest.cxx,0x268,XMMetadataTest::TestFindByName,FUN_180f38680,180f38680,180f393a1
\Sql\Picasso\engine\src\imbi\metadata\xmmetadatatest.cxx,0x27d,XMMetadataTest::TestFindByName,FUN_180f38680,180f38680,180f393a1
\Sql\Picasso\engine\src\imbi\metadata\xmmetadatatest.cxx,0x27e,XMMetadataTest::TestFindByName,FUN_180f38680,180f38680,180f393a1
\Sql\Picasso\engine\src\imbi\metadata\xmmetadatatest.cxx,0x27f,XMMetadataTest::TestFindByName,FUN_180f38680,180f38680,180f393a1
\Sql\Picasso\engine\src\imbi\metadata\xmmetadatatest.cxx,0x280,XMMetadataTest::TestFindByName,FUN_180f38680,180f38680,180f393a1
\Sql\Picasso\engine\src\imbi\metadata\xmmetadatatestddl.cxx,0x17e,XMMetadataTestDDL::AddExistingColumn,FUN_180f2b320,180f2b320,180f2ba8e
\Sql\Picasso\engine\src\imbi\metadata\xmmetadatatestddl.cxx,0x19a,XMMetadataTestDDL::AddExistingColumn,FUN_180f2b320,180f2b320,180f2ba8e
\Sql\Picasso\engine\src\imbi\metadata\xmmetadatatestddl.cxx,0x17f,XMMetadataTestDDL::AddExistingColumn,FUN_180f2b320,180f2b320,180f2ba8e
\Sql\Picasso\engine\src\imbi\metadata\xmmetadatatestddl.cxx,0x1d3,XMMetadataTestDDL::AddRetrieveColumn,FUN_180f2bb90,180f2bb90,180f2c7d5
\Sql\Picasso\engine\src\imbi\metadata\xmmetadatatestddl.cxx,0x1d3,XMMetadataTestDDL::AddRetrieveColumn,FUN_180f2bb90,180f2bb90,180f2c7d5
\Sql\Picasso\engine\src\imbi\metadata\xmmetadatatestddl.cxx,0x1e7,XMMetadataTestDDL::AddRetrieveColumn,FUN_180f2bb90,180f2bb90,180f2c7d5
\Sql\Picasso\engine\src\imbi\metadata\xmmetadatatestddl.cxx,0x23b,XMMetadataTestDDL::AddRetrieveColumn,FUN_180f2bb90,180f2bb90,180f2c7d5
\Sql\Picasso\engine\src\imbi\metadata\xmmetadatatestddl.cxx,0x202,XMMetadataTestDDL::AddRetrieveColumn,FUN_180f2bb90,180f2bb90,180f2c7d5
\Sql\Picasso\engine\src\imbi\metadata\xmmetadatatestddl.cxx,0x203,XMMetadataTestDDL::AddRetrieveColumn,FUN_180f2bb90,180f2bb90,180f2c7d5
\Sql\Picasso\engine\src\imbi\metadata\xmmetadatatestddl.cxx,0x23a,XMMetadataTestDDL::AddRetrieveColumn,FUN_180f2bb90,180f2bb90,180f2c7d5
\Sql\Picasso\engine\src\imbi\metadata\xmmetadatatestddl.cxx,0x28c,XMMetadataTestDDL::AddRetrieveTable,FUN_180f2c880,180f2c880,180f2cb6f
\Sql\Picasso\engine\src\imbi\metadata\xmmetadatatestddl.cxx,0x92,XMMetadataTestDDL::CreateDefaultSchema,FUN_180f29f50,180f29f50,180f2a096
\Sql\Picasso\engine\src\imbi\metadata\xmmetadatatestddl.cxx,0x94,XMMetadataTestDDL::CreateDefaultSchema,FUN_180f29f50,180f29f50,180f2a096
\Sql\Picasso\engine\src\imbi\metadata\xmmetadatatestddl.cxx,0x93,XMMetadataTestDDL::CreateDefaultSchema,FUN_180f29f50,180f29f50,180f2a096
\Sql\Picasso\engine\src\imbi\metadata\xmmetadatatestddl.cxx,0x67e,XMMetadataTestDDL::CreateEverythingWSameName,FUN_180f31840,180f31840,180f32d4c
\Sql\Picasso\engine\src\imbi\metadata\xmmetadatatestddl.cxx,0x699,XMMetadataTestDDL::CreateEverythingWSameName,FUN_180f31840,180f31840,180f32d4c
\Sql\Picasso\engine\src\imbi\metadata\xmmetadatatestddl.cxx,0x699,XMMetadataTestDDL::CreateEverythingWSameName,FUN_180f31840,180f31840,180f32d4c
\Sql\Picasso\engine\src\imbi\metadata\xmmetadatatestddl.cxx,0x6aa,XMMetadataTestDDL::CreateEverythingWSameName,FUN_180f31840,180f31840,180f32d4c
\Sql\Picasso\engine\src\imbi\metadata\xmmetadatatestddl.cxx,0x6a2,XMMetadataTestDDL::CreateEverythingWSameName,FUN_180f31840,180f31840,180f32d4c
\Sql\Picasso\engine\src\imbi\metadata\xmmetadatatestddl.cxx,0x6a3,XMMetadataTestDDL::CreateEverythingWSameName,FUN_180f31840,180f31840,180f32d4c
\Sql\Picasso\engine\src\imbi\metadata\xmmetadatatestddl.cxx,0x6a4,XMMetadataTestDDL::CreateEverythingWSameName,FUN_180f31840,180f31840,180f32d4c
\Sql\Picasso\engine\src\imbi\metadata\xmmetadatatestddl.cxx,0x6a8,XMMetadataTestDDL::CreateEverythingWSameName,FUN_180f31840,180f31840,180f32d4c
\Sql\Picasso\engine\src\imbi\metadata\xmmetadatatestddl.cxx,0x6a9,XMMetadataTestDDL::CreateEverythingWSameName,FUN_180f31840,180f31840,180f32d4c
\Sql\Picasso\engine\src\imbi\metadata\xmmetadatatestddl.cxx,0x67f,XMMetadataTestDDL::CreateEverythingWSameName,FUN_180f31840,180f31840,180f32d4c
\Sql\Picasso\engine\src\imbi\metadata\xmmetadatatestddl.cxx,0x686,XMMetadataTestDDL::CreateEverythingWSameName,FUN_180f31840,180f31840,180f32d4c
\Sql\Picasso\engine\src\imbi\metadata\xmmetadatatestddl.cxx,0x693,XMMetadataTestDDL::CreateEverythingWSameName,FUN_180f31840,180f31840,180f32d4c
\Sql\Picasso\engine\src\imbi\metadata\xmmetadatatestddl.cxx,0x52f,XMMetadataTestDDL::CreateRelationShipWData,FUN_180f2eee0,180f2eee0,180f30d0d
\Sql\Picasso\engine\src\imbi\metadata\xmmetadatatestddl.cxx,0x548,XMMetadataTestDDL::CreateRelationShipWData,FUN_180f2eee0,180f2eee0,180f30d0d
\Sql\Picasso\engine\src\imbi\metadata\xmmetadatatestddl.cxx,0x54d,XMMetadataTestDDL::CreateRelationShipWData,FUN_180f2eee0,180f2eee0,180f30d0d
\Sql\Picasso\engine\src\imbi\metadata\xmmetadatatestddl.cxx,0x54e,XMMetadataTestDDL::CreateRelationShipWData,FUN_180f2eee0,180f2eee0,180f30d0d
\Sql\Picasso\engine\src\imbi\metadata\xmmetadatatestddl.cxx,0x551,XMMetadataTestDDL::CreateRelationShipWData,FUN_180f2eee0,180f2eee0,180f30d0d
\Sql\Picasso\engine\src\imbi\metadata\xmmetadatatestddl.cxx,0x571,XMMetadataTestDDL::CreateRelationShipWData,FUN_180f2eee0,180f2eee0,180f30d0d
\Sql\Picasso\engine\src\imbi\metadata\xmmetadatatestddl.cxx,0x581,XMMetadataTestDDL::CreateRelationShipWData,FUN_180f2eee0,180f2eee0,180f30d0d
\Sql\Picasso\engine\src\imbi\metadata\xmmetadatatestddl.cxx,0x58f,XMMetadataTestDDL::CreateRelationShipWData,FUN_180f2eee0,180f2eee0,180f30d0d
\Sql\Picasso\engine\src\imbi\metadata\xmmetadatatestddl.cxx,0x55c,XMMetadataTestDDL::CreateRelationShipWData,FUN_180f2eee0,180f2eee0,180f30d0d
\Sql\Picasso\engine\src\imbi\metadata\xmmetadatatestddl.cxx,0x554,XMMetadataTestDDL::CreateRelationShipWData,FUN_180f2eee0,180f2eee0,180f30d0d
\Sql\Picasso\engine\src\imbi\metadata\xmmetadatatestddl.cxx,0x795,XMMetadataTestDDL::CreateTableWAccentName,FUN_180f337e0,180f337e0,180f33ac6
\Sql\Picasso\engine\src\imbi\metadata\xmmetadatatestddl.cxx,0x795,XMMetadataTestDDL::CreateTableWAccentName,FUN_180f337e0,180f337e0,180f33ac6
\Sql\Picasso\engine\src\imbi\metadata\xmmetadatatestddl.cxx,0x79d,XMMetadataTestDDL::CreateTableWAccentName,FUN_180f337e0,180f337e0,180f33ac6
\Sql\Picasso\engine\src\imbi\metadata\xmmetadatatestddl.cxx,0x7aa,XMMetadataTestDDL::CreateTableWAccentName,FUN_180f337e0,180f337e0,180f33ac6
\Sql\Picasso\engine\src\imbi\metadata\xmmetadatatestddl.cxx,0x7af,XMMetadataTestDDL::CreateTableWAccentName,FUN_180f337e0,180f337e0,180f33ac6
\Sql\Picasso\engine\src\imbi\metadata\xmmetadatatestddl.cxx,0x786,XMMetadataTestDDL::CreateTableWAccentName,FUN_180f337e0,180f337e0,180f33ac6
\Sql\Picasso\engine\src\imbi\metadata\xmmetadatatestddl.cxx,0x790,XMMetadataTestDDL::CreateTableWAccentName,FUN_180f337e0,180f337e0,180f33ac6
\Sql\Picasso\engine\src\imbi\metadata\xmmetadatatestddl.cxx,0x7e0,XMMetadataTestDDL::CreateTableWDifferentCaseName,FUN_180f33cd0,180f33cd0,180f33fb7
\Sql\Picasso\engine\src\imbi\metadata\xmmetadatatestddl.cxx,0x7e9,XMMetadataTestDDL::CreateTableWDifferentCaseName,FUN_180f33cd0,180f33cd0,180f33fb7
\Sql\Picasso\engine\src\imbi\metadata\xmmetadatatestddl.cxx,0x7f7,XMMetadataTestDDL::CreateTableWDifferentCaseName,FUN_180f33cd0,180f33cd0,180f33fb7
\Sql\Picasso\engine\src\imbi\metadata\xmmetadatatestddl.cxx,0x7d5,XMMetadataTestDDL::CreateTableWDifferentCaseName,FUN_180f33cd0,180f33cd0,180f33fb7
\Sql\Picasso\engine\src\imbi\metadata\xmmetadatatestddl.cxx,0x7db,XMMetadataTestDDL::CreateTableWDifferentCaseName,FUN_180f33cd0,180f33cd0,180f33fb7
\Sql\Picasso\engine\src\imbi\metadata\xmmetadatatestddl.cxx,0x82a,XMMetadataTestDDL::CreateTableWHints,FUN_180f34170,180f34170,180f34731
\Sql\Picasso\engine\src\imbi\metadata\xmmetadatatestddl.cxx,0x82b,XMMetadataTestDDL::CreateTableWHints,FUN_180f34170,180f34170,180f34731
\Sql\Picasso\engine\src\imbi\metadata\xmmetadatatestddl.cxx,0x82c,XMMetadataTestDDL::CreateTableWHints,FUN_180f34170,180f34170,180f34731
\Sql\Picasso\engine\src\imbi\metadata\xmmetadatatestddl.cxx,0x5e1,XMMetadataTestDDL::DeleteNonExistItem,FUN_180f31040,180f31040,180f31491
\Sql\Picasso\engine\src\imbi\metadata\xmmetadatatestddl.cxx,0x5e9,XMMetadataTestDDL::DeleteNonExistItem,FUN_180f31040,180f31040,180f31491
\Sql\Picasso\engine\src\imbi\metadata\xmmetadatatestddl.cxx,0x5eb,XMMetadataTestDDL::DeleteNonExistItem,FUN_180f31040,180f31040,180f31491
\Sql\Picasso\engine\src\imbi\metadata\xmmetadatatestddl.cxx,0x5ee,XMMetadataTestDDL::DeleteNonExistItem,FUN_180f31040,180f31040,180f31491
\Sql\Picasso\engine\src\imbi\metadata\xmmetadatatestddl.cxx,0x5f1,XMMetadataTestDDL::DeleteNonExistItem,FUN_180f31040,180f31040,180f31491
\Sql\Picasso\engine\src\imbi\metadata\xmmetadatatestddl.cxx,0x5f1,XMMetadataTestDDL::DeleteNonExistItem,FUN_180f31040,180f31040,180f31491
\Sql\Picasso\engine\src\imbi\metadata\xmmetadatatestddl.cxx,0x5d4,XMMetadataTestDDL::DeleteNonExistItem,FUN_180f31040,180f31040,180f31491
\Sql\Picasso\engine\src\imbi\metadata\xmmetadatatestddl.cxx,0x5db,XMMetadataTestDDL::DeleteNonExistItem,FUN_180f31040,180f31040,180f31491
\Sql\Picasso\engine\src\imbi\metadata\xmmetadatatestddl.cxx,0x5df,XMMetadataTestDDL::DeleteNonExistItem,FUN_180f31040,180f31040,180f31491
\Sql\Picasso\engine\src\imbi\metadata\xmmetadatatestddl.cxx,0x3c0,XMMetadataTestDDL::DropRetrieveColumn,FUN_180f2d710,180f2d710,180f2d95c
\Sql\Picasso\engine\src\imbi\metadata\xmmetadatatestddl.cxx,0x317,XMMetadataTestDDL::DropRetrieveTable,FUN_180f2cea0,180f2cea0,180f2d3ec
\Sql\Picasso\engine\src\imbi\metadata\xmmetadatatestddl.cxx,0x329,XMMetadataTestDDL::DropRetrieveTable,FUN_180f2cea0,180f2cea0,180f2d3ec
\Sql\Picasso\engine\src\imbi\metadata\xmmetadatatestddl.cxx,0x138,XMMetadataTestDDL::TestAddExistingColumn,FUN_180f2b1b0,180f2b1b0,180f2b2c0
\Sql\Picasso\engine\src\imbi\metadata\xmmetadatatestddl.cxx,0xff,XMMetadataTestDDL::TestAddRetrieveColumn,FUN_180f2add0,180f2add0,180f2aff7
\Sql\Picasso\engine\src\imbi\metadata\xmmetadatatestddl.cxx,0x102,XMMetadataTestDDL::TestAddRetrieveColumn,FUN_180f2add0,180f2add0,180f2aff7
\Sql\Picasso\engine\src\imbi\metadata\xmmetadatatestddl.cxx,0x103,XMMetadataTestDDL::TestAddRetrieveColumn,FUN_180f2add0,180f2add0,180f2aff7
\Sql\Picasso\engine\src\imbi\metadata\xmmetadatatestddl.cxx,0x108,XMMetadataTestDDL::TestAddRetrieveColumn,FUN_180f2add0,180f2add0,180f2aff7
\Sql\Picasso\engine\src\imbi\metadata\xmmetadatatestddl.cxx,0x10a,XMMetadataTestDDL::TestAddRetrieveColumn,FUN_180f2add0,180f2add0,180f2aff7
\Sql\Picasso\engine\src\imbi\metadata\xmmetadatatestddl.cxx,0xbe,XMMetadataTestDDL::TestAddRetrieveTable,FUN_180f2a1a0,180f2a1a0,180f2ad70
\Sql\Picasso\engine\src\imbi\metadata\xmmetadatatestddl.cxx,0x36c,XMMetadataTestDDL::TestDropRetrieveColumn,FUN_180f2d440,180f2d440,180f2d606
\Sql\Picasso\engine\src\imbi\metadata\xmmetadatatestddl.cxx,0x36f,XMMetadataTestDDL::TestDropRetrieveColumn,FUN_180f2d440,180f2d440,180f2d606
\Sql\Picasso\engine\src\imbi\metadata\xmmetadatatestddl.cxx,0x370,XMMetadataTestDDL::TestDropRetrieveColumn,FUN_180f2d440,180f2d440,180f2d606
\Sql\Picasso\engine\src\imbi\metadata\xmmetadatatestddl.cxx,0x2b5,XMMetadataTestDDL::TestDropRetrieveTable,FUN_180f2cbd0,180f2cbd0,180f2cd96
\Sql\Picasso\engine\src\imbi\metadata\xmmetadatatestddl.cxx,699,XMMetadataTestDDL::TestDropRetrieveTable,FUN_180f2cbd0,180f2cbd0,180f2cd96
\Sql\Picasso\engine\src\imbi\metadata\xmmetadatatestddl.cxx,0x2c3,XMMetadataTestDDL::TestDropRetrieveTable,FUN_180f2cbd0,180f2cbd0,180f2cd96
\Sql\Picasso\engine\src\imbi\metadata\xmmetadatatestddl.cxx,0x3fb,XMMetadataTestDDL::ValidateColumnsBySelectedView,FUN_180f2d9b0,180f2d9b0,180f2e2d3
\Sql\Picasso\engine\src\imbi\metadata\xmmetadatatestddl.cxx,0x3fc,XMMetadataTestDDL::ValidateColumnsBySelectedView,FUN_180f2d9b0,180f2d9b0,180f2e2d3
\Sql\Picasso\engine\src\imbi\metadata\xmmetadatatestddl.cxx,0x3fd,XMMetadataTestDDL::ValidateColumnsBySelectedView,FUN_180f2d9b0,180f2d9b0,180f2e2d3
\Sql\Picasso\engine\src\imbi\metadata\xmmetadatatestddl.cxx,0x3fe,XMMetadataTestDDL::ValidateColumnsBySelectedView,FUN_180f2d9b0,180f2d9b0,180f2e2d3
\Sql\Picasso\engine\src\imbi\metadata\xmmetadatatestddl.cxx,0x404,XMMetadataTestDDL::ValidateColumnsBySelectedView,FUN_180f2d9b0,180f2d9b0,180f2e2d3
\Sql\Picasso\engine\src\imbi\metadata\xmmetadatatestddl.cxx,0x40e,XMMetadataTestDDL::ValidateColumnsBySelectedView,FUN_180f2d9b0,180f2d9b0,180f2e2d3
\Sql\Picasso\engine\src\imbi\metadata\xmmetadatatestddl.cxx,0x410,XMMetadataTestDDL::ValidateColumnsBySelectedView,FUN_180f2d9b0,180f2d9b0,180f2e2d3
\Sql\Picasso\engine\src\imbi\metadata\xmmetadatatestddl.cxx,0x40f,XMMetadataTestDDL::ValidateColumnsBySelectedView,FUN_180f2d9b0,180f2d9b0,180f2e2d3
\Sql\Picasso\engine\src\imbi\metadata\xmmetadatatestddl.cxx,0x40d,XMMetadataTestDDL::ValidateColumnsBySelectedView,FUN_180f2d9b0,180f2d9b0,180f2e2d3
\Sql\Picasso\engine\src\imbi\metadata\xmmetadatatestddl.cxx,0x405,XMMetadataTestDDL::ValidateColumnsBySelectedView,FUN_180f2d9b0,180f2d9b0,180f2e2d3
\Sql\Picasso\engine\src\imbi\metadata\xmmetadatatestddl.cxx,0x439,XMMetadataTestDDL::ValidateTableByAnyView,FUN_180f2e630,180f2e630,180f2ec30
\Sql\Picasso\engine\src\imbi\metadata\xmmetadatatestddl.cxx,0x444,XMMetadataTestDDL::ValidateTableByAnyView,FUN_180f2e630,180f2e630,180f2ec30
\Sql\Picasso\engine\src\imbi\metadata\xmmetadatatestddl.cxx,0x443,XMMetadataTestDDL::ValidateTableByAnyView,FUN_180f2e630,180f2e630,180f2ec30
\Sql\Picasso\engine\src\imbi\metadata\xmmetadatatestddl.cxx,0x43e,XMMetadataTestDDL::ValidateTableByAnyView,FUN_180f2e630,180f2e630,180f2ec30
\Sql\Picasso\engine\src\imbi\metadata\xmmetadatatestddl.cxx,0x43a,XMMetadataTestDDL::ValidateTableByAnyView,FUN_180f2e630,180f2e630,180f2ec30
\Sql\Picasso\engine\src\imbi\metadata\xmmetadatatestddl.cxx,0x726,XMMetadataTestDDL::XMTestHardcodedDataReader::Init,FUN_180f32f50,180f32f50,180f336e7
\Sql\Picasso\engine\src\imbi\metadata\xmmodel.cpp,0x151,XMMetaRIViolationHelper::Start,FUN_180f75420,180f75420,180f756e0
\Sql\Picasso\engine\src\imbi\metadata\xmmodel.cpp,0xd5,XMMetaRIViolationHelper::UpdateRIViolationCount,FUN_180f74eb0,180f74eb0,180f753c7
\Sql\Picasso\engine\src\imbi\metadata\xmmodel.cpp,0x2db,XMSchemaGraph::GetRIViolationCountByNode,FUN_180f76220,180f76220,180f76469
\Sql\Picasso\engine\src\imbi\metadata\xmmodel.cpp,0x305,XMSchemaGraph::GetRIViolationCountByNode,FUN_180f76220,180f76220,180f76469
\Sql\Picasso\engine\src\imbi\metadata\xmmodel.cpp,0x346,XMSchemaGraph::HasRIViolationInternal,FUN_180f76520,180f76520,180f7684f
\Sql\Picasso\engine\src\imbi\metadata\xmmodel.cpp,0x1c4,XMSchemaGraph::Init,FUN_180f75990,180f75990,180f75d91
\Sql\Picasso\engine\src\imbi\metadata\xmmodel.cpp,0x34,XMTypeConversion::Init,FUN_180f74790,180f74790,180f74931
\Sql\Picasso\engine\src\imbi\metadata\xmmodel.cpp,0x1b,XMTypeConversion::Init,FUN_180f74790,180f74790,180f74931
\Sql\Picasso\engine\src\imbi\metadata\xmmodel.cpp,0x60,XMTypeConversion::TransformData,FUN_180f74990,180f74990,180f74b7e
\Sql\Picasso\engine\src\imbi\metadata\xmmodel.cpp,0x60,,FUN_180f74990,180f74990,180f74b7e
\Sql\Picasso\engine\src\imbi\metadata\xmmodel.cpp,0x1c4,,FUN_180f75990,180f75990,180f75d91
\Sql\Picasso\engine\src\imbi\metadata\xmschemamgr.cpp,0x1120,`anonymous-namespace\'::EnsureDataDictionariesEqual,FUN_180f5a220,180f5a220,180f5a3ee
\Sql\Picasso\engine\src\imbi\metadata\xmschemamgr.cpp,0x1121,`anonymous-namespace\'::EnsureDataDictionariesEqual,FUN_180f5a220,180f5a220,180f5a3ee
\Sql\Picasso\engine\src\imbi\metadata\xmschemamgr.cpp,0x113d,`anonymous-namespace\'::EnsureDataDictionariesEqual,FUN_180f5a220,180f5a220,180f5a3ee
\Sql\Picasso\engine\src\imbi\metadata\xmschemamgr.cpp,0x1142,`anonymous-namespace\'::EnsureDataDictionariesEqual,FUN_180f5a220,180f5a220,180f5a3ee
\Sql\Picasso\engine\src\imbi\metadata\xmschemamgr.cpp,0x123f,`anonymous-namespace\'::EnsureMetadataFastSwappable,FUN_180f5c020,180f5c020,180f5c14d
\Sql\Picasso\engine\src\imbi\metadata\xmschemamgr.cpp,0x1237,`anonymous-namespace\'::EnsureMetadataFastSwappable,FUN_180f5c020,180f5c020,180f5c14d
\Sql\Picasso\engine\src\imbi\metadata\xmschemamgr.cpp,0x1237,`anonymous-namespace\'::EnsureMetadataFastSwappable,FUN_180f5c020,180f5c020,180f5c14d
\Sql\Picasso\engine\src\imbi\metadata\xmschemamgr.cpp,0x1236,`anonymous-namespace\'::EnsureMetadataFastSwappable,FUN_180f5c020,180f5c020,180f5c14d
\Sql\Picasso\engine\src\imbi\metadata\xmschemamgr.cpp,0x110f,`anonymous-namespace\'::EnsureValueDataDictionariesEqual,FUN_180f5a220,180f5a220,180f5a3ee
\Sql\Picasso\engine\src\imbi\metadata\xmschemamgr.cpp,0x1110,`anonymous-namespace\'::EnsureValueDataDictionariesEqual,FUN_180f5a220,180f5a220,180f5a3ee
\Sql\Picasso\engine\src\imbi\metadata\xmschemamgr.cpp,0x19e2,XMSchemaMgr::AddPartitionInternal,FUN_180f64010,180f64010,180f646f0
\Sql\Picasso\engine\src\imbi\metadata\xmschemamgr.cpp,0x1a29,XMSchemaMgr::AddPartitionInternal,FUN_180f64010,180f64010,180f646f0
\Sql\Picasso\engine\src\imbi\metadata\xmschemamgr.cpp,0x19df,XMSchemaMgr::AddPartitionInternal,FUN_180f64010,180f64010,180f646f0
\Sql\Picasso\engine\src\imbi\metadata\xmschemamgr.cpp,0x1a3b,XMSchemaMgr::AddPartitionInternal,FUN_180f64010,180f64010,180f646f0
\Sql\Picasso\engine\src\imbi\metadata\xmschemamgr.cpp,0x1a80,XMSchemaMgr::AddPartitionInternal,FUN_180f64010,180f64010,180f646f0
\Sql\Picasso\engine\src\imbi\metadata\xmschemamgr.cpp,0x1875,XMSchemaMgr::AddReplaceTableInternal,FUN_180f62530,180f62530,180f6270c
\Sql\Picasso\engine\src\imbi\metadata\xmschemamgr.cpp,0x183f,XMSchemaMgr::AddTableInternal,FUN_180f61e50,180f61e50,180f62075
\Sql\Picasso\engine\src\imbi\metadata\xmschemamgr.cpp,0xe6d,XMSchemaMgr::AnalyzeNullable,FUN_180f57e80,180f57e80,180f57f6d
\Sql\Picasso\engine\src\imbi\metadata\xmschemamgr.cpp,0xdfa,XMSchemaMgr::AnalyzeUniqueness,FUN_180f57770,180f57770,180f57dcb
\Sql\Picasso\engine\src\imbi\metadata\xmschemamgr.cpp,0xe59,XMSchemaMgr::AnalyzeUniqueness,FUN_180f57770,180f57770,180f57dcb
\Sql\Picasso\engine\src\imbi\metadata\xmschemamgr.cpp,0x1090,XMSchemaMgr::ApplySerializationFilter,FUN_180f59b70,180f59b70,180f59efe
\Sql\Picasso\engine\src\imbi\metadata\xmschemamgr.cpp,0x1091,XMSchemaMgr::ApplySerializationFilter,FUN_180f59b70,180f59b70,180f59efe
\Sql\Picasso\engine\src\imbi\metadata\xmschemamgr.cpp,0x1094,XMSchemaMgr::ApplySerializationFilter,FUN_180f59b70,180f59b70,180f59efe
\Sql\Picasso\engine\src\imbi\metadata\xmschemamgr.cpp,0x1099,XMSchemaMgr::ApplySerializationFilter,FUN_180f59b70,180f59b70,180f59efe
\Sql\Picasso\engine\src\imbi\metadata\xmschemamgr.cpp,0x10c6,XMSchemaMgr::ApplySerializationFilter,FUN_180f59b70,180f59b70,180f59efe
\Sql\Picasso\engine\src\imbi\metadata\xmschemamgr.cpp,0x133c,XMSchemaMgr::BuildMergedPartitionsMapping,FUN_180f5cee0,180f5cee0,180f5d8e3
\Sql\Picasso\engine\src\imbi\metadata\xmschemamgr.cpp,0x1350,XMSchemaMgr::BuildMergedPartitionsMapping,FUN_180f5cee0,180f5cee0,180f5d8e3
\Sql\Picasso\engine\src\imbi\metadata\xmschemamgr.cpp,0x13cd,XMSchemaMgr::BuildTableLevelReplacementMetadata,FUN_180f5da30,180f5da30,180f5dc67
\Sql\Picasso\engine\src\imbi\metadata\xmschemamgr.cpp,0x1158,XMSchemaMgr::CheckPrimaryVSFilteredTableMatch,FUN_180f5a500,180f5a500,180f5b185
\Sql\Picasso\engine\src\imbi\metadata\xmschemamgr.cpp,0x1159,XMSchemaMgr::CheckPrimaryVSFilteredTableMatch,FUN_180f5a500,180f5a500,180f5b185
\Sql\Picasso\engine\src\imbi\metadata\xmschemamgr.cpp,0x1162,XMSchemaMgr::CheckPrimaryVSFilteredTableMatch,FUN_180f5a500,180f5a500,180f5b185
\Sql\Picasso\engine\src\imbi\metadata\xmschemamgr.cpp,0x115d,XMSchemaMgr::CheckPrimaryVSFilteredTableMatch,FUN_180f5a500,180f5a500,180f5b185
\Sql\Picasso\engine\src\imbi\metadata\xmschemamgr.cpp,0x1165,XMSchemaMgr::CheckPrimaryVSFilteredTableMatch,FUN_180f5a500,180f5a500,180f5b185
\Sql\Picasso\engine\src\imbi\metadata\xmschemamgr.cpp,0x1165,XMSchemaMgr::CheckPrimaryVSFilteredTableMatch,FUN_180f5a500,180f5a500,180f5b185
\Sql\Picasso\engine\src\imbi\metadata\xmschemamgr.cpp,0x1168,XMSchemaMgr::CheckPrimaryVSFilteredTableMatch,FUN_180f5a500,180f5a500,180f5b185
\Sql\Picasso\engine\src\imbi\metadata\xmschemamgr.cpp,0x1177,XMSchemaMgr::CheckPrimaryVSFilteredTableMatch,FUN_180f5a500,180f5a500,180f5b185
\Sql\Picasso\engine\src\imbi\metadata\xmschemamgr.cpp,0x11ab,XMSchemaMgr::CheckPrimaryVSFilteredTableMatch,FUN_180f5a500,180f5a500,180f5b185
\Sql\Picasso\engine\src\imbi\metadata\xmschemamgr.cpp,0x11ad,XMSchemaMgr::CheckPrimaryVSFilteredTableMatch,FUN_180f5a500,180f5a500,180f5b185
\Sql\Picasso\engine\src\imbi\metadata\xmschemamgr.cpp,0x11b0,XMSchemaMgr::CheckPrimaryVSFilteredTableMatch,FUN_180f5a500,180f5a500,180f5b185
\Sql\Picasso\engine\src\imbi\metadata\xmschemamgr.cpp,0x11b6,XMSchemaMgr::CheckPrimaryVSFilteredTableMatch,FUN_180f5a500,180f5a500,180f5b185
\Sql\Picasso\engine\src\imbi\metadata\xmschemamgr.cpp,0x11b6,XMSchemaMgr::CheckPrimaryVSFilteredTableMatch,FUN_180f5a500,180f5a500,180f5b185
\Sql\Picasso\engine\src\imbi\metadata\xmschemamgr.cpp,0x11b9,XMSchemaMgr::CheckPrimaryVSFilteredTableMatch,FUN_180f5a500,180f5a500,180f5b185
\Sql\Picasso\engine\src\imbi\metadata\xmschemamgr.cpp,0x11c3,XMSchemaMgr::CheckPrimaryVSFilteredTableMatch,FUN_180f5a500,180f5a500,180f5b185
\Sql\Picasso\engine\src\imbi\metadata\xmschemamgr.cpp,0x18a0,XMSchemaMgr::CreateColumn,FUN_180f62760,180f62760,180f62a80
\Sql\Picasso\engine\src\imbi\metadata\xmschemamgr.cpp,0x189c,XMSchemaMgr::CreateColumn,FUN_180f62760,180f62760,180f62a80
\Sql\Picasso\engine\src\imbi\metadata\xmschemamgr.cpp,0x189b,XMSchemaMgr::CreateColumn,FUN_180f62760,180f62760,180f62a80
\Sql\Picasso\engine\src\imbi\metadata\xmschemamgr.cpp,0x303,XMSchemaMgr::CreateModifyTable,FUN_180f4b180,180f4b180,180f50bf9
\Sql\Picasso\engine\src\imbi\metadata\xmschemamgr.cpp,0x48a,XMSchemaMgr::CreateModifyTable,FUN_180f4b180,180f4b180,180f50bf9
\Sql\Picasso\engine\src\imbi\metadata\xmschemamgr.cpp,0x50e,XMSchemaMgr::CreateModifyTable,FUN_180f4b180,180f4b180,180f50bf9
\Sql\Picasso\engine\src\imbi\metadata\xmschemamgr.cpp,0x18f5,XMSchemaMgr::CreateRelationship,FUN_180f62ba0,180f62ba0,180f633de
\Sql\Picasso\engine\src\imbi\metadata\xmschemamgr.cpp,0x18f6,XMSchemaMgr::CreateRelationship,FUN_180f62ba0,180f62ba0,180f633de
\Sql\Picasso\engine\src\imbi\metadata\xmschemamgr.cpp,0x18f7,XMSchemaMgr::CreateRelationship,FUN_180f62ba0,180f62ba0,180f633de
\Sql\Picasso\engine\src\imbi\metadata\xmschemamgr.cpp,0x18f8,XMSchemaMgr::CreateRelationship,FUN_180f62ba0,180f62ba0,180f633de
\Sql\Picasso\engine\src\imbi\metadata\xmschemamgr.cpp,0x18f9,XMSchemaMgr::CreateRelationship,FUN_180f62ba0,180f62ba0,180f633de
\Sql\Picasso\engine\src\imbi\metadata\xmschemamgr.cpp,0x1906,XMSchemaMgr::CreateRelationship,FUN_180f62ba0,180f62ba0,180f633de
\Sql\Picasso\engine\src\imbi\metadata\xmschemamgr.cpp,0x190f,XMSchemaMgr::CreateRelationship,FUN_180f62ba0,180f62ba0,180f633de
\Sql\Picasso\engine\src\imbi\metadata\xmschemamgr.cpp,0x191c,XMSchemaMgr::CreateRelationship,FUN_180f62ba0,180f62ba0,180f633de
\Sql\Picasso\engine\src\imbi\metadata\xmschemamgr.cpp,0x18fa,XMSchemaMgr::CreateRelationship,FUN_180f62ba0,180f62ba0,180f633de
\Sql\Picasso\engine\src\imbi\metadata\xmschemamgr.cpp,0x18fe,XMSchemaMgr::CreateRelationship,FUN_180f62ba0,180f62ba0,180f633de
\Sql\Picasso\engine\src\imbi\metadata\xmschemamgr.cpp,0x190c,XMSchemaMgr::CreateRelationship,FUN_180f62ba0,180f62ba0,180f633de
\Sql\Picasso\engine\src\imbi\metadata\xmschemamgr.cpp,0x11f7,XMSchemaMgr::CreateSegmentDataObjects,FUN_180f5b600,180f5b600,180f5bf6a
\Sql\Picasso\engine\src\imbi\metadata\xmschemamgr.cpp,0x11fa,XMSchemaMgr::CreateSegmentDataObjects,FUN_180f5b600,180f5b600,180f5bf6a
\Sql\Picasso\engine\src\imbi\metadata\xmschemamgr.cpp,0x1216,XMSchemaMgr::CreateSegmentDataObjects,FUN_180f5b600,180f5b600,180f5bf6a
\Sql\Picasso\engine\src\imbi\metadata\xmschemamgr.cpp,0x17de,XMSchemaMgr::CreateTableEx,FUN_180f61c30,180f61c30,180f61df8
\Sql\Picasso\engine\src\imbi\metadata\xmschemamgr.cpp,0x1815,XMSchemaMgr::CreateTableInternal,FUN_180f622d0,180f622d0,180f624c9
\Sql\Picasso\engine\src\imbi\metadata\xmschemamgr.cpp,0x1990,XMSchemaMgr::CreateUserHierarchy,FUN_180f63de0,180f63de0,180f63e74
\Sql\Picasso\engine\src\imbi\metadata\xmschemamgr.cpp,0x8f6,XMSchemaMgr::DeleteIntrinsicHierarchyStore,FUN_180f52d70,180f52d70,180f52f71
\Sql\Picasso\engine\src\imbi\metadata\xmschemamgr.cpp,0x8ff,XMSchemaMgr::DeleteIntrinsicHierarchyStore,FUN_180f52d70,180f52d70,180f52f71
\Sql\Picasso\engine\src\imbi\metadata\xmschemamgr.cpp,0x91f,XMSchemaMgr::DeleteUserHierarchyStore,FUN_180f52fd0,180f52fd0,180f53033
\Sql\Picasso\engine\src\imbi\metadata\xmschemamgr.cpp,0x148c,XMSchemaMgr::DowngradeTableTo1103,FUN_180f5e1e0,180f5e1e0,180f5e399
\Sql\Picasso\engine\src\imbi\metadata\xmschemamgr.cpp,0x1490,XMSchemaMgr::DowngradeTableTo1103,FUN_180f5e1e0,180f5e1e0,180f5e399
\Sql\Picasso\engine\src\imbi\metadata\xmschemamgr.cpp,0x1ad2,XMSchemaMgr::DropColumn,FUN_180056230,180056230,180056731
\Sql\Picasso\engine\src\imbi\metadata\xmschemamgr.cpp,0x1ad4,XMSchemaMgr::DropColumn,FUN_180056230,180056230,180056731
\Sql\Picasso\engine\src\imbi\metadata\xmschemamgr.cpp,0x1add,XMSchemaMgr::DropColumn,FUN_180056230,180056230,180056731
\Sql\Picasso\engine\src\imbi\metadata\xmschemamgr.cpp,0x1ad4,XMSchemaMgr::DropColumn,FUN_180f64a70,180f64a70,180f64ddb
\Sql\Picasso\engine\src\imbi\metadata\xmschemamgr.cpp,0x1add,XMSchemaMgr::DropColumn,FUN_180f64a70,180f64a70,180f64ddb
\Sql\Picasso\engine\src\imbi\metadata\xmschemamgr.cpp,0x1ad2,XMSchemaMgr::DropColumn,FUN_180f64a70,180f64a70,180f64ddb
\Sql\Picasso\engine\src\imbi\metadata\xmschemamgr.cpp,0x1a92,XMSchemaMgr::DropPartitionInternal,FUN_1800569a0,1800569a0,180056da0
\Sql\Picasso\engine\src\imbi\metadata\xmschemamgr.cpp,0x1a94,XMSchemaMgr::DropPartitionInternal,FUN_1800569a0,1800569a0,180056da0
\Sql\Picasso\engine\src\imbi\metadata\xmschemamgr.cpp,0x1aae,XMSchemaMgr::DropPartitionInternal,FUN_1800569a0,1800569a0,180056da0
\Sql\Picasso\engine\src\imbi\metadata\xmschemamgr.cpp,0x1a97,XMSchemaMgr::DropPartitionInternal,FUN_1800569a0,1800569a0,180056da0
\Sql\Picasso\engine\src\imbi\metadata\xmschemamgr.cpp,0x1a9a,XMSchemaMgr::DropPartitionInternal,FUN_1800569a0,1800569a0,180056da0
\Sql\Picasso\engine\src\imbi\metadata\xmschemamgr.cpp,0x1a94,XMSchemaMgr::DropPartitionInternal,FUN_180f64750,180f64750,180f648b3
\Sql\Picasso\engine\src\imbi\metadata\xmschemamgr.cpp,0x1aae,XMSchemaMgr::DropPartitionInternal,FUN_180f64750,180f64750,180f648b3
\Sql\Picasso\engine\src\imbi\metadata\xmschemamgr.cpp,0x1a97,XMSchemaMgr::DropPartitionInternal,FUN_180f64750,180f64750,180f648b3
\Sql\Picasso\engine\src\imbi\metadata\xmschemamgr.cpp,0x1a9a,XMSchemaMgr::DropPartitionInternal,FUN_180f64750,180f64750,180f648b3
\Sql\Picasso\engine\src\imbi\metadata\xmschemamgr.cpp,0x1a92,XMSchemaMgr::DropPartitionInternal,FUN_180f64750,180f64750,180f648b3
\Sql\Picasso\engine\src\imbi\metadata\xmschemamgr.cpp,0x1945,XMSchemaMgr::DropRelationship,FUN_180f634e0,180f634e0,180f63b0c
\Sql\Picasso\engine\src\imbi\metadata\xmschemamgr.cpp,0x193f,XMSchemaMgr::DropRelationship,FUN_180f634e0,180f634e0,180f63b0c
\Sql\Picasso\engine\src\imbi\metadata\xmschemamgr.cpp,0x19bb,XMSchemaMgr::DropUserHierarchy,FUN_180057920,180057920,180057b66
\Sql\Picasso\engine\src\imbi\metadata\xmschemamgr.cpp,0x19bc,XMSchemaMgr::DropUserHierarchy,FUN_180057920,180057920,180057b66
\Sql\Picasso\engine\src\imbi\metadata\xmschemamgr.cpp,0x19bc,XMSchemaMgr::DropUserHierarchy,FUN_180f63ed0,180f63ed0,180f63fb2
\Sql\Picasso\engine\src\imbi\metadata\xmschemamgr.cpp,0x19bb,XMSchemaMgr::DropUserHierarchy,FUN_180f63ed0,180f63ed0,180f63fb2
\Sql\Picasso\engine\src\imbi\metadata\xmschemamgr.cpp,0x27b,XMSchemaMgr::EditAllTablesForTMUpgrade,FUN_180f4a7f0,180f4a7f0,180f4ab0f
\Sql\Picasso\engine\src\imbi\metadata\xmschemamgr.cpp,0x285,XMSchemaMgr::EditAllTablesForTMUpgrade,FUN_180f4a7f0,180f4a7f0,180f4ab0f
\Sql\Picasso\engine\src\imbi\metadata\xmschemamgr.cpp,0xcf2,XMSchemaMgr::EditPartition,FUN_180f563d0,180f563d0,180f56418
\Sql\Picasso\engine\src\imbi\metadata\xmschemamgr.cpp,0xcf3,XMSchemaMgr::EditPartition,FUN_180f563d0,180f563d0,180f56418
\Sql\Picasso\engine\src\imbi\metadata\xmschemamgr.cpp,0xd05,XMSchemaMgr::EditPartitionInternal,FUN_180f564d0,180f564d0,180f565aa
\Sql\Picasso\engine\src\imbi\metadata\xmschemamgr.cpp,0xd10,XMSchemaMgr::EditPartitionInternal,FUN_180f564d0,180f564d0,180f565aa
\Sql\Picasso\engine\src\imbi\metadata\xmschemamgr.cpp,0xa6e,XMSchemaMgr::FixupNullableFlagOnColumnDictionaries,FUN_180f53ed0,180f53ed0,180f53fc7
\Sql\Picasso\engine\src\imbi\metadata\xmschemamgr.cpp,0x720,XMSchemaMgr::GetColumnActions,FUN_180f51650,180f51650,180f51bdb
\Sql\Picasso\engine\src\imbi\metadata\xmschemamgr.cpp,0x79e,XMSchemaMgr::GetTableActions,FUN_180f51c90,180f51c90,180f52079
\Sql\Picasso\engine\src\imbi\metadata\xmschemamgr.cpp,0xc2e,XMSchemaMgr::InternalRelationshipProcessor::PrepareJob,FUN_180f556c0,180f556c0,180f55c86
\Sql\Picasso\engine\src\imbi\metadata\xmschemamgr.cpp,0xc2f,XMSchemaMgr::InternalRelationshipProcessor::PrepareJob,FUN_180f556c0,180f556c0,180f55c86
\Sql\Picasso\engine\src\imbi\metadata\xmschemamgr.cpp,0xc68,XMSchemaMgr::InternalRelationshipProcessor::PrepareJob,FUN_180f556c0,180f556c0,180f55c86
\Sql\Picasso\engine\src\imbi\metadata\xmschemamgr.cpp,0xc45,XMSchemaMgr::InternalRelationshipProcessor::PrepareJob,FUN_180f556c0,180f556c0,180f55c86
\Sql\Picasso\engine\src\imbi\metadata\xmschemamgr.cpp,0xc49,XMSchemaMgr::InternalRelationshipProcessor::PrepareJob,FUN_180f556c0,180f556c0,180f55c86
\Sql\Picasso\engine\src\imbi\metadata\xmschemamgr.cpp,0xc30,XMSchemaMgr::InternalRelationshipProcessor::PrepareJob,FUN_180f556c0,180f556c0,180f55c86
\Sql\Picasso\engine\src\imbi\metadata\xmschemamgr.cpp,0xc3a,XMSchemaMgr::InternalRelationshipProcessor::PrepareJob,FUN_180f556c0,180f556c0,180f55c86
\Sql\Picasso\engine\src\imbi\metadata\xmschemamgr.cpp,0xc4f,XMSchemaMgr::InternalRelationshipProcessor::PrepareJob,FUN_180f556c0,180f556c0,180f55c86
\Sql\Picasso\engine\src\imbi\metadata\xmschemamgr.cpp,0xcb4,XMSchemaMgr::InternalRelationshipProcessor::UpdateRIViolation,FUN_180f55f50,180f55f50,180f56326
\Sql\Picasso\engine\src\imbi\metadata\xmschemamgr.cpp,0xcb9,XMSchemaMgr::InternalRelationshipProcessor::UpdateRIViolation,FUN_180f55f50,180f55f50,180f56326
\Sql\Picasso\engine\src\imbi\metadata\xmschemamgr.cpp,0x6c3,XMSchemaMgr::IsColumnMetadataIdentical,FUN_180f51190,180f51190,180f515ec
\Sql\Picasso\engine\src\imbi\metadata\xmschemamgr.cpp,0x6cf,XMSchemaMgr::IsColumnMetadataIdentical,FUN_180f51190,180f51190,180f515ec
\Sql\Picasso\engine\src\imbi\metadata\xmschemamgr.cpp,0x84c,XMSchemaMgr::IsPartitionMetadataIdentical,FUN_180f4b180,180f4b180,180f50bf9
\Sql\Picasso\engine\src\imbi\metadata\xmschemamgr.cpp,0x7e9,XMSchemaMgr::IsRelationshipMetadataIdentical,FUN_180f520e0,180f520e0,180f522f0
\Sql\Picasso\engine\src\imbi\metadata\xmschemamgr.cpp,0x12d1,XMSchemaMgr::MergeFilteredTablesIntoPrimaryTable,FUN_180f5c380,180f5c380,180f5ce84
\Sql\Picasso\engine\src\imbi\metadata\xmschemamgr.cpp,0xd8f,XMSchemaMgr::ProcessIntrinsicHierarchy,FUN_180f56c80,180f56c80,180f57492
\Sql\Picasso\engine\src\imbi\metadata\xmschemamgr.cpp,0xd92,XMSchemaMgr::ProcessIntrinsicHierarchy,FUN_180f56c80,180f56c80,180f57492
\Sql\Picasso\engine\src\imbi\metadata\xmschemamgr.cpp,0xd97,XMSchemaMgr::ProcessIntrinsicHierarchy,FUN_180f56c80,180f56c80,180f57492
\Sql\Picasso\engine\src\imbi\metadata\xmschemamgr.cpp,0xa8d,XMSchemaMgr::RebuildRowNumberColumnInternal,FUN_180f54030,180f54030,180f540c1
\Sql\Picasso\engine\src\imbi\metadata\xmschemamgr.cpp,0xa8d,XMSchemaMgr::RebuildRowNumberColumnInternal,FUN_180f79b40,180f79b40,180f79fae
\Sql\Picasso\engine\src\imbi\metadata\xmschemamgr.cpp,0xafc,XMSchemaMgr::RecalculateStatisticsAfterSegmentsRemovalInternal,FUN_180f54120,180f54120,180f5430e
\Sql\Picasso\engine\src\imbi\metadata\xmschemamgr.cpp,0xafe,XMSchemaMgr::RecalculateStatisticsAfterSegmentsRemovalInternal,FUN_180f54120,180f54120,180f5430e
\Sql\Picasso\engine\src\imbi\metadata\xmschemamgr.cpp,0xb0e,XMSchemaMgr::RecalculateStatisticsAfterSegmentsRemovalInternal,FUN_180f54120,180f54120,180f5430e
\Sql\Picasso\engine\src\imbi\metadata\xmschemamgr.cpp,0xd37,XMSchemaMgr::RecreateColumnSegments,FUN_180f56890,180f56890,180f569eb
\Sql\Picasso\engine\src\imbi\metadata\xmschemamgr.cpp,0xe86,XMSchemaMgr::ReprocessTableColumn,FUN_180f57fd0,180f57fd0,180f582d9
\Sql\Picasso\engine\src\imbi\metadata\xmschemamgr.cpp,0x22d,XMSchemaMgr::ReresolveMasterTablesIfNeeded,FUN_180f4a190,180f4a190,180f4a461
\Sql\Picasso\engine\src\imbi\metadata\xmschemamgr.cpp,0x22e,XMSchemaMgr::ReresolveMasterTablesIfNeeded,FUN_180f4a190,180f4a190,180f4a461
\Sql\Picasso\engine\src\imbi\metadata\xmschemamgr.cpp,0xf69,XMSchemaMgr::ResolveColumnID,FUN_180f586f0,180f586f0,180f588bb
\Sql\Picasso\engine\src\imbi\metadata\xmschemamgr.cpp,0xf64,XMSchemaMgr::ResolveColumnID,FUN_180f586f0,180f586f0,180f588bb
\Sql\Picasso\engine\src\imbi\metadata\xmschemamgr.cpp,0xfd9,XMSchemaMgr::ResolveIntrinsicHierarchyID,FUN_180f58ff0,180f58ff0,180f5920b
\Sql\Picasso\engine\src\imbi\metadata\xmschemamgr.cpp,0xfde,XMSchemaMgr::ResolveIntrinsicHierarchyID,FUN_180f58ff0,180f58ff0,180f5920b
\Sql\Picasso\engine\src\imbi\metadata\xmschemamgr.cpp,0xfea,XMSchemaMgr::ResolveIntrinsicHierarchyID,FUN_180f58ff0,180f58ff0,180f5920b
\Sql\Picasso\engine\src\imbi\metadata\xmschemamgr.cpp,0xfd4,XMSchemaMgr::ResolveIntrinsicHierarchyID,FUN_180f58ff0,180f58ff0,180f5920b
\Sql\Picasso\engine\src\imbi\metadata\xmschemamgr.cpp,0xf82,XMSchemaMgr::ResolveRelationshipID,FUN_180f58970,180f58970,180f58b2b
\Sql\Picasso\engine\src\imbi\metadata\xmschemamgr.cpp,0xf49,XMSchemaMgr::ResolveTableID,FUN_180f58470,180f58470,180f5866e
\Sql\Picasso\engine\src\imbi\metadata\xmschemamgr.cpp,0xf4d,XMSchemaMgr::ResolveTableID,FUN_180f58470,180f58470,180f5866e
\Sql\Picasso\engine\src\imbi\metadata\xmschemamgr.cpp,0x1059,XMSchemaMgr::ResolveTokenizationStatsTable,FUN_180f598a0,180f598a0,180f59b01
\Sql\Picasso\engine\src\imbi\metadata\xmschemamgr.cpp,0x102c,XMSchemaMgr::ResolveTokenizationTable,FUN_180f59620,180f59620,180f59841
\Sql\Picasso\engine\src\imbi\metadata\xmschemamgr.cpp,0x100f,XMSchemaMgr::ResolveUserHierarchyID,FUN_180f593a0,180f593a0,180f5956b
\Sql\Picasso\engine\src\imbi\metadata\xmschemamgr.cpp,0x100a,XMSchemaMgr::ResolveUserHierarchyID,FUN_180f593a0,180f593a0,180f5956b
\Sql\Picasso\engine\src\imbi\metadata\xmschemamgr.cpp,0x673,XMSchemaMgr::SetColumnMetadata,FUN_180f50c60,180f50c60,180f51129
\Sql\Picasso\engine\src\imbi\metadata\xmschemamgr.cpp,0x67f,XMSchemaMgr::SetColumnMetadata,FUN_180f50c60,180f50c60,180f51129
\Sql\Picasso\engine\src\imbi\metadata\xmschemamgr.cpp,0xb42,XMSchemaMgr::SetDefragmentationNeeded,FUN_180f54370,180f54370,180f5443b
\Sql\Picasso\engine\src\imbi\metadata\xmschemamgr.cpp,0xb4b,XMSchemaMgr::SetDefragmentationNeeded,FUN_180f54370,180f54370,180f5443b
\Sql\Picasso\engine\src\imbi\metadata\xmschemamgr.cpp,0xd1d,XMSchemaMgr::SetNullData,FUN_180f56710,180f56710,180f56835
\Sql\Picasso\engine\src\imbi\metadata\xmschemamgr.cpp,0xdcf,XMSchemaMgr::SetNullData,FUN_180f57560,180f57560,180f57705
\Sql\Picasso\engine\src\imbi\metadata\xmschemamgr.cpp,0x1bd9,XMSchemaMgr::TraverseSerializableObjects,FUN_180f67fa0,180f67fa0,180f681c9
\Sql\Picasso\engine\src\imbi\metadata\xmschemamgr.cpp,0x1bd9,XMSchemaMgr::TraverseSerializableObjects,FUN_180f68220,180f68220,180f68449
\Sql\Picasso\engine\src\imbi\metadata\xmschemamgr.cpp,0x1bd9,XMSchemaMgr::TraverseSerializableObjects,FUN_180f686a0,180f686a0,180f688d4
\Sql\Picasso\engine\src\imbi\metadata\xmschemamgr.cpp,0x1bd9,XMSchemaMgr::TraverseSerializableObjects,FUN_180f68930,180f68930,180f68b80
\Sql\Picasso\engine\src\imbi\metadata\xmschemamgr.cpp,0x1bd9,XMSchemaMgr::TraverseSerializableObjects,FUN_180f68c10,180f68c10,180f68e59
\Sql\Picasso\engine\src\imbi\metadata\xmschemamgr.cpp,0x1bd9,XMSchemaMgr::TraverseSerializableObjects,FUN_180f68eb0,180f68eb0,180f690d9
\Sql\Picasso\engine\src\imbi\metadata\xmschemamgr.cpp,0xb9c,XMSchemaMgr::UnprocessColumnInternal,FUN_180f54a60,180f54a60,180f54cb4
\Sql\Picasso\engine\src\imbi\metadata\xmschemamgr.cpp,0x9f9,XMSchemaMgr::UnprocessDependencyGraphRelatedFeatures,FUN_180f53980,180f53980,180f53ae7
\Sql\Picasso\engine\src\imbi\metadata\xmschemamgr.cpp,0x8cb,XMSchemaMgr::UnprocessHierarchy,FUN_180072ee0,180072ee0,180073f69
\Sql\Picasso\engine\src\imbi\metadata\xmschemamgr.cpp,0x8d7,XMSchemaMgr::UnprocessIntrinsicHierarchy,FUN_1800721d0,1800721d0,1800727fe
\Sql\Picasso\engine\src\imbi\metadata\xmschemamgr.cpp,0xa47,XMSchemaMgr::UnprocessPartitionInternal,FUN_180f53d00,180f53d00,180f53e6e
\Sql\Picasso\engine\src\imbi\metadata\xmschemamgr.cpp,0xa4d,XMSchemaMgr::UnprocessPartitionInternal,FUN_180f53d00,180f53d00,180f53e6e
\Sql\Picasso\engine\src\imbi\metadata\xmschemamgr.cpp,0x878,XMSchemaMgr::UnprocessPartitions,FUN_180f529d0,180f529d0,180f52ba4
\Sql\Picasso\engine\src\imbi\metadata\xmschemamgr.cpp,0x87f,XMSchemaMgr::UnprocessPartitions,FUN_180f529d0,180f529d0,180f52ba4
\Sql\Picasso\engine\src\imbi\metadata\xmschemamgr.cpp,0x864,XMSchemaMgr::UnprocessTable,FUN_180f527d0,180f527d0,180f52977
\Sql\Picasso\engine\src\imbi\metadata\xmschemamgr.cpp,0x1cfe,XMSchemaMgr::UpdateRIViolationCountOnPrimaryKeyTables,FUN_180f66300,180f66300,180f667ad
\Sql\Picasso\engine\src\imbi\metadata\xmschemamgr.cpp,0x1d37,XMSchemaMgr::UpdateRIViolationCountRecursively,FUN_180f66810,180f66810,180f6694b
\Sql\Picasso\engine\src\imbi\metadata\xmschemamgr.cpp,0x673,,FUN_180f50c60,180f50c60,180f51129
\Sql\Picasso\engine\src\imbi\metadata\xmschemamgr.cpp,0x6c3,,FUN_180f51190,180f51190,180f515ec
\Sql\Picasso\engine\src\imbi\metadata\xmschemamgr.cpp,0x79e,,FUN_180f51c90,180f51c90,180f52079
\Sql\Picasso\engine\src\imbi\metadata\xmschemamgr.cpp,0x7e9,,FUN_180f520e0,180f520e0,180f522f0
\Sql\Picasso\engine\src\imbi\metadata\xmschemamgr.cpp,0xafc,,FUN_180f54120,180f54120,180f5430e
\Sql\Picasso\engine\src\imbi\metadata\xmschemamgr.cpp,0xafe,,FUN_180f54120,180f54120,180f5430e
\Sql\Picasso\engine\src\imbi\metadata\xmschemamgr.cpp,0xb0e,,FUN_180f54120,180f54120,180f5430e
\Sql\Picasso\engine\src\imbi\metadata\xmschemamgr.cpp,0xb4b,,FUN_180f54370,180f54370,180f5443b
\Sql\Picasso\engine\src\imbi\metadata\xmschemamgr.cpp,0xd05,,FUN_180f564d0,180f564d0,180f565aa
\Sql\Picasso\engine\src\imbi\metadata\xmschemamgr.cpp,0x113d,,FUN_180f5a220,180f5a220,180f5a3ee
\Sql\Picasso\engine\src\imbi\metadata\xmschemamgr.cpp,0x1142,,FUN_180f5a220,180f5a220,180f5a3ee
\Sql\Picasso\engine\src\imbi\metadata\xmserializehelper.cpp,0x118,XMSchemaMgr::AddTablesFromSavePointLoad,FUN_180f72e50,180f72e50,180f7320c
\Sql\Picasso\engine\src\imbi\metadata\xmserializehelper.cpp,0x11e,XMSchemaMgr::AddTablesFromSavePointLoad,FUN_180f72e50,180f72e50,180f7320c
\Sql\Picasso\engine\src\imbi\metadata\xmserializehelper.cpp,0x1d9,XMSchemaMgr::LoadRelationshipFromSavePoint,FUN_180f73b50,180f73b50,180f73e0b
\Sql\Picasso\engine\src\imbi\metadata\xmserializehelper.cpp,0x1a2,XMSchemaMgr::LoadRelationshipsFromSavePoint,FUN_180f736c0,180f736c0,180f7392d
\Sql\Picasso\engine\src\imbi\metadata\xmserializehelper.cpp,0xcc,XMSchemaMgr::LoadTablesFromSavePoint,FUN_180f72590,180f72590,180f72810
\Sql\Picasso\engine\src\imbi\metadata\xmserializehelper.cpp,0xfb,XMSchemaMgr::LoadTablesFromSavePoint,FUN_180f72590,180f72590,180f72810
\Sql\Picasso\engine\src\imbi\metadata\xmtest_discovery.cxx,0x13d,XMDiscoverColumns::GetColumnValue,FUN_180fb89a0,180fb89a0,180fb90de
\Sql\Picasso\engine\src\imbi\metadata\xmtest_discovery.cxx,0x151,XMDiscoverColumns::GetColumnValue,FUN_180fb89a0,180fb89a0,180fb90de
\Sql\Picasso\engine\src\imbi\metadata\xmtest_discovery.cxx,0x17d,XMDiscoverColumns::GetColumnValue,FUN_180fb89a0,180fb89a0,180fb90de
\Sql\Picasso\engine\src\imbi\metadata\xmtest_discovery.cxx,0x198,XMDiscoverColumns::GetColumnValue,FUN_180fb89a0,180fb89a0,180fb90de
\Sql\Picasso\engine\src\imbi\metadata\xmtest_discovery.cxx,0x1b2,XMDiscoverColumns::GetColumnValue,FUN_180fb89a0,180fb89a0,180fb90de
\Sql\Picasso\engine\src\imbi\metadata\xmtest_discovery.cxx,0x289,XMDiscoverColumnSegments::GetColumnValue,FUN_180fb9360,180fb9360,180fb97a4
\Sql\Picasso\engine\src\imbi\metadata\xmtest_discovery.cxx,0x2f2,XMDiscoverRelations::GetColumnValue,FUN_180fb9900,180fb9900,180fb9a4e
\Sql\Picasso\engine\src\imbi\metadata\xmtest_discovery.cxx,0xd5,XMDiscoverTables::GetColumnValue,FUN_180fb8660,180fb8660,180fb8800
\Sql\Picasso\engine\src\imbi\metadata\xmtest_discovery.cxx,0xca,XMDiscoverTables::GetColumnValue,FUN_180fb8660,180fb8660,180fb8800
\Sql\Picasso\engine\src\imbi\metadata\xmtest_discovery.cxx,0xd5,,FUN_180fb8660,180fb8660,180fb8800
\Sql\Picasso\engine\src\imbi\metadata\xmtest_discovery.cxx,0xca,,FUN_180fb8660,180fb8660,180fb8800
\Sql\Picasso\engine\src\imbi\metadata\xmtest_discovery.cxx,0x13d,,FUN_180fb89a0,180fb89a0,180fb90de
\Sql\Picasso\engine\src\imbi\metadata\xmtest_discovery.cxx,0x151,,FUN_180fb89a0,180fb89a0,180fb90de
\Sql\Picasso\engine\src\imbi\metadata\xmtest_discovery.cxx,0x17d,,FUN_180fb89a0,180fb89a0,180fb90de
\Sql\Picasso\engine\src\imbi\metadata\xmtest_discovery.cxx,0x198,,FUN_180fb89a0,180fb89a0,180fb90de
\Sql\Picasso\engine\src\imbi\metadata\xmtest_discovery.cxx,0x1b2,,FUN_180fb89a0,180fb89a0,180fb90de
\Sql\Picasso\engine\src\imbi\metadata\xmtest_discovery.cxx,0x2f2,,FUN_180fb9900,180fb9900,180fb9a4e
\Sql\Picasso\engine\src\imbi\metadata\xmtest_filedatareader.cxx,0x271,XMTestFileDataReader::GetColumnValue,FUN_180fb04d0,180fb04d0,180fb0d39
\Sql\Picasso\engine\src\imbi\metadata\xmtest_interactive.cxx,0x115,XMInteractiveTest::InteractiveSimulatedSessionTest,FUN_180f41bb0,180f41bb0,180f42133
\Sql\Picasso\engine\src\imbi\metadata\xmtest_interactive.cxx,0x11e,XMInteractiveTest::InteractiveSimulatedSessionTest,FUN_180f41bb0,180f41bb0,180f42133
\Sql\Picasso\engine\src\imbi\metadata\xmtest_oledbdatareader.cxx,0x1a1,XMTestOLEDBDataReader::GetColumnValue,FUN_180fb1df0,180fb1df0,180fb1e4e
\Sql\Picasso\engine\src\imbi\metadata\xmtest_oledbdatareader.cxx,0x47,XMTestOLEDBDataReader::Init,FUN_180fb0f50,180fb0f50,180fb10bb
\Sql\Picasso\engine\src\imbi\metadata\xmtest_oledbdatareader.cxx,0x120,XMTestOLEDBDataReader::Start,FUN_180fb1550,180fb1550,180fb1c67
\Sql\Picasso\engine\src\imbi\metadata\xmtest_oledbdatareader.cxx,0x151,XMTestOLEDBDataReader::Start,FUN_180fb1550,180fb1550,180fb1c67
\Sql\Picasso\engine\src\imbi\metadata\xmtest_oledbdatareader.cxx,0x1a1,,FUN_180fb1df0,180fb1df0,180fb1e4e
\Sql\Picasso\engine\src\imbi\metadata\xmtest_serialize.cxx,0x44d,XMTestMetadataSerializer::DeserializeXmlNode,FUN_180fb66b0,180fb66b0,180fb7f9d
\Sql\Picasso\engine\src\imbi\metadata\xmtest_serialize.cxx,0x277,XMTestXMLWriter::ConvertStringToValue,FUN_180fb2d00,180fb2d00,180fb2f87
\Sql\Picasso\engine\src\imbi\metadata\xmtest_serialize.cxx,0x162,XMTestXMLWriter::WriteElemTextTyped,FUN_180fb5030,180fb5030,180fb5629
\Sql\Picasso\engine\src\imbi\metadata\xmtest_serialize.cxx,0x277,,FUN_180fb2d00,180fb2d00,180fb2f87
\Sql\Picasso\engine\src\imbi\metadata\xmtest_sqldispatch.cxx,0x5b7,DecodeValueAsString,FUN_180f84320,180f84320,180f8445c
\Sql\Picasso\engine\src\imbi\metadata\xmtest_sqldispatch.cxx,0x92,PrintDataReader,FUN_180f7b140,180f7b140,180f7b456
\Sql\Picasso\engine\src\imbi\metadata\xmtest_sqldispatch.cxx,0x106,PrintDataReaderByField,FUN_180f93ef0,180f93ef0,180f94103
\Sql\Picasso\engine\src\imbi\metadata\xmtest_sqldispatch.cxx,0x14dd,XMSqlFlushCaches::Dispatch,FUN_180f95c10,180f95c10,180f95c78
\Sql\Picasso\engine\src\imbi\metadata\xmtest_sqldispatch.cxx,0x836,XMSqlNodeJoins::FindReverseJoin,FUN_180f89900,180f89900,180f8999c
\Sql\Picasso\engine\src\imbi\metadata\xmtest_sqldispatch.cxx,0x435,XMSqlStmtCreateHierarchy::Dispatch,FUN_180f81e80,180f81e80,180f82458
\Sql\Picasso\engine\src\imbi\metadata\xmtest_sqldispatch.cxx,0x44c,XMSqlStmtCreateHierarchy::Dispatch,FUN_180f81e80,180f81e80,180f82458
\Sql\Picasso\engine\src\imbi\metadata\xmtest_sqldispatch.cxx,0x3e2,XMSqlStmtCreateHierarchy::Validate,FUN_180f816e0,180f816e0,180f81d73
\Sql\Picasso\engine\src\imbi\metadata\xmtest_sqldispatch.cxx,0x6ed,XMSqlStmtCreateRelation::Dispatch,FUN_180f864b0,180f864b0,180f88cfc
\Sql\Picasso\engine\src\imbi\metadata\xmtest_sqldispatch.cxx,0x719,XMSqlStmtCreateRelation::Dispatch,FUN_180f864b0,180f864b0,180f88cfc
\Sql\Picasso\engine\src\imbi\metadata\xmtest_sqldispatch.cxx,0x740,XMSqlStmtCreateRelation::Dispatch,FUN_180f864b0,180f864b0,180f88cfc
\Sql\Picasso\engine\src\imbi\metadata\xmtest_sqldispatch.cxx,0x681,XMSqlStmtCreateRelation::Validate,FUN_180f850a0,180f850a0,180f862b0
\Sql\Picasso\engine\src\imbi\metadata\xmtest_sqldispatch.cxx,0x6d5,XMSqlStmtCreateRelation::Validate,FUN_180f850a0,180f850a0,180f862b0
\Sql\Picasso\engine\src\imbi\metadata\xmtest_sqldispatch.cxx,0x142,XMSqlStmtCreateTable::Dispatch,FUN_180f7be20,180f7be20,180f7c561
\Sql\Picasso\engine\src\imbi\metadata\xmtest_sqldispatch.cxx,0x16d,XMSqlStmtCreateTable::Dispatch,FUN_180f7be20,180f7be20,180f7c561
\Sql\Picasso\engine\src\imbi\metadata\xmtest_sqldispatch.cxx,0x1a9,XMSqlStmtCreateTable::Dispatch,FUN_180f7be20,180f7be20,180f7c561
\Sql\Picasso\engine\src\imbi\metadata\xmtest_sqldispatch.cxx,0x123,XMSqlStmtCreateTable::Validate,FUN_180f7bc10,180f7bc10,180f7bdca
\Sql\Picasso\engine\src\imbi\metadata\xmtest_sqldispatch.cxx,0x344,XMSqlStmtDeserializeTable::Dispatch,FUN_180f80560,180f80560,180f812a6
\Sql\Picasso\engine\src\imbi\metadata\xmtest_sqldispatch.cxx,0x327,XMSqlStmtDeserializeTable::Validate,FUN_180f80350,180f80350,180f8050a
\Sql\Picasso\engine\src\imbi\metadata\xmtest_sqldispatch.cxx,0x124d,XMSqlStmtDiscover::CreateSchemaReader,FUN_180f93790,180f93790,180f93aac
\Sql\Picasso\engine\src\imbi\metadata\xmtest_sqldispatch.cxx,0x11ce,XMSqlStmtDiscover::Dispatch,FUN_180f934c0,180f934c0,180f936dc
\Sql\Picasso\engine\src\imbi\metadata\xmtest_sqldispatch.cxx,0x11e2,XMSqlStmtDiscover::Dispatch,FUN_180f934c0,180f934c0,180f936dc
\Sql\Picasso\engine\src\imbi\metadata\xmtest_sqldispatch.cxx,0x11ee,XMSqlStmtDiscover::Dispatch,FUN_180f934c0,180f934c0,180f936dc
\Sql\Picasso\engine\src\imbi\metadata\xmtest_sqldispatch.cxx,0x125e,XMSqlStmtDiscoverFields::Dispatch,FUN_180f93b00,180f93b00,180f93e93
\Sql\Picasso\engine\src\imbi\metadata\xmtest_sqldispatch.cxx,0x1270,XMSqlStmtDiscoverFields::Dispatch,FUN_180f93b00,180f93b00,180f93e93
\Sql\Picasso\engine\src\imbi\metadata\xmtest_sqldispatch.cxx,0x51c,XMSqlStmtDropHierarchy::Dispatch,FUN_180f834e0,180f834e0,180f8387b
\Sql\Picasso\engine\src\imbi\metadata\xmtest_sqldispatch.cxx,0x52b,XMSqlStmtDropHierarchy::Dispatch,FUN_180f834e0,180f834e0,180f8387b
\Sql\Picasso\engine\src\imbi\metadata\xmtest_sqldispatch.cxx,0x4ef,XMSqlStmtDropHierarchy::Validate,FUN_180f830a0,180f830a0,180f83451
\Sql\Picasso\engine\src\imbi\metadata\xmtest_sqldispatch.cxx,0x7b7,XMSqlStmtDropRelation::Dispatch,FUN_180f89310,180f89310,180f89725
\Sql\Picasso\engine\src\imbi\metadata\xmtest_sqldispatch.cxx,0x78c,XMSqlStmtDropRelation::Validate,FUN_180f88e00,180f88e00,180f8927a
\Sql\Picasso\engine\src\imbi\metadata\xmtest_sqldispatch.cxx,0x3c5,XMSqlStmtDropTable::Dispatch,FUN_180f81510,180f81510,180f81682
\Sql\Picasso\engine\src\imbi\metadata\xmtest_sqldispatch.cxx,0x3a8,XMSqlStmtDropTable::Validate,FUN_180f81300,180f81300,180f814ba
\Sql\Picasso\engine\src\imbi\metadata\xmtest_sqldispatch.cxx,0x14b0,XMSqlStmtDump::Dispatch,FUN_180f95950,180f95950,180f95b4e
\Sql\Picasso\engine\src\imbi\metadata\xmtest_sqldispatch.cxx,0x492,XMSqlStmtLoadHierarchy::Dispatch,FUN_180f82950,180f82950,180f82ff6
\Sql\Picasso\engine\src\imbi\metadata\xmtest_sqldispatch.cxx,0x468,XMSqlStmtLoadHierarchy::Validate,FUN_180f82510,180f82510,180f828c1
\Sql\Picasso\engine\src\imbi\metadata\xmtest_sqldispatch.cxx,0x1f0,XMSqlStmtLoadTable::Dispatch,FUN_180f7c840,180f7c840,180f7ea8a
\Sql\Picasso\engine\src\imbi\metadata\xmtest_sqldispatch.cxx,0x22d,XMSqlStmtLoadTable::Dispatch,FUN_180f7c840,180f7c840,180f7ea8a
\Sql\Picasso\engine\src\imbi\metadata\xmtest_sqldispatch.cxx,0x1d3,XMSqlStmtLoadTable::Validate,FUN_180f7c630,180f7c630,180f7c7ea
\Sql\Picasso\engine\src\imbi\metadata\xmtest_sqldispatch.cxx,0xe3e,XMSqlStmtSelect::BuildExpression,FUN_180f8f050,180f8f050,180f90e27
\Sql\Picasso\engine\src\imbi\metadata\xmtest_sqldispatch.cxx,0xe6c,XMSqlStmtSelect::BuildExpression,FUN_180f8f050,180f8f050,180f90e27
\Sql\Picasso\engine\src\imbi\metadata\xmtest_sqldispatch.cxx,0xf73,XMSqlStmtSelect::BuildExpression,FUN_180f8f050,180f8f050,180f90e27
\Sql\Picasso\engine\src\imbi\metadata\xmtest_sqldispatch.cxx,0xd6b,XMSqlStmtSelect::BuildExpression,FUN_180f8f050,180f8f050,180f90e27
\Sql\Picasso\engine\src\imbi\metadata\xmtest_sqldispatch.cxx,0xbf0,XMSqlStmtSelect::BuildQuerySpec,FUN_180f8c4f0,180f8c4f0,180f8e668
\Sql\Picasso\engine\src\imbi\metadata\xmtest_sqldispatch.cxx,0xc12,XMSqlStmtSelect::BuildQuerySpec,FUN_180f8c4f0,180f8c4f0,180f8e668
\Sql\Picasso\engine\src\imbi\metadata\xmtest_sqldispatch.cxx,0xc12,XMSqlStmtSelect::BuildQuerySpec,FUN_180f8c4f0,180f8c4f0,180f8e668
\Sql\Picasso\engine\src\imbi\metadata\xmtest_sqldispatch.cxx,0xc3d,XMSqlStmtSelect::BuildQuerySpec,FUN_180f8c4f0,180f8c4f0,180f8e668
\Sql\Picasso\engine\src\imbi\metadata\xmtest_sqldispatch.cxx,0xc72,XMSqlStmtSelect::BuildQuerySpec,FUN_180f8c4f0,180f8c4f0,180f8e668
\Sql\Picasso\engine\src\imbi\metadata\xmtest_sqldispatch.cxx,0xf8e,XMSqlStmtSelect::CreateNewTableBitmap,FUN_180f91220,180f91220,180f9156b
\Sql\Picasso\engine\src\imbi\metadata\xmtest_sqldispatch.cxx,0xfa2,XMSqlStmtSelect::CreateNewTableBitmap,FUN_180f91220,180f91220,180f9156b
\Sql\Picasso\engine\src\imbi\metadata\xmtest_sqldispatch.cxx,0xbac,XMSqlStmtSelect::ExecuteJob,FUN_180f96310,180f96310,180f97be5
\Sql\Picasso\engine\src\imbi\metadata\xmtest_sqldispatch.cxx,0xb7c,XMSqlStmtSelect::ExecuteJob,FUN_180f96310,180f96310,180f97be5
\Sql\Picasso\engine\src\imbi\metadata\xmtest_sqldispatch.cxx,0xb7c,XMSqlStmtSelect::ExecuteJob,FUN_180f97e70,180f97e70,180f997fd
\Sql\Picasso\engine\src\imbi\metadata\xmtest_sqldispatch.cxx,0xbac,XMSqlStmtSelect::ExecuteJob,FUN_180f97e70,180f97e70,180f997fd
\Sql\Picasso\engine\src\imbi\metadata\xmtest_sqldispatch.cxx,0x1142,XMSqlStmtSelect::GetDataIDFromValue,FUN_180f92ec0,180f92ec0,180f93172
\Sql\Picasso\engine\src\imbi\metadata\xmtest_sqldispatch.cxx,0x8ca,XMSqlStmtSelect::Validate,FUN_180f8a030,180f8a030,180f8a999
\Sql\Picasso\engine\src\imbi\metadata\xmtest_sqldispatch.cxx,0x8fe,XMSqlStmtSelect::Validate,FUN_180f8a030,180f8a030,180f8a999
\Sql\Picasso\engine\src\imbi\metadata\xmtest_sqldispatch.cxx,0x90d,XMSqlStmtSelect::Validate,FUN_180f8a030,180f8a030,180f8a999
\Sql\Picasso\engine\src\imbi\metadata\xmtest_sqldispatch.cxx,0x9dc,XMSqlStmtSelect::Validate,FUN_180f8a030,180f8a030,180f8a999
\Sql\Picasso\engine\src\imbi\metadata\xmtest_sqldispatch.cxx,0x2dc,XMSqlStmtSerializeTable::Dispatch,FUN_180f7ed50,180f7ed50,180f802f6
\Sql\Picasso\engine\src\imbi\metadata\xmtest_sqldispatch.cxx,0x2bf,XMSqlStmtSerializeTable::Validate,FUN_180f7eb40,180f7eb40,180f7ecfa
\Sql\Picasso\engine\src\imbi\metadata\xmtest_sqldispatch.cxx,0x12f1,XMSqlStmtSet::Dispatch,FUN_180f94160,180f94160,180f94c6a
\Sql\Picasso\engine\src\imbi\metadata\xmtest_sqldispatch.cxx,0xa50,XMSqlStmtTWSelect::CreateRequest,FUN_180f8afd0,180f8afd0,180f8bf77
\Sql\Picasso\engine\src\imbi\metadata\xmtest_sqldispatch.cxx,0xa6c,XMSqlStmtTWSelect::CreateRequest,FUN_180f8afd0,180f8afd0,180f8bf77
\Sql\Picasso\engine\src\imbi\metadata\xmtest_sqldispatch.cxx,0xa27,XMSqlStmtTWSelect::CreateRequest,FUN_180f8afd0,180f8afd0,180f8bf77
\Sql\Picasso\engine\src\imbi\metadata\xmtest_sqldispatch.cxx,0xa54,XMSqlStmtTWSelect::CreateRequest,FUN_180f8afd0,180f8afd0,180f8bf77
\Sql\Picasso\engine\src\imbi\metadata\xmtest_sqldispatch.cxx,0xa75,XMSqlStmtTWSelect::CreateRequest,FUN_180f8afd0,180f8afd0,180f8bf77
\Sql\Picasso\engine\src\imbi\metadata\xmtest_sqldispatch.cxx,0xa79,XMSqlStmtTWSelect::CreateRequest,FUN_180f8afd0,180f8afd0,180f8bf77
\Sql\Picasso\engine\src\imbi\metadata\xmtest_sqldispatch.cxx,0xa45,XMSqlStmtTWSelect::CreateRequest,FUN_180f8afd0,180f8afd0,180f8bf77
\Sql\Picasso\engine\src\imbi\metadata\xmtest_sqldispatch.cxx,0x574,XMSqlStmtUHSelect::Dispatch,FUN_180f83d70,180f83d70,180f842c9
\Sql\Picasso\engine\src\imbi\metadata\xmtest_sqldispatch.cxx,0x5df,XMSqlStmtUHSelect::PrintHierarchyAsRowset,FUN_180f844c0,180f844c0,180f84f49
\Sql\Picasso\engine\src\imbi\metadata\xmtest_sqldispatch.cxx,0x5e4,XMSqlStmtUHSelect::PrintHierarchyAsRowset,FUN_180f844c0,180f844c0,180f84f49
\Sql\Picasso\engine\src\imbi\metadata\xmtest_sqldispatch.cxx,0x63c,XMSqlStmtUHSelect::PrintHierarchyAsRowset,FUN_180f844c0,180f844c0,180f84f49
\Sql\Picasso\engine\src\imbi\metadata\xmtest_sqldispatch.cxx,0x65d,XMSqlStmtUHSelect::PrintHierarchyAsRowset,FUN_180f844c0,180f844c0,180f84f49
\Sql\Picasso\engine\src\imbi\metadata\xmtest_sqldispatch.cxx,0x54a,XMSqlStmtUHSelect::Validate,FUN_180f83930,180f83930,180f83ce8
\Sql\Picasso\engine\src\imbi\metadata\xmtest_sqldispatch.cxx,0x5b7,,FUN_180f84320,180f84320,180f8445c
\Sql\Picasso\engine\src\imbi\metadata\xmtest_sqldispatch.cxx,0x836,,FUN_180f89900,180f89900,180f8999c
\Sql\Picasso\engine\src\imbi\metadata\xmtest_sqldispatch.cxx,0x12f1,,FUN_180f94160,180f94160,180f94c6a
\Sql\Picasso\engine\src\imbi\metadata\xmtest_sqldispatch.cxx,0x14dd,,FUN_180f95c10,180f95c10,180f95c78
\Sql\Picasso\engine\src\imbi\metadata\xmtest_sqldispatch.hxx,0x391,XMImplTestCallbackExpressionIdentExpr::Marshall,FUN_180f7a890,180f7a890,180f7a894
\Sql\Picasso\engine\src\imbi\metadata\xmtest_sqldispatch.hxx,0x392,XMImplTestCallbackExpressionIdentExpr::Unmarshall,FUN_180f7a8f0,180f7a8f0,180f7a8f4
\Sql\Picasso\engine\src\imbi\metadata\xmtest_sqldispatch.hxx,0x3bd,XMImplTestCallbackExpressionSumExpr::Marshall,FUN_180f7ab00,180f7ab00,180f7ab04
\Sql\Picasso\engine\src\imbi\metadata\xmtest_sqldispatch.hxx,0x3be,XMImplTestCallbackExpressionSumExpr::Unmarshall,FUN_180f7ab60,180f7ab60,180f7ab64
\Sql\Picasso\engine\src\imbi\metadata\xmtest_sqldispatch.hxx,0x391,,FUN_180f7a890,180f7a890,180f7a894
\Sql\Picasso\engine\src\imbi\metadata\xmtest_sqldispatch.hxx,0x392,,FUN_180f7a8f0,180f7a8f0,180f7a8f4
\Sql\Picasso\engine\src\imbi\metadata\xmtest_sqldispatch.hxx,0x3bd,,FUN_180f7ab00,180f7ab00,180f7ab04
\Sql\Picasso\engine\src\imbi\metadata\xmtest_sqldispatch.hxx,0x3be,,FUN_180f7ab60,180f7ab60,180f7ab64
\Sql\Picasso\engine\src\imbi\metadata\xmtest_sqlparser.cxx,0x36,XMSqlYacc::Init,FUN_180f9c9f0,180f9c9f0,180f9caaf
\Sql\Picasso\engine\src\imbi\metadata\xmtest_sqlparser.hxx,0x166,XMSqlListOf<class XMSqlNode>::Init,FUN_180fa6d40,180fa6d40,180fa6d7a
\Sql\Picasso\engine\src\imbi\metadata\xmtest_sqlparser.hxx,0x166,XMSqlListOf<class XMSqlNodeAliasDefinition>::Init,FUN_180fa7700,180fa7700,180fa773a
\Sql\Picasso\engine\src\imbi\metadata\xmtest_sqlparser.hxx,0x166,XMSqlListOf<class XMSqlNodeColRef>::Init,FUN_180fa7220,180fa7220,180fa725a
\Sql\Picasso\engine\src\imbi\metadata\xmtest_sqlparser.hxx,0x166,XMSqlListOf<class XMSqlNodeColumnOption>::Init,FUN_180fa7490,180fa7490,180fa74ca
\Sql\Picasso\engine\src\imbi\metadata\xmtest_sqlparser.hxx,0x166,XMSqlListOf<class XMSqlNodeCondition>::Init,FUN_180fa6ee0,180fa6ee0,180fa6f1a
\Sql\Picasso\engine\src\imbi\metadata\xmtest_sqlparser.hxx,0x166,XMSqlListOf<class XMSqlNodeDataValue>::Init,FUN_180fa72f0,180fa72f0,180fa732a
\Sql\Picasso\engine\src\imbi\metadata\xmtest_sqlparser.hxx,0x166,XMSqlListOf<class XMSqlNodeDataValues>::Init,FUN_180fa6fb0,180fa6fb0,180fa6fea
\Sql\Picasso\engine\src\imbi\metadata\xmtest_sqlparser.hxx,0x166,XMSqlListOf<class XMSqlNodeDeclareColumn>::Init,FUN_180fa73c0,180fa73c0,180fa73fa
\Sql\Picasso\engine\src\imbi\metadata\xmtest_sqlparser.hxx,0x166,XMSqlListOf<class XMSqlNodeExpression>::Init,FUN_180fa77d0,180fa77d0,180fa780a
\Sql\Picasso\engine\src\imbi\metadata\xmtest_sqlparser.hxx,0x166,XMSqlListOf<class XMSqlNodeJoin>::Init,FUN_180fa7080,180fa7080,180fa70ba
\Sql\Picasso\engine\src\imbi\metadata\xmtest_sqlparser.hxx,0x166,XMSqlListOf<class XMSqlNodeLoadOption>::Init,FUN_180fa6c70,180fa6c70,180fa6caa
\Sql\Picasso\engine\src\imbi\metadata\xmtest_sqlparser.hxx,0x166,XMSqlListOf<class XMSqlNodeRelationshipOption>::Init,FUN_180fa7560,180fa7560,180fa759a
\Sql\Picasso\engine\src\imbi\metadata\xmtest_sqlparser.hxx,0x166,XMSqlListOf<class XMSqlNodeSelectField>::Init,FUN_180fa6e10,180fa6e10,180fa6e4a
\Sql\Picasso\engine\src\imbi\metadata\xmtest_sqlparser.hxx,0x166,XMSqlListOf<class XMSqlNodeTableOption>::Init,FUN_180fa7630,180fa7630,180fa766a
\Sql\Picasso\engine\src\imbi\metadata\xmtest_sqlparser.hxx,0x166,XMSqlListOf<class XMSqlNodeTableRef>::Init,FUN_180fa7150,180fa7150,180fa718a
\Sql\Picasso\engine\src\imbi\metadata\xmtest_sqlreduce.cxx,0x509,XMSqlYacc::reduce,FUN_180f9f2e0,180f9f2e0,180fa68c3
\Sql\Picasso\engine\src\imbi\metadata\xmtest_sqlreduce.cxx,0x8a6,XMSqlYacc::reduce,FUN_180f9f2e0,180f9f2e0,180fa68c3
\Sql\Picasso\engine\src\imbi\metadata\xmueberschemamgr.cpp,0x10c,XMUeberSchemaMgr::AddReplaceTable,FUN_180f43d60,180f43d60,180f43ed1
\Sql\Picasso\engine\src\imbi\metadata\xmueberschemamgr.cpp,0xf9,XMUeberSchemaMgr::AddTable,FUN_180f43a00,180f43a00,180f43cae
\Sql\Picasso\engine\src\imbi\metadata\xmueberschemamgr.cpp,0x100,XMUeberSchemaMgr::AddTable,FUN_180f43a00,180f43a00,180f43cae
\Sql\Picasso\engine\src\imbi\metadata\xmueberschemamgr.cpp,0x14e,XMUeberSchemaMgr::CreateRelationship,FUN_180f44570,180f44570,180f44b5c
\Sql\Picasso\engine\src\imbi\metadata\xmueberschemamgr.cpp,0x15f,XMUeberSchemaMgr::CreateRelationship,FUN_180f44570,180f44570,180f44b5c
\Sql\Picasso\engine\src\imbi\metadata\xmueberschemamgr.cpp,0x88,XMUeberSchemaMgr::Init,FUN_180f42e70,180f42e70,180f43212
\Sql\Picasso\engine\src\imbi\metadata\xmueberschemamgr.cpp,0x13e,XMUeberSchemaMgr::Relationship,FUN_180f441b0,180f441b0,180f44519
\Sql\Picasso\engine\src\imbi\metadata\xmueberschemamgr.cpp,0x1a4,XMUeberSchemaMgr::ResolveColumnID,FUN_180f44fa0,180f44fa0,180f45221
\Sql\Picasso\engine\src\imbi\metadata\xmueberschemamgr.cpp,400,XMUeberSchemaMgr::ResolveTableID,FUN_180f44c10,180f44c10,180f44ee8
\Sql\Picasso\engine\src\imbi\metadata\xmueberschemamgr.cpp,0x186,XMUeberSchemaMgr::ResolveTableID,FUN_180f44c10,180f44c10,180f44ee8
\Sql\Picasso\engine\src\imbi\metadata\xmueberschemamgr.cpp,0x88,,FUN_180f42e70,180f42e70,180f43212
\Sql\Picasso\engine\src\imbi\metadata\xmueberschemamgr.hpp,0xa2,XMUeberSchemaMgr::ApplySerializationFilter,FUN_180f47600,180f47600,180f47604
\Sql\Picasso\engine\src\imbi\metadata\xmueberschemamgr.hpp,0xa4,XMUeberSchemaMgr::CheckPrimaryVSFilteredTableMatch,FUN_180f47660,180f47660,180f47664
\Sql\Picasso\engine\src\imbi\metadata\xmueberschemamgr.hpp,0x85,XMUeberSchemaMgr::ClearOnError,FUN_180f47cc0,180f47cc0,180f47cc4
\Sql\Picasso\engine\src\imbi\metadata\xmueberschemamgr.hpp,0x5e,XMUeberSchemaMgr::CreateColumn,FUN_180f48620,180f48620,180f48624
\Sql\Picasso\engine\src\imbi\metadata\xmueberschemamgr.hpp,0x71,XMUeberSchemaMgr::CreateIMBIObject,FUN_180f47900,180f47900,180f47904
\Sql\Picasso\engine\src\imbi\metadata\xmueberschemamgr.hpp,0x70,XMUeberSchemaMgr::CreateModifyTable,FUN_180f477e0,180f477e0,180f477e4
\Sql\Picasso\engine\src\imbi\metadata\xmueberschemamgr.hpp,0xa5,XMUeberSchemaMgr::CreateSegmentDataObjects,FUN_180f476c0,180f476c0,180f476c4
\Sql\Picasso\engine\src\imbi\metadata\xmueberschemamgr.hpp,0x84,XMUeberSchemaMgr::CreateStorageArtifactsForTMUpgrade,FUN_180f47de0,180f47de0,180f47de4
\Sql\Picasso\engine\src\imbi\metadata\xmueberschemamgr.hpp,0x58,XMUeberSchemaMgr::CreateTable,FUN_180f484a0,180f484a0,180f484a4
\Sql\Picasso\engine\src\imbi\metadata\xmueberschemamgr.hpp,0x59,XMUeberSchemaMgr::CreateTableEx,FUN_180f48500,180f48500,180f48504
\Sql\Picasso\engine\src\imbi\metadata\xmueberschemamgr.hpp,0x67,XMUeberSchemaMgr::CreateUserHierarchy,FUN_180f487a0,180f487a0,180f487a4
\Sql\Picasso\engine\src\imbi\metadata\xmueberschemamgr.hpp,0x75,XMUeberSchemaMgr::DowngradeTableTo1103,FUN_180f47ae0,180f47ae0,180f47ae4
\Sql\Picasso\engine\src\imbi\metadata\xmueberschemamgr.hpp,0xc6,XMUeberSchemaMgr::DropAllXMTablesFromTM,FUN_180f480e0,180f480e0,180f480e4
\Sql\Picasso\engine\src\imbi\metadata\xmueberschemamgr.hpp,0x5f,XMUeberSchemaMgr::DropColumn,FUN_180f48680,180f48680,180f48684
\Sql\Picasso\engine\src\imbi\metadata\xmueberschemamgr.hpp,0x65,XMUeberSchemaMgr::DropRelationship,FUN_180f486e0,180f486e0,180f486e4
\Sql\Picasso\engine\src\imbi\metadata\xmueberschemamgr.hpp,0x66,XMUeberSchemaMgr::DropRelationshipAndUpdateRIViolations,FUN_180f48740,180f48740,180f48744
\Sql\Picasso\engine\src\imbi\metadata\xmueberschemamgr.hpp,0x5c,XMUeberSchemaMgr::DropTable,FUN_180f48560,180f48560,180f48564
\Sql\Picasso\engine\src\imbi\metadata\xmueberschemamgr.hpp,0x68,XMUeberSchemaMgr::DropUserHierarchy,FUN_180f48800,180f48800,180f48804
\Sql\Picasso\engine\src\imbi\metadata\xmueberschemamgr.hpp,0x76,XMUeberSchemaMgr::EditAllTablesForTMUpgrade,FUN_180f47840,180f47840,180f47844
\Sql\Picasso\engine\src\imbi\metadata\xmueberschemamgr.hpp,0x69,XMUeberSchemaMgr::EditPartition,FUN_180f48860,180f48860,180f48864
\Sql\Picasso\engine\src\imbi\metadata\xmueberschemamgr.hpp,0x5d,XMUeberSchemaMgr::EditTable,FUN_180f485c0,180f485c0,180f485c4
\Sql\Picasso\engine\src\imbi\metadata\xmueberschemamgr.hpp,0x91,XMUeberSchemaMgr::EstimateRefreshMemoryForPartition,FUN_180f48140,180f48140,180f48144
\Sql\Picasso\engine\src\imbi\metadata\xmueberschemamgr.hpp,0x51,XMUeberSchemaMgr::FindByName,FUN_180f48380,180f48380,180f48384
\Sql\Picasso\engine\src\imbi\metadata\xmueberschemamgr.hpp,0x4e,XMUeberSchemaMgr::FindByName,FUN_180f483e0,180f483e0,180f483e4
\Sql\Picasso\engine\src\imbi\metadata\xmueberschemamgr.hpp,0x4b,XMUeberSchemaMgr::FindByName,FUN_180f48440,180f48440,180f48444
\Sql\Picasso\engine\src\imbi\metadata\xmueberschemamgr.hpp,0x72,XMUeberSchemaMgr::FindTable,FUN_180f47960,180f47960,180f47964
\Sql\Picasso\engine\src\imbi\metadata\xmueberschemamgr.hpp,0x73,XMUeberSchemaMgr::GetDependentTables,FUN_180f479c0,180f479c0,180f479c4
\Sql\Picasso\engine\src\imbi\metadata\xmueberschemamgr.hpp,0x87,XMUeberSchemaMgr::GetSchemaLoadLock,FUN_180f47d80,180f47d80,180f47d84
\Sql\Picasso\engine\src\imbi\metadata\xmueberschemamgr.hpp,0x86,XMUeberSchemaMgr::GetSchemaLock,FUN_180f47d20,180f47d20,180f47d24
\Sql\Picasso\engine\src\imbi\metadata\xmueberschemamgr.hpp,200,XMUeberSchemaMgr::IsDBBeingDeleted,FUN_180f48200,180f48200,180f48215
\Sql\Picasso\engine\src\imbi\metadata\xmueberschemamgr.hpp,0x81,XMUeberSchemaMgr::LoadRelationshipsFromSavePoint,FUN_180f47c00,180f47c00,180f47c04
\Sql\Picasso\engine\src\imbi\metadata\xmueberschemamgr.hpp,0x80,XMUeberSchemaMgr::LoadSystemTableFromSavePoint,FUN_180f47ba0,180f47ba0,180f47ba4
\Sql\Picasso\engine\src\imbi\metadata\xmueberschemamgr.hpp,0x7f,XMUeberSchemaMgr::LoadTablesFromSavePoint,FUN_180f47b40,180f47b40,180f47b44
\Sql\Picasso\engine\src\imbi\metadata\xmueberschemamgr.hpp,0x7d,XMUeberSchemaMgr::MergeFilteredTablesIntoPrimaryTable,FUN_180f47a80,180f47a80,180f47a84
\Sql\Picasso\engine\src\imbi\metadata\xmueberschemamgr.hpp,0x6f,XMUeberSchemaMgr::PartitionsProcessed,FUN_180f47780,180f47780,180f47784
\Sql\Picasso\engine\src\imbi\metadata\xmueberschemamgr.hpp,0x77,XMUeberSchemaMgr::PropagateStatesForTMUpgrade,FUN_180f478a0,180f478a0,180f478a4
\Sql\Picasso\engine\src\imbi\metadata\xmueberschemamgr.hpp,0x74,XMUeberSchemaMgr::RefreshTableFilesList,FUN_180f47a20,180f47a20,180f47a24
\Sql\Picasso\engine\src\imbi\metadata\xmueberschemamgr.hpp,0x9d,XMUeberSchemaMgr::ResolveIntrinsicHierarchyID,FUN_180f47420,180f47420,180f47424
\Sql\Picasso\engine\src\imbi\metadata\xmueberschemamgr.hpp,0x9c,XMUeberSchemaMgr::ResolvePartitionID,FUN_180f473c0,180f473c0,180f473c4
\Sql\Picasso\engine\src\imbi\metadata\xmueberschemamgr.hpp,0xa0,XMUeberSchemaMgr::ResolvePartitionIndex,FUN_180f475a0,180f475a0,180f475a4
\Sql\Picasso\engine\src\imbi\metadata\xmueberschemamgr.hpp,0x9a,XMUeberSchemaMgr::ResolveRelationshipID,FUN_180f47360,180f47360,180f47364
\Sql\Picasso\engine\src\imbi\metadata\xmueberschemamgr.hpp,0x53,XMUeberSchemaMgr::ResolveTokenizationStatsTable,FUN_180f47540,180f47540,180f47544
\Sql\Picasso\engine\src\imbi\metadata\xmueberschemamgr.hpp,0x52,XMUeberSchemaMgr::ResolveTokenizationTable,FUN_180f474e0,180f474e0,180f474e4
\Sql\Picasso\engine\src\imbi\metadata\xmueberschemamgr.hpp,0x9e,XMUeberSchemaMgr::ResolveUserHierarchyID,FUN_180f47480,180f47480,180f47484
\Sql\Picasso\engine\src\imbi\metadata\xmueberschemamgr.hpp,0x89,XMUeberSchemaMgr::SetCollation,FUN_180f47e60,180f47e60,180f47e64
\Sql\Picasso\engine\src\imbi\metadata\xmueberschemamgr.hpp,0x8d,XMUeberSchemaMgr::SetCompatibilityLevel,FUN_180f47f60,180f47f60,180f47f64
\Sql\Picasso\engine\src\imbi\metadata\xmueberschemamgr.hpp,0xc9,XMUeberSchemaMgr::SetDBBeingDeleted,FUN_180f48270,180f48270,180f48285
\Sql\Picasso\engine\src\imbi\metadata\xmueberschemamgr.hpp,0x8b,XMUeberSchemaMgr::SetDefaultCollationVersion,FUN_180f47ee0,180f47ee0,180f47ee4
\Sql\Picasso\engine\src\imbi\metadata\xmueberschemamgr.hpp,0x6e,XMUeberSchemaMgr::TableExists,FUN_180f47720,180f47720,180f47724
\Sql\Picasso\engine\src\imbi\metadata\xmueberschemamgr.hpp,0x93,XMUeberSchemaMgr::TraceAggSegmentStats,FUN_180f481a0,180f481a0,180f481a4
\Sql\Picasso\engine\src\imbi\metadata\xmueberschemamgr.hpp,0xc4,XMUeberSchemaMgr::TraverseIMBIForDiskfullSizeEstimation,FUN_180f48080,180f48080,180f48084
\Sql\Picasso\engine\src\imbi\metadata\xmueberschemamgr.hpp,0xc0,XMUeberSchemaMgr::TraverseIMBIForDisklessBackup,FUN_180f47fc0,180f47fc0,180f47fc4
\Sql\Picasso\engine\src\imbi\metadata\xmueberschemamgr.hpp,0xc2,XMUeberSchemaMgr::TraverseIMBIForDisklessSizeEstimation,FUN_180f48020,180f48020,180f48024
\Sql\Picasso\engine\src\imbi\metadata\xmueberschemamgr.hpp,0x82,XMUeberSchemaMgr::UpdateRIViolationCountOnPrimaryKeyTables,FUN_180f47c60,180f47c60,180f47c64
\Sql\Picasso\engine\src\imbi\metadata\xmueberschemamgr.hpp,0x9a,,FUN_180f47360,180f47360,180f47364
\Sql\Picasso\engine\src\imbi\metadata\xmueberschemamgr.hpp,0x9c,,FUN_180f473c0,180f473c0,180f473c4
\Sql\Picasso\engine\src\imbi\metadata\xmueberschemamgr.hpp,0x9d,,FUN_180f47420,180f47420,180f47424
\Sql\Picasso\engine\src\imbi\metadata\xmueberschemamgr.hpp,0x9e,,FUN_180f47480,180f47480,180f47484
\Sql\Picasso\engine\src\imbi\metadata\xmueberschemamgr.hpp,0x52,,FUN_180f474e0,180f474e0,180f474e4
\Sql\Picasso\engine\src\imbi\metadata\xmueberschemamgr.hpp,0x53,,FUN_180f47540,180f47540,180f47544
\Sql\Picasso\engine\src\imbi\metadata\xmueberschemamgr.hpp,0xa0,,FUN_180f475a0,180f475a0,180f475a4
\Sql\Picasso\engine\src\imbi\metadata\xmueberschemamgr.hpp,0xa2,,FUN_180f47600,180f47600,180f47604
\Sql\Picasso\engine\src\imbi\metadata\xmueberschemamgr.hpp,0xa4,,FUN_180f47660,180f47660,180f47664
\Sql\Picasso\engine\src\imbi\metadata\xmueberschemamgr.hpp,0xa5,,FUN_180f476c0,180f476c0,180f476c4
\Sql\Picasso\engine\src\imbi\metadata\xmueberschemamgr.hpp,0x6e,,FUN_180f47720,180f47720,180f47724
\Sql\Picasso\engine\src\imbi\metadata\xmueberschemamgr.hpp,0x6f,,FUN_180f47780,180f47780,180f47784
\Sql\Picasso\engine\src\imbi\metadata\xmueberschemamgr.hpp,0x70,,FUN_180f477e0,180f477e0,180f477e4
\Sql\Picasso\engine\src\imbi\metadata\xmueberschemamgr.hpp,0x76,,FUN_180f47840,180f47840,180f47844
\Sql\Picasso\engine\src\imbi\metadata\xmueberschemamgr.hpp,0x77,,FUN_180f478a0,180f478a0,180f478a4
\Sql\Picasso\engine\src\imbi\metadata\xmueberschemamgr.hpp,0x71,,FUN_180f47900,180f47900,180f47904
\Sql\Picasso\engine\src\imbi\metadata\xmueberschemamgr.hpp,0x72,,FUN_180f47960,180f47960,180f47964
\Sql\Picasso\engine\src\imbi\metadata\xmueberschemamgr.hpp,0x73,,FUN_180f479c0,180f479c0,180f479c4
\Sql\Picasso\engine\src\imbi\metadata\xmueberschemamgr.hpp,0x74,,FUN_180f47a20,180f47a20,180f47a24
\Sql\Picasso\engine\src\imbi\metadata\xmueberschemamgr.hpp,0x7d,,FUN_180f47a80,180f47a80,180f47a84
\Sql\Picasso\engine\src\imbi\metadata\xmueberschemamgr.hpp,0x75,,FUN_180f47ae0,180f47ae0,180f47ae4
\Sql\Picasso\engine\src\imbi\metadata\xmueberschemamgr.hpp,0x7f,,FUN_180f47b40,180f47b40,180f47b44
\Sql\Picasso\engine\src\imbi\metadata\xmueberschemamgr.hpp,0x80,,FUN_180f47ba0,180f47ba0,180f47ba4
\Sql\Picasso\engine\src\imbi\metadata\xmueberschemamgr.hpp,0x81,,FUN_180f47c00,180f47c00,180f47c04
\Sql\Picasso\engine\src\imbi\metadata\xmueberschemamgr.hpp,0x82,,FUN_180f47c60,180f47c60,180f47c64
\Sql\Picasso\engine\src\imbi\metadata\xmueberschemamgr.hpp,0x85,,FUN_180f47cc0,180f47cc0,180f47cc4
\Sql\Picasso\engine\src\imbi\metadata\xmueberschemamgr.hpp,0x86,,FUN_180f47d20,180f47d20,180f47d24
\Sql\Picasso\engine\src\imbi\metadata\xmueberschemamgr.hpp,0x87,,FUN_180f47d80,180f47d80,180f47d84
\Sql\Picasso\engine\src\imbi\metadata\xmueberschemamgr.hpp,0x84,,FUN_180f47de0,180f47de0,180f47de4
\Sql\Picasso\engine\src\imbi\metadata\xmueberschemamgr.hpp,0x89,,FUN_180f47e60,180f47e60,180f47e64
\Sql\Picasso\engine\src\imbi\metadata\xmueberschemamgr.hpp,0x8b,,FUN_180f47ee0,180f47ee0,180f47ee4
\Sql\Picasso\engine\src\imbi\metadata\xmueberschemamgr.hpp,0x8d,,FUN_180f47f60,180f47f60,180f47f64
\Sql\Picasso\engine\src\imbi\metadata\xmueberschemamgr.hpp,0xc0,,FUN_180f47fc0,180f47fc0,180f47fc4
\Sql\Picasso\engine\src\imbi\metadata\xmueberschemamgr.hpp,0xc2,,FUN_180f48020,180f48020,180f48024
\Sql\Picasso\engine\src\imbi\metadata\xmueberschemamgr.hpp,0xc4,,FUN_180f48080,180f48080,180f48084
\Sql\Picasso\engine\src\imbi\metadata\xmueberschemamgr.hpp,0xc6,,FUN_180f480e0,180f480e0,180f480e4
\Sql\Picasso\engine\src\imbi\metadata\xmueberschemamgr.hpp,0x91,,FUN_180f48140,180f48140,180f48144
\Sql\Picasso\engine\src\imbi\metadata\xmueberschemamgr.hpp,0x93,,FUN_180f481a0,180f481a0,180f481a4
\Sql\Picasso\engine\src\imbi\metadata\xmueberschemamgr.hpp,200,,FUN_180f48200,180f48200,180f48215
\Sql\Picasso\engine\src\imbi\metadata\xmueberschemamgr.hpp,0xc9,,FUN_180f48270,180f48270,180f48285
\Sql\Picasso\engine\src\imbi\metadata\xmueberschemamgr.hpp,0x51,,FUN_180f48380,180f48380,180f48384
\Sql\Picasso\engine\src\imbi\metadata\xmueberschemamgr.hpp,0x4e,,FUN_180f483e0,180f483e0,180f483e4
\Sql\Picasso\engine\src\imbi\metadata\xmueberschemamgr.hpp,0x4b,,FUN_180f48440,180f48440,180f48444
\Sql\Picasso\engine\src\imbi\metadata\xmueberschemamgr.hpp,0x58,,FUN_180f484a0,180f484a0,180f484a4
\Sql\Picasso\engine\src\imbi\metadata\xmueberschemamgr.hpp,0x59,,FUN_180f48500,180f48500,180f48504
\Sql\Picasso\engine\src\imbi\metadata\xmueberschemamgr.hpp,0x5c,,FUN_180f48560,180f48560,180f48564
\Sql\Picasso\engine\src\imbi\metadata\xmueberschemamgr.hpp,0x5d,,FUN_180f485c0,180f485c0,180f485c4
\Sql\Picasso\engine\src\imbi\metadata\xmueberschemamgr.hpp,0x5e,,FUN_180f48620,180f48620,180f48624
\Sql\Picasso\engine\src\imbi\metadata\xmueberschemamgr.hpp,0x5f,,FUN_180f48680,180f48680,180f48684
\Sql\Picasso\engine\src\imbi\metadata\xmueberschemamgr.hpp,0x65,,FUN_180f486e0,180f486e0,180f486e4
\Sql\Picasso\engine\src\imbi\metadata\xmueberschemamgr.hpp,0x66,,FUN_180f48740,180f48740,180f48744
\Sql\Picasso\engine\src\imbi\metadata\xmueberschemamgr.hpp,0x67,,FUN_180f487a0,180f487a0,180f487a4
\Sql\Picasso\engine\src\imbi\metadata\xmueberschemamgr.hpp,0x68,,FUN_180f48800,180f48800,180f48804
\Sql\Picasso\engine\src\imbi\metadata\xmueberschemamgr.hpp,0x69,,FUN_180f48860,180f48860,180f48864
\Sql\Picasso\engine\src\imbi\process\parquet_file.cpp,0x5d7,`anonymous-namespace\'::EnsureTrailingSlash,FUN_180491fc0,180491fc0,1804920a4
\Sql\Picasso\engine\src\imbi\process\parquet_file.cpp,0x605,`anonymous-namespace\'::GetParquetLogicalType,FUN_180492490,180492490,18049253c
\Sql\Picasso\engine\src\imbi\process\parquet_file.cpp,0x61d,`anonymous-namespace\'::GetParquetPhysicalType,FUN_180494950,180494950,180494d44
\Sql\Picasso\engine\src\imbi\process\parquet_file.cpp,0x6d1,akeFileBlobOutputStream::FlushDataToBlobIfNeeded,FUN_180493200,180493200,1804932ce
\Sql\Picasso\engine\src\imbi\process\parquet_file.cpp,0x6a4,akeFileBlobOutputStream::Write,FUN_180492f60,180492f60,1804930b2
\Sql\Picasso\engine\src\imbi\process\parquet_file.cpp,0x1db,ArrowFile::Read,FUN_18048a6f0,18048a6f0,18048a6f4
\Sql\Picasso\engine\src\imbi\process\parquet_file.cpp,0x1dc,ArrowFile::Read,FUN_18048a750,18048a750,18048a754
\Sql\Picasso\engine\src\imbi\process\parquet_file.cpp,0x1d6,ArrowFile::ReadAsync,FUN_18048a570,18048a570,18048a574
\Sql\Picasso\engine\src\imbi\process\parquet_file.cpp,0x1d5,ArrowFile::ReadAt,FUN_18048a510,18048a510,18048a514
\Sql\Picasso\engine\src\imbi\process\parquet_file.cpp,0x1d9,ArrowFile::Seek,FUN_18048a630,18048a630,18048a634
\Sql\Picasso\engine\src\imbi\process\parquet_file.cpp,0x1da,ArrowFile::Tell,FUN_18048a690,18048a690,18048a694
\Sql\Picasso\engine\src\imbi\process\parquet_file.cpp,0x1d7,ArrowFile::WillNeed,FUN_18048a5d0,18048a5d0,18048a5d4
\Sql\Picasso\engine\src\imbi\process\parquet_file.cpp,0x49c,DeletionVectorInfo::Make,FUN_18048fa40,18048fa40,18048fd40
\Sql\Picasso\engine\src\imbi\process\parquet_file.cpp,0x59a,ParquetFile::ReadExternalDeletionVector,FUN_180491940,180491940,180491b36
\Sql\Picasso\engine\src\imbi\process\parquet_file.cpp,0x21e,WindowsFile::ETag,FUN_18048ad00,18048ad00,18048ad04
\Sql\Picasso\engine\src\imbi\process\parquet_file.cpp,0x220,WindowsFile::ValidateETag,FUN_18048ad60,18048ad60,18048ad64
\Sql\Picasso\engine\src\imbi\process\parquet_file.cpp,0x286,,Catch@1810dba40,1810dba40,1810dba55
\Sql\Picasso\engine\src\imbi\process\parquet_file.cpp,0x422,,Catch@1810dc91a,1810dc91a,1810dc9f1
\Sql\Picasso\engine\src\imbi\process\parquet_file.cpp,0x68f,,Catch@1810de105,1810de105,1810de11a
\Sql\Picasso\engine\src\imbi\process\parquet_file.cpp,0x6d6,,Catch@1810de2f4,1810de2f4,1810de309
\Sql\Picasso\engine\src\imbi\process\parquet_file.cpp,0x164,,Catch@1810e0213,1.81E+216,1.81E+232
\Sql\Picasso\engine\src\imbi\process\parquet_file.cpp,0x164,,Catch@1810e06c3,1810e06c3,1810e06d9
\Sql\Picasso\engine\src\imbi\process\parquet_file.cpp,0x164,,Catch@1810e0bc3,1810e0bc3,1810e0bd9
\Sql\Picasso\engine\src\imbi\process\parquet_file.cpp,0x164,,Catch@1810e1073,1810e1073,1810e1089
\Sql\Picasso\engine\src\imbi\process\parquet_file.cpp,0x164,,Catch@1810e15a0,1810e15a0,1810e15b5
\Sql\Picasso\engine\src\imbi\process\parquet_file.cpp,0xb6,,FUN_18048a100,18048a100,18048a217
\Sql\Picasso\engine\src\imbi\process\parquet_file.cpp,0x1d5,,FUN_18048a510,18048a510,18048a514
\Sql\Picasso\engine\src\imbi\process\parquet_file.cpp,0x1d6,,FUN_18048a570,18048a570,18048a574
\Sql\Picasso\engine\src\imbi\process\parquet_file.cpp,0x1d7,,FUN_18048a5d0,18048a5d0,18048a5d4
\Sql\Picasso\engine\src\imbi\process\parquet_file.cpp,0x1d9,,FUN_18048a630,18048a630,18048a634
\Sql\Picasso\engine\src\imbi\process\parquet_file.cpp,0x1da,,FUN_18048a690,18048a690,18048a694
\Sql\Picasso\engine\src\imbi\process\parquet_file.cpp,0x1db,,FUN_18048a6f0,18048a6f0,18048a6f4
\Sql\Picasso\engine\src\imbi\process\parquet_file.cpp,0x1dc,,FUN_18048a750,18048a750,18048a754
\Sql\Picasso\engine\src\imbi\process\parquet_file.cpp,0x21e,,FUN_18048ad00,18048ad00,18048ad04
\Sql\Picasso\engine\src\imbi\process\parquet_file.cpp,0x220,,FUN_18048ad60,18048ad60,18048ad64
\Sql\Picasso\engine\src\imbi\process\parquet_file.cpp,0x605,,FUN_180492490,180492490,18049253c
\Sql\Picasso\engine\src\imbi\process\seethru_validation.cpp,0x5a,SeethruValidation::GetPrecisionScaleForInt,FUN_180299d60,180299d60,18029b316
\Sql\Picasso\engine\src\imbi\process\seethru_validation.cpp,0xc0,,FUN_1804b82a0,1804b82a0,1804b83c1
\Sql\Picasso\engine\src\imbi\process\seethru.cpp,0x17c4,`anonymous-namespace\'::EncodeValueAndFillSegment,FUN_180298bd0,180298bd0,180298d65
\Sql\Picasso\engine\src\imbi\process\seethru.cpp,0x15ef,`anonymous-namespace\'::MakeParquetStatisticsFromFLBA,FUN_1802973a0,1802973a0,1802976b5
\Sql\Picasso\engine\src\imbi\process\seethru.cpp,0x15b1,`anonymous-namespace\'::MakeParquetStatisticsFromIEEE754,FUN_1802971d0,1802971d0,180297320
\Sql\Picasso\engine\src\imbi\process\seethru.cpp,0x9b6,`anonymous-namespace\'::ReadDictionary,FUN_1802a3620,1802a3620,1802a372e
\Sql\Picasso\engine\src\imbi\process\seethru.cpp,0x9b6,`anonymous-namespace\'::ReadDictionary,FUN_1802aa7b0,1802aa7b0,1802aa9b6
\Sql\Picasso\engine\src\imbi\process\seethru.cpp,0x9c6,`anonymous-namespace\'::ReadValues,FUN_18028ed00,18028ed00,18028ee5b
\Sql\Picasso\engine\src\imbi\process\seethru.cpp,0x9bd,`anonymous-namespace\'::ReadValues,FUN_18028f160,18028f160,18028f1f8
\Sql\Picasso\engine\src\imbi\process\seethru.cpp,0x9bd,`anonymous-namespace\'::ReadValues,FUN_1802bd5a0,1802bd5a0,1802bd6e3
\Sql\Picasso\engine\src\imbi\process\seethru.cpp,0x9bd,`anonymous-namespace\'::ReadValues,FUN_1802bf200,1802bf200,1802bf298
\Sql\Picasso\engine\src\imbi\process\seethru.cpp,0x9bd,`anonymous-namespace\'::ReadValues,FUN_1802c0f60,1802c0f60,1802c10a3
\Sql\Picasso\engine\src\imbi\process\seethru.cpp,0x9bd,`anonymous-namespace\'::ReadValues,FUN_1802c1e60,1802c1e60,1802c1ef8
\Sql\Picasso\engine\src\imbi\process\seethru.cpp,0x9da,`anonymous-namespace\'::ReadValuesTransform,FUN_1802a3910,1802a3910,1802a39c1
\Sql\Picasso\engine\src\imbi\process\seethru.cpp,0x9da,`anonymous-namespace\'::ReadValuesTransform,FUN_1802a3ba0,1802a3ba0,1802a3c51
\Sql\Picasso\engine\src\imbi\process\seethru.cpp,0x9da,`anonymous-namespace\'::ReadValuesTransform,FUN_1802a3e80,1802a3e80,1802a3f31
\Sql\Picasso\engine\src\imbi\process\seethru.cpp,0x9da,`anonymous-namespace\'::ReadValuesTransform,FUN_1802a3f90,1802a3f90,1802a4297
\Sql\Picasso\engine\src\imbi\process\seethru.cpp,0x9da,`anonymous-namespace\'::ReadValuesTransform,FUN_1802a44c0,1802a44c0,1802a4571
\Sql\Picasso\engine\src\imbi\process\seethru.cpp,0x9da,`anonymous-namespace\'::ReadValuesTransform,FUN_1802a45d0,1802a45d0,1802a48d7
\Sql\Picasso\engine\src\imbi\process\seethru.cpp,0x9da,`anonymous-namespace\'::ReadValuesTransform,FUN_1802a4ab0,1802a4ab0,1802a4b61
\Sql\Picasso\engine\src\imbi\process\seethru.cpp,0x9da,`anonymous-namespace\'::ReadValuesTransform,FUN_1802a4bc0,1802a4bc0,1802a4ea6
\Sql\Picasso\engine\src\imbi\process\seethru.cpp,0x9da,`anonymous-namespace\'::ReadValuesTransform,FUN_1802a5080,1802a5080,1802a5131
\Sql\Picasso\engine\src\imbi\process\seethru.cpp,0x9da,`anonymous-namespace\'::ReadValuesTransform,FUN_1802a5190,1802a5190,1802a5476
\Sql\Picasso\engine\src\imbi\process\seethru.cpp,0x9da,`anonymous-namespace\'::ReadValuesTransform,FUN_1802a54d0,1802a54d0,1802a57ef
\Sql\Picasso\engine\src\imbi\process\seethru.cpp,0x9da,`anonymous-namespace\'::ReadValuesTransform,FUN_1802a5850,1802a5850,1802a5b6f
\Sql\Picasso\engine\src\imbi\process\seethru.cpp,0x9da,`anonymous-namespace\'::ReadValuesTransform,FUN_1802a5bd0,1802a5bd0,1802a5ec7
\Sql\Picasso\engine\src\imbi\process\seethru.cpp,0x9da,`anonymous-namespace\'::ReadValuesTransform,FUN_1802a5f20,1802a5f20,1802a6217
\Sql\Picasso\engine\src\imbi\process\seethru.cpp,0x9da,`anonymous-namespace\'::ReadValuesTransform,FUN_1802a7000,1802a7000,1802a7098
\Sql\Picasso\engine\src\imbi\process\seethru.cpp,0x9da,`anonymous-namespace\'::ReadValuesTransform,FUN_1802a70f0,1802a70f0,1802a73cb
\Sql\Picasso\engine\src\imbi\process\seethru.cpp,0x9da,`anonymous-namespace\'::ReadValuesTransform,FUN_1802a7420,1802a7420,1802a7708
\Sql\Picasso\engine\src\imbi\process\seethru.cpp,0x9da,`anonymous-namespace\'::ReadValuesTransform,FUN_1802a7760,1802a7760,1802a7a4c
\Sql\Picasso\engine\src\imbi\process\seethru.cpp,0x9da,`anonymous-namespace\'::ReadValuesTransform,FUN_1802a8590,1802a8590,1802a8628
\Sql\Picasso\engine\src\imbi\process\seethru.cpp,0x9da,`anonymous-namespace\'::ReadValuesTransform,FUN_1802a8680,1802a8680,1802a8981
\Sql\Picasso\engine\src\imbi\process\seethru.cpp,0x9da,`anonymous-namespace\'::ReadValuesTransform,FUN_1802a89e0,1802a89e0,1802a8cf6
\Sql\Picasso\engine\src\imbi\process\seethru.cpp,0x9da,`anonymous-namespace\'::ReadValuesTransform,FUN_1802a8d50,1802a8d50,1802a906e
\Sql\Picasso\engine\src\imbi\process\seethru.cpp,0x9da,`anonymous-namespace\'::ReadValuesTransform,FUN_1802b9b70,1802b9b70,1802b9c08
\Sql\Picasso\engine\src\imbi\process\seethru.cpp,0x9da,`anonymous-namespace\'::ReadValuesTransform,FUN_1802ba620,1802ba620,1802ba932
\Sql\Picasso\engine\src\imbi\process\seethru.cpp,0x9da,`anonymous-namespace\'::ReadValuesTransform,FUN_1802bad00,1802bad00,1802bad98
\Sql\Picasso\engine\src\imbi\process\seethru.cpp,0x9da,`anonymous-namespace\'::ReadValuesTransform,FUN_1802bb7b0,1802bb7b0,1802bbac2
\Sql\Picasso\engine\src\imbi\process\seethru.cpp,0x9da,`anonymous-namespace\'::ReadValuesTransform,FUN_1802bbe90,1802bbe90,1802bbf28
\Sql\Picasso\engine\src\imbi\process\seethru.cpp,0x9da,`anonymous-namespace\'::ReadValuesTransform,FUN_1802bc940,1802bc940,1802bcc52
\Sql\Picasso\engine\src\imbi\process\seethru.cpp,0x9da,`anonymous-namespace\'::ReadValuesTransform,FUN_1802bd740,1802bd740,1802bd8d8
\Sql\Picasso\engine\src\imbi\process\seethru.cpp,0x9da,`anonymous-namespace\'::ReadValuesTransform,FUN_1802bda00,1802bda00,1802bdce2
\Sql\Picasso\engine\src\imbi\process\seethru.cpp,0x9da,`anonymous-namespace\'::ReadValuesTransform,FUN_1802bdd40,1802bdd40,1802bdeca
\Sql\Picasso\engine\src\imbi\process\seethru.cpp,0x9da,`anonymous-namespace\'::ReadValuesTransform,FUN_1802bdf20,1802bdf20,1802be0b8
\Sql\Picasso\engine\src\imbi\process\seethru.cpp,0x9da,`anonymous-namespace\'::ReadValuesTransform,FUN_1802be110,1802be110,1802be3fb
\Sql\Picasso\engine\src\imbi\process\seethru.cpp,0x9da,`anonymous-namespace\'::ReadValuesTransform,FUN_1802be450,1802be450,1802be748
\Sql\Picasso\engine\src\imbi\process\seethru.cpp,0x9da,`anonymous-namespace\'::ReadValuesTransform,FUN_1802be7a0,1802be7a0,1802bea5c
\Sql\Picasso\engine\src\imbi\process\seethru.cpp,0x9da,`anonymous-namespace\'::ReadValuesTransform,FUN_1802bec60,1802bec60,1802bef51
\Sql\Picasso\engine\src\imbi\process\seethru.cpp,0x9da,`anonymous-namespace\'::ReadValuesTransform,FUN_1802befb0,1802befb0,1802bf1a8
\Sql\Picasso\engine\src\imbi\process\seethru.cpp,0x9da,`anonymous-namespace\'::ReadValuesTransform,FUN_1802bf2f0,1802bf2f0,1802bf488
\Sql\Picasso\engine\src\imbi\process\seethru.cpp,0x9da,`anonymous-namespace\'::ReadValuesTransform,FUN_1802bfe10,1802bfe10,1802c011e
\Sql\Picasso\engine\src\imbi\process\seethru.cpp,0x9da,`anonymous-namespace\'::ReadValuesTransform,FUN_1802c0180,1802c0180,1802c04a1
\Sql\Picasso\engine\src\imbi\process\seethru.cpp,0x9da,`anonymous-namespace\'::ReadValuesTransform,FUN_1802c0500,1802c0500,1802c07bc
\Sql\Picasso\engine\src\imbi\process\seethru.cpp,0x9da,`anonymous-namespace\'::ReadValuesTransform,FUN_1802c09c0,1802c09c0,1802c0cb5
\Sql\Picasso\engine\src\imbi\process\seethru.cpp,0x9da,`anonymous-namespace\'::ReadValuesTransform,FUN_1802c0d10,1802c0d10,1802c0f08
\Sql\Picasso\engine\src\imbi\process\seethru.cpp,0x9da,`anonymous-namespace\'::ReadValuesTransform,FUN_1802c1100,1802c1100,1802c13ef
\Sql\Picasso\engine\src\imbi\process\seethru.cpp,0x9da,`anonymous-namespace\'::ReadValuesTransform,FUN_1802c1450,1802c1450,1802c1726
\Sql\Picasso\engine\src\imbi\process\seethru.cpp,0x9da,`anonymous-namespace\'::ReadValuesTransform,FUN_1802c1780,1802c1780,1802c1a66
\Sql\Picasso\engine\src\imbi\process\seethru.cpp,0x9da,`anonymous-namespace\'::ReadValuesTransform,FUN_1802c1ac0,1802c1ac0,1802c1c50
\Sql\Picasso\engine\src\imbi\process\seethru.cpp,0x9da,`anonymous-namespace\'::ReadValuesTransform,FUN_1802c23e0,1802c23e0,1802c26b8
\Sql\Picasso\engine\src\imbi\process\seethru.cpp,0x9da,`anonymous-namespace\'::ReadValuesTransform,FUN_1802c2710,1802c2710,1802c2a02
\Sql\Picasso\engine\src\imbi\process\seethru.cpp,0x9da,`anonymous-namespace\'::ReadValuesTransform,FUN_1802c2a60,1802c2a60,1802c2bf0
\Sql\Picasso\engine\src\imbi\process\seethru.cpp,0x9da,`anonymous-namespace\'::ReadValuesTransform,FUN_1802e09b0,1802e09b0,1802e0a48
\Sql\Picasso\engine\src\imbi\process\seethru.cpp,0x9da,`anonymous-namespace\'::ReadValuesTransform,FUN_1802e0aa0,1802e0aa0,1802e0da7
\Sql\Picasso\engine\src\imbi\process\seethru.cpp,0x9da,`anonymous-namespace\'::ReadValuesTransform,FUN_1802e0e00,1802e0e00,1802e111d
\Sql\Picasso\engine\src\imbi\process\seethru.cpp,0x9da,`anonymous-namespace\'::ReadValuesTransform,FUN_1802e1180,1802e1180,1802e1492
\Sql\Picasso\engine\src\imbi\process\seethru.cpp,0x9da,`anonymous-namespace\'::ReadValuesTransform,FUN_1802e1860,1802e1860,1802e18f8
\Sql\Picasso\engine\src\imbi\process\seethru.cpp,0x9da,`anonymous-namespace\'::ReadValuesTransform,FUN_1802e1950,1802e1950,1802e1c57
\Sql\Picasso\engine\src\imbi\process\seethru.cpp,0x9da,`anonymous-namespace\'::ReadValuesTransform,FUN_1802e1cb0,1802e1cb0,1802e1fcd
\Sql\Picasso\engine\src\imbi\process\seethru.cpp,0x9da,`anonymous-namespace\'::ReadValuesTransform,FUN_1802e2030,1802e2030,1802e2342
\Sql\Picasso\engine\src\imbi\process\seethru.cpp,0x9da,`anonymous-namespace\'::ReadValuesTransform,FUN_1802e2710,1802e2710,1802e27a8
\Sql\Picasso\engine\src\imbi\process\seethru.cpp,0x9da,`anonymous-namespace\'::ReadValuesTransform,FUN_1802e2800,1802e2800,1802e2b07
\Sql\Picasso\engine\src\imbi\process\seethru.cpp,0x9da,`anonymous-namespace\'::ReadValuesTransform,FUN_1802e2b60,1802e2b60,1802e2e7d
\Sql\Picasso\engine\src\imbi\process\seethru.cpp,0x9da,`anonymous-namespace\'::ReadValuesTransform,FUN_1802e2ee0,1802e2ee0,1802e31f2
\Sql\Picasso\engine\src\imbi\process\seethru.cpp,0x9e3,`anonymous-namespace\'::ReadValuesTransformInPlace,FUN_1802b9f20,1802b9f20,1802ba0bf
\Sql\Picasso\engine\src\imbi\process\seethru.cpp,0x9e3,`anonymous-namespace\'::ReadValuesTransformInPlace,FUN_1802ba400,1802ba400,1802ba5c8
\Sql\Picasso\engine\src\imbi\process\seethru.cpp,0x9e3,`anonymous-namespace\'::ReadValuesTransformInPlace,FUN_1802bb0b0,1802bb0b0,1802bb24f
\Sql\Picasso\engine\src\imbi\process\seethru.cpp,0x9e3,`anonymous-namespace\'::ReadValuesTransformInPlace,FUN_1802bb590,1802bb590,1802bb758
\Sql\Picasso\engine\src\imbi\process\seethru.cpp,0x9e3,`anonymous-namespace\'::ReadValuesTransformInPlace,FUN_1802bc240,1802bc240,1802bc3df
\Sql\Picasso\engine\src\imbi\process\seethru.cpp,0x9e3,`anonymous-namespace\'::ReadValuesTransformInPlace,FUN_1802bc720,1802bc720,1802bc8e8
\Sql\Picasso\engine\src\imbi\process\seethru.cpp,0x9e3,`anonymous-namespace\'::ReadValuesTransformInPlace,FUN_1802bf840,1802bf840,1802bf9a9
\Sql\Picasso\engine\src\imbi\process\seethru.cpp,0x9e3,`anonymous-namespace\'::ReadValuesTransformInPlace,FUN_1802bfa00,1802bfa00,1802bfbe7
\Sql\Picasso\engine\src\imbi\process\seethru.cpp,0x9e3,`anonymous-namespace\'::ReadValuesTransformInPlace,FUN_1802bfc40,1802bfc40,1802bfdb6
\Sql\Picasso\engine\src\imbi\process\seethru.cpp,0x9e3,`anonymous-namespace\'::ReadValuesTransformInPlace,FUN_1802c2210,1802c2210,1802c238a
\Sql\Picasso\engine\src\imbi\process\seethru.cpp,0x12d1,`anonymous-namespace\'::RoaringBitmapParser::Validate,FUN_180294390,180294390,1802945bc
\Sql\Picasso\engine\src\imbi\process\seethru.cpp,0x1366,`anonymous-namespace\'::RoaringBitmapParser::VisitDeletionVector,FUN_1802947e0,1.80E+06,180294af3
\Sql\Picasso\engine\src\imbi\process\seethru.cpp,0xd82,BootstrapRowgroupDictionaryImpl,FUN_180292280,180292280,180292470
\Sql\Picasso\engine\src\imbi\process\seethru.cpp,0x14e9,ColumnChunkResource::DoFetchImpl,FUN_180295c00,180295c00,1802964ae
\Sql\Picasso\engine\src\imbi\process\seethru.cpp,0x14f2,ColumnChunkResource::DoFetchImpl,FUN_180295c00,180295c00,1802964ae
\Sql\Picasso\engine\src\imbi\process\seethru.cpp,0x151f,ColumnChunkResource::DoFetchImpl,FUN_180295c00,180295c00,1802964ae
\Sql\Picasso\engine\src\imbi\process\seethru.cpp,0x14e8,ColumnChunkResource::DoFetchImpl,FUN_180295c00,180295c00,1802964ae
\Sql\Picasso\engine\src\imbi\process\seethru.cpp,0x1722,ColumnChunkResource::TryGetChunkParquetCountValues,FUN_180298850,180298850,180298a5c
\Sql\Picasso\engine\src\imbi\process\seethru.cpp,0x1666,ColumnChunkResource::TryGetChunkParquetStatistics,FUN_180297f70,180297f70,180298220
\Sql\Picasso\engine\src\imbi\process\seethru.cpp,0x170e,ColumnChunkResource::TryGetChunkParquetStatistics,FUN_180297f70,180297f70,180298220
\Sql\Picasso\engine\src\imbi\process\seethru.cpp,0x16ff,ColumnChunkResource::TryGetChunkParquetStatistics,FUN_180297f70,180297f70,180298220
\Sql\Picasso\engine\src\imbi\process\seethru.cpp,0x16e0,ColumnChunkResource::TryGetChunkParquetStatistics,FUN_180297f70,180297f70,180298220
\Sql\Picasso\engine\src\imbi\process\seethru.cpp,0x328,ColumnChunkResourceBase::DoEvict,FUN_18028cb70,18028cb70,18028ccb9
\Sql\Picasso\engine\src\imbi\process\seethru.cpp,0x328,ColumnChunkResourceBase::DoEvict,FUN_18028cb70,18028cb70,18028ccb9
\Sql\Picasso\engine\src\imbi\process\seethru.cpp,0x32e,ColumnChunkResourceBase::DoEvict,FUN_18028cb70,18028cb70,18028ccb9
\Sql\Picasso\engine\src\imbi\process\seethru.cpp,0x1b16,ColumnResource::BootstrapDictionaryForQueryInsideTxn,FUN_18029f200,18029f200,18029f41c
\Sql\Picasso\engine\src\imbi\process\seethru.cpp,0x1b2f,ColumnResource::BootstrapDictionaryForQueryInsideTxnImpl,FUN_1802aefd0,1802aefd0,1802af4dd
\Sql\Picasso\engine\src\imbi\process\seethru.cpp,0x1b2f,ColumnResource::BootstrapDictionaryForQueryInsideTxnImpl,FUN_1802af6c0,1802af6c0,1802af9ba
\Sql\Picasso\engine\src\imbi\process\seethru.cpp,0x1b2f,ColumnResource::BootstrapDictionaryForQueryInsideTxnImpl,FUN_1802afb40,1802afb40,1802aff3f
\Sql\Picasso\engine\src\imbi\process\seethru.cpp,0x1bc1,ColumnResource::DoFetchImpl,FUN_18029f200,18029f200,18029f41c
\Sql\Picasso\engine\src\imbi\process\seethru.cpp,0x1bd1,ColumnResource::DoFetchImpl,FUN_18029f200,18029f200,18029f41c
\Sql\Picasso\engine\src\imbi\process\seethru.cpp,0x1bda,ColumnResource::DoFetchImpl,FUN_18029f200,18029f200,18029f41c
\Sql\Picasso\engine\src\imbi\process\seethru.cpp,0x71,DeletionVectorColumnChunkResource::DeletionVectorColumnChunkResource,FUN_1801aed90,1801aed90,1801aeef8
\Sql\Picasso\engine\src\imbi\process\seethru.cpp,0x1392,DeletionVectorColumnChunkResource::DoFetch,FUN_180294c90,180294c90,180295040
\Sql\Picasso\engine\src\imbi\process\seethru.cpp,0xc71,FromBoolean,FUN_180290520,180290520,180290841
\Sql\Picasso\engine\src\imbi\process\seethru.cpp,0xbce,FromDate,FUN_18028fb40,18028fb40,18028fd34
\Sql\Picasso\engine\src\imbi\process\seethru.cpp,0xbb1,FromFLBA,FUN_18028f280,18028f280,18028fab3
\Sql\Picasso\engine\src\imbi\process\seethru.cpp,0xca5,FromIEEE754,FUN_180290a40,180290a40,180290b5f
\Sql\Picasso\engine\src\imbi\process\seethru.cpp,0xc9b,FromIEEE754,FUN_1802ab1d0,1802ab1d0,1802ab3a3
\Sql\Picasso\engine\src\imbi\process\seethru.cpp,0xc9b,FromIEEE754,FUN_1802ab430,1802ab430,1802ab603
\Sql\Picasso\engine\src\imbi\process\seethru.cpp,0xc7c,FromInt,FUN_1802908c0,1802908c0,1.80E+11
\Sql\Picasso\engine\src\imbi\process\seethru.cpp,0xb1b,FromInt,FUN_1802aaa10,1802aaa10,1802aad68
\Sql\Picasso\engine\src\imbi\process\seethru.cpp,0xb1b,FromInt,FUN_1802aadf0,1802aadf0,1802ab148
\Sql\Picasso\engine\src\imbi\process\seethru.cpp,0xc33,FromInt96,FUN_180290160,180290160,180290354
\Sql\Picasso\engine\src\imbi\process\seethru.cpp,0xbfc,FromTime,FUN_18028fdc0,18028fdc0,180290001
\Sql\Picasso\engine\src\imbi\process\seethru.cpp,0xc06,FromTime,FUN_18028fdc0,18028fdc0,180290001
\Sql\Picasso\engine\src\imbi\process\seethru.cpp,0xc16,FromTimestamp,FUN_180290090,180290090,1802900f7
\Sql\Picasso\engine\src\imbi\process\seethru.cpp,0xbeb,FromTimeUnit,FUN_1802a7ca0,1802a7ca0,1802a7e94
\Sql\Picasso\engine\src\imbi\process\seethru.cpp,0xbeb,FromTimeUnit,FUN_1802a7f20,1802a7f20,1802a8114
\Sql\Picasso\engine\src\imbi\process\seethru.cpp,0xbeb,FromTimeUnit,FUN_1802a81a0,1802a81a0,1802a8394
\Sql\Picasso\engine\src\imbi\process\seethru.cpp,0xbeb,FromTimeUnit,FUN_1802b9280,1802b9280,1802b9474
\Sql\Picasso\engine\src\imbi\process\seethru.cpp,0xbeb,FromTimeUnit,FUN_1802b9500,1802b9500,1802b96f4
\Sql\Picasso\engine\src\imbi\process\seethru.cpp,0xbeb,FromTimeUnit,FUN_1802b9780,1802b9780,1802b9974
\Sql\Picasso\engine\src\imbi\process\seethru.cpp,0xc52,FromUtf8,FUN_1802903e0,1.80E+06,180290497
\Sql\Picasso\engine\src\imbi\process\seethru.cpp,0x1227,JoinIndexResource::DoFetch,FUN_180293d50,180293d50,1802942fa
\Sql\Picasso\engine\src\imbi\process\seethru.cpp,0x1228,JoinIndexResource::DoFetch,FUN_180293d50,180293d50,1802942fa
\Sql\Picasso\engine\src\imbi\process\seethru.cpp,0x1637,MakeParquetStatisticFromDate,FUN_180297740,180297740,1802977b8
\Sql\Picasso\engine\src\imbi\process\seethru.cpp,0x1624,MakeParquetStatisticFromInt,FUN_1802ae280,1802ae280,1802ae4c5
\Sql\Picasso\engine\src\imbi\process\seethru.cpp,0x1624,MakeParquetStatisticFromInt,FUN_1802ae550,1802ae550,1802ae9c1
\Sql\Picasso\engine\src\imbi\process\seethru.cpp,0x1624,MakeParquetStatisticFromInt,FUN_1802aea40,1802aea40,1802aeeae
\Sql\Picasso\engine\src\imbi\process\seethru.cpp,0x1657,MakeParquetStatisticsFromUtf8,FUN_180297840,180297840,1.80E+88
\Sql\Picasso\engine\src\imbi\process\seethru.cpp,0x368,MapDeltaPrimitiveTypeToString,FUN_180299d60,180299d60,180299ebe
\Sql\Picasso\engine\src\imbi\process\seethru.cpp,0x382,MapParquetLogicalTypeToString,FUN_18028cec0,18028cec0,18028d091
\Sql\Picasso\engine\src\imbi\process\seethru.cpp,0x395,MapParquetPhyiscalTypeToString,FUN_18028d130,18028d130,18028d23e
\Sql\Picasso\engine\src\imbi\process\seethru.cpp,0x8dc,PlainSpan<struct parquet::PhysicalType<0>,FUN_1802b03f0,1802b03f0,1802b076f
\Sql\Picasso\engine\src\imbi\process\seethru.cpp,0x8dd,PlainSpan<struct parquet::PhysicalType<0>,FUN_1802b03f0,1802b03f0,1802b076f
\Sql\Picasso\engine\src\imbi\process\seethru.cpp,0x8dc,PlainSpan<struct parquet::PhysicalType<0>,FUN_1802b0880,1802b0880,1802b0a91
\Sql\Picasso\engine\src\imbi\process\seethru.cpp,0x8dd,PlainSpan<struct parquet::PhysicalType<0>,FUN_1802b0880,1802b0880,1802b0a91
\Sql\Picasso\engine\src\imbi\process\seethru.cpp,0x8dc,PlainSpan<struct parquet::PhysicalType<1>,FUN_1803148b0,1803148b0,180314c3f
\Sql\Picasso\engine\src\imbi\process\seethru.cpp,0x8dd,PlainSpan<struct parquet::PhysicalType<1>,FUN_1803148b0,1803148b0,180314c3f
\Sql\Picasso\engine\src\imbi\process\seethru.cpp,0x8dc,PlainSpan<struct parquet::PhysicalType<1>,FUN_180314d50,180314d50,180314f60
\Sql\Picasso\engine\src\imbi\process\seethru.cpp,0x8dd,PlainSpan<struct parquet::PhysicalType<1>,FUN_180314d50,180314d50,180314f60
\Sql\Picasso\engine\src\imbi\process\seethru.cpp,0x8dc,PlainSpan<struct parquet::PhysicalType<2>,FUN_180317d50,180317d50,1803180df
\Sql\Picasso\engine\src\imbi\process\seethru.cpp,0x8dd,PlainSpan<struct parquet::PhysicalType<2>,FUN_180317d50,180317d50,1803180df
\Sql\Picasso\engine\src\imbi\process\seethru.cpp,0x8dc,PlainSpan<struct parquet::PhysicalType<2>,FUN_1803181f0,1803181f0,180318400
\Sql\Picasso\engine\src\imbi\process\seethru.cpp,0x8dd,PlainSpan<struct parquet::PhysicalType<2>,FUN_1803181f0,1803181f0,180318400
\Sql\Picasso\engine\src\imbi\process\seethru.cpp,0x8dd,PlainSpan<struct parquet::PhysicalType<4>,FUN_18030bf20,18030bf20,18030c2a6
\Sql\Picasso\engine\src\imbi\process\seethru.cpp,0x8dc,PlainSpan<struct parquet::PhysicalType<4>,FUN_18030bf20,18030bf20,18030c2a6
\Sql\Picasso\engine\src\imbi\process\seethru.cpp,0x8dc,PlainSpan<struct parquet::PhysicalType<4>,FUN_18030c3b0,18030c3b0,18030c581
\Sql\Picasso\engine\src\imbi\process\seethru.cpp,0x8dd,PlainSpan<struct parquet::PhysicalType<4>,FUN_18030c3b0,18030c3b0,18030c581
\Sql\Picasso\engine\src\imbi\process\seethru.cpp,0x8dc,PlainSpan<struct parquet::PhysicalType<5>,FUN_180309270,180309270,1803095ff
\Sql\Picasso\engine\src\imbi\process\seethru.cpp,0x8dd,PlainSpan<struct parquet::PhysicalType<5>,FUN_180309270,180309270,1803095ff
\Sql\Picasso\engine\src\imbi\process\seethru.cpp,0x8dc,PlainSpan<struct parquet::PhysicalType<5>,FUN_180309710,180309710,180309920
\Sql\Picasso\engine\src\imbi\process\seethru.cpp,0x8dd,PlainSpan<struct parquet::PhysicalType<5>,FUN_180309710,180309710,180309920
\Sql\Picasso\engine\src\imbi\process\seethru.cpp,0x964,PlainSpanTransform<struct parquet::PhysicalType<1>,FUN_1802caac0,1802caac0,1802caf2a
\Sql\Picasso\engine\src\imbi\process\seethru.cpp,0x965,PlainSpanTransform<struct parquet::PhysicalType<1>,FUN_1802caac0,1802caac0,1802caf2a
\Sql\Picasso\engine\src\imbi\process\seethru.cpp,0x964,PlainSpanTransform<struct parquet::PhysicalType<1>,FUN_1802cb040,1802cb040,1802cb307
\Sql\Picasso\engine\src\imbi\process\seethru.cpp,0x965,PlainSpanTransform<struct parquet::PhysicalType<1>,FUN_1802cb040,1802cb040,1802cb307
\Sql\Picasso\engine\src\imbi\process\seethru.cpp,0x964,PlainSpanTransform<struct parquet::PhysicalType<1>,FUN_1802cb3c0,1802cb3c0,1802cb886
\Sql\Picasso\engine\src\imbi\process\seethru.cpp,0x965,PlainSpanTransform<struct parquet::PhysicalType<1>,FUN_1802cb3c0,1802cb3c0,1802cb886
\Sql\Picasso\engine\src\imbi\process\seethru.cpp,0x964,PlainSpanTransform<struct parquet::PhysicalType<1>,FUN_1802cb940,1802cb940,1802cbc15
\Sql\Picasso\engine\src\imbi\process\seethru.cpp,0x965,PlainSpanTransform<struct parquet::PhysicalType<1>,FUN_1802cb940,1802cb940,1802cbc15
\Sql\Picasso\engine\src\imbi\process\seethru.cpp,0x964,PlainSpanTransform<struct parquet::PhysicalType<1>,FUN_1802cbcc0,1802cbcc0,1802cc113
\Sql\Picasso\engine\src\imbi\process\seethru.cpp,0x965,PlainSpanTransform<struct parquet::PhysicalType<1>,FUN_1802cbcc0,1802cbcc0,1802cc113
\Sql\Picasso\engine\src\imbi\process\seethru.cpp,0x964,PlainSpanTransform<struct parquet::PhysicalType<1>,FUN_1802cc220,1802cc220,1802cc4dc
\Sql\Picasso\engine\src\imbi\process\seethru.cpp,0x965,PlainSpanTransform<struct parquet::PhysicalType<1>,FUN_1802cc220,1802cc220,1802cc4dc
\Sql\Picasso\engine\src\imbi\process\seethru.cpp,0x964,PlainSpanTransform<struct parquet::PhysicalType<1>,FUN_1802cc590,1802cc590,1802cc9b3
\Sql\Picasso\engine\src\imbi\process\seethru.cpp,0x965,PlainSpanTransform<struct parquet::PhysicalType<1>,FUN_1802cc590,1802cc590,1802cc9b3
\Sql\Picasso\engine\src\imbi\process\seethru.cpp,0x964,PlainSpanTransform<struct parquet::PhysicalType<1>,FUN_1802cca60,1802cca60,1802cccd8
\Sql\Picasso\engine\src\imbi\process\seethru.cpp,0x965,PlainSpanTransform<struct parquet::PhysicalType<1>,FUN_1802cca60,1802cca60,1802cccd8
\Sql\Picasso\engine\src\imbi\process\seethru.cpp,0x964,PlainSpanTransform<struct parquet::PhysicalType<1>,FUN_18030fa20,18030fa20,18030fe4f
\Sql\Picasso\engine\src\imbi\process\seethru.cpp,0x965,PlainSpanTransform<struct parquet::PhysicalType<1>,FUN_18030fa20,18030fa20,18030fe4f
\Sql\Picasso\engine\src\imbi\process\seethru.cpp,0x964,PlainSpanTransform<struct parquet::PhysicalType<1>,FUN_18030ff60,18030ff60,18031027e
\Sql\Picasso\engine\src\imbi\process\seethru.cpp,0x965,PlainSpanTransform<struct parquet::PhysicalType<1>,FUN_18030ff60,18030ff60,18031027e
\Sql\Picasso\engine\src\imbi\process\seethru.cpp,0x964,PlainSpanTransform<struct parquet::PhysicalType<1>,FUN_1803102e0,1.80E+06,18031068e
\Sql\Picasso\engine\src\imbi\process\seethru.cpp,0x965,PlainSpanTransform<struct parquet::PhysicalType<1>,FUN_1803102e0,1.80E+06,18031068e
\Sql\Picasso\engine\src\imbi\process\seethru.cpp,0x964,PlainSpanTransform<struct parquet::PhysicalType<1>,FUN_180310790,180310790,180310a59
\Sql\Picasso\engine\src\imbi\process\seethru.cpp,0x965,PlainSpanTransform<struct parquet::PhysicalType<1>,FUN_180310790,180310790,180310a59
\Sql\Picasso\engine\src\imbi\process\seethru.cpp,0x964,PlainSpanTransform<struct parquet::PhysicalType<1>,FUN_180310ab0,180310ab0,180310ecf
\Sql\Picasso\engine\src\imbi\process\seethru.cpp,0x965,PlainSpanTransform<struct parquet::PhysicalType<1>,FUN_180310ab0,180310ab0,180310ecf
\Sql\Picasso\engine\src\imbi\process\seethru.cpp,0x964,PlainSpanTransform<struct parquet::PhysicalType<1>,FUN_180310fe0,180310fe0,1.80E+06
\Sql\Picasso\engine\src\imbi\process\seethru.cpp,0x965,PlainSpanTransform<struct parquet::PhysicalType<1>,FUN_180310fe0,180310fe0,1.80E+06
\Sql\Picasso\engine\src\imbi\process\seethru.cpp,0x964,PlainSpanTransform<struct parquet::PhysicalType<1>,FUN_180311340,180311340,18031182a
\Sql\Picasso\engine\src\imbi\process\seethru.cpp,0x965,PlainSpanTransform<struct parquet::PhysicalType<1>,FUN_180311340,180311340,18031182a
\Sql\Picasso\engine\src\imbi\process\seethru.cpp,0x964,PlainSpanTransform<struct parquet::PhysicalType<1>,FUN_1803118e0,1.80E+06,180311bc3
\Sql\Picasso\engine\src\imbi\process\seethru.cpp,0x965,PlainSpanTransform<struct parquet::PhysicalType<1>,FUN_1803118e0,1.80E+06,180311bc3
\Sql\Picasso\engine\src\imbi\process\seethru.cpp,0x964,PlainSpanTransform<struct parquet::PhysicalType<1>,FUN_180311c70,180311c70,18031213a
\Sql\Picasso\engine\src\imbi\process\seethru.cpp,0x965,PlainSpanTransform<struct parquet::PhysicalType<1>,FUN_180311c70,180311c70,18031213a
\Sql\Picasso\engine\src\imbi\process\seethru.cpp,0x964,PlainSpanTransform<struct parquet::PhysicalType<1>,FUN_1803121f0,1803121f0,1803124c3
\Sql\Picasso\engine\src\imbi\process\seethru.cpp,0x965,PlainSpanTransform<struct parquet::PhysicalType<1>,FUN_1803121f0,1803121f0,1803124c3
\Sql\Picasso\engine\src\imbi\process\seethru.cpp,0x964,PlainSpanTransform<struct parquet::PhysicalType<1>,FUN_180312570,180312570,180312a08
\Sql\Picasso\engine\src\imbi\process\seethru.cpp,0x965,PlainSpanTransform<struct parquet::PhysicalType<1>,FUN_180312570,180312570,180312a08
\Sql\Picasso\engine\src\imbi\process\seethru.cpp,0x964,PlainSpanTransform<struct parquet::PhysicalType<1>,FUN_180312af0,180312af0,180312d7d
\Sql\Picasso\engine\src\imbi\process\seethru.cpp,0x965,PlainSpanTransform<struct parquet::PhysicalType<1>,FUN_180312af0,180312af0,180312d7d
\Sql\Picasso\engine\src\imbi\process\seethru.cpp,0x964,PlainSpanTransform<struct parquet::PhysicalType<1>,FUN_180312ea0,180312ea0,180313319
\Sql\Picasso\engine\src\imbi\process\seethru.cpp,0x965,PlainSpanTransform<struct parquet::PhysicalType<1>,FUN_180312ea0,180312ea0,180313319
\Sql\Picasso\engine\src\imbi\process\seethru.cpp,0x964,PlainSpanTransform<struct parquet::PhysicalType<1>,FUN_1803133d0,1803133d0,18031367f
\Sql\Picasso\engine\src\imbi\process\seethru.cpp,0x965,PlainSpanTransform<struct parquet::PhysicalType<1>,FUN_1803133d0,1803133d0,18031367f
\Sql\Picasso\engine\src\imbi\process\seethru.cpp,0x964,PlainSpanTransform<struct parquet::PhysicalType<1>,FUN_180313730,180313730,180313bca
\Sql\Picasso\engine\src\imbi\process\seethru.cpp,0x965,PlainSpanTransform<struct parquet::PhysicalType<1>,FUN_180313730,180313730,180313bca
\Sql\Picasso\engine\src\imbi\process\seethru.cpp,0x964,PlainSpanTransform<struct parquet::PhysicalType<1>,FUN_180313c80,180313c80,180313f4d
\Sql\Picasso\engine\src\imbi\process\seethru.cpp,0x965,PlainSpanTransform<struct parquet::PhysicalType<1>,FUN_180313c80,180313c80,180313f4d
\Sql\Picasso\engine\src\imbi\process\seethru.cpp,0x964,PlainSpanTransform<struct parquet::PhysicalType<1>,FUN_180314000,180314000,18031442f
\Sql\Picasso\engine\src\imbi\process\seethru.cpp,0x965,PlainSpanTransform<struct parquet::PhysicalType<1>,FUN_180314000,180314000,18031442f
\Sql\Picasso\engine\src\imbi\process\seethru.cpp,0x964,PlainSpanTransform<struct parquet::PhysicalType<1>,FUN_180314540,180314540,18031485b
\Sql\Picasso\engine\src\imbi\process\seethru.cpp,0x965,PlainSpanTransform<struct parquet::PhysicalType<1>,FUN_180314540,180314540,18031485b
\Sql\Picasso\engine\src\imbi\process\seethru.cpp,0x964,PlainSpanTransform<struct parquet::PhysicalType<1>,FUN_180378ea0,180378ea0,1803793a2
\Sql\Picasso\engine\src\imbi\process\seethru.cpp,0x965,PlainSpanTransform<struct parquet::PhysicalType<1>,FUN_180378ea0,180378ea0,1803793a2
\Sql\Picasso\engine\src\imbi\process\seethru.cpp,0x964,PlainSpanTransform<struct parquet::PhysicalType<1>,FUN_180379460,180379460,18037976f
\Sql\Picasso\engine\src\imbi\process\seethru.cpp,0x965,PlainSpanTransform<struct parquet::PhysicalType<1>,FUN_180379460,180379460,18037976f
\Sql\Picasso\engine\src\imbi\process\seethru.cpp,0x964,PlainSpanTransform<struct parquet::PhysicalType<1>,FUN_180379820,180379820,180379cc0
\Sql\Picasso\engine\src\imbi\process\seethru.cpp,0x965,PlainSpanTransform<struct parquet::PhysicalType<1>,FUN_180379820,180379820,180379cc0
\Sql\Picasso\engine\src\imbi\process\seethru.cpp,0x964,PlainSpanTransform<struct parquet::PhysicalType<1>,FUN_180379dd0,180379dd0,18037a134
\Sql\Picasso\engine\src\imbi\process\seethru.cpp,0x965,PlainSpanTransform<struct parquet::PhysicalType<1>,FUN_180379dd0,180379dd0,18037a134
\Sql\Picasso\engine\src\imbi\process\seethru.cpp,0x964,PlainSpanTransform<struct parquet::PhysicalType<1>,FUN_18037a190,18037a190,18037a617
\Sql\Picasso\engine\src\imbi\process\seethru.cpp,0x965,PlainSpanTransform<struct parquet::PhysicalType<1>,FUN_18037a190,18037a190,18037a617
\Sql\Picasso\engine\src\imbi\process\seethru.cpp,0x964,PlainSpanTransform<struct parquet::PhysicalType<1>,FUN_18037a720,18037a720,18037aa6c
\Sql\Picasso\engine\src\imbi\process\seethru.cpp,0x965,PlainSpanTransform<struct parquet::PhysicalType<1>,FUN_18037a720,18037a720,18037aa6c
\Sql\Picasso\engine\src\imbi\process\seethru.cpp,0x964,PlainSpanTransform<struct parquet::PhysicalType<1>,FUN_18037aac0,18037aac0,18037aebd
\Sql\Picasso\engine\src\imbi\process\seethru.cpp,0x965,PlainSpanTransform<struct parquet::PhysicalType<1>,FUN_18037aac0,18037aac0,18037aebd
\Sql\Picasso\engine\src\imbi\process\seethru.cpp,0x964,PlainSpanTransform<struct parquet::PhysicalType<1>,FUN_18037afc0,18037afc0,18037b2c8
\Sql\Picasso\engine\src\imbi\process\seethru.cpp,0x965,PlainSpanTransform<struct parquet::PhysicalType<1>,FUN_18037afc0,18037afc0,18037b2c8
\Sql\Picasso\engine\src\imbi\process\seethru.cpp,0x964,PlainSpanTransform<struct parquet::PhysicalType<1>,FUN_18037b320,18037b320,18037b822
\Sql\Picasso\engine\src\imbi\process\seethru.cpp,0x965,PlainSpanTransform<struct parquet::PhysicalType<1>,FUN_18037b320,18037b320,18037b822
\Sql\Picasso\engine\src\imbi\process\seethru.cpp,0x964,PlainSpanTransform<struct parquet::PhysicalType<1>,FUN_18037b8e0,18037b8e0,18037bbef
\Sql\Picasso\engine\src\imbi\process\seethru.cpp,0x965,PlainSpanTransform<struct parquet::PhysicalType<1>,FUN_18037b8e0,18037b8e0,18037bbef
\Sql\Picasso\engine\src\imbi\process\seethru.cpp,0x964,PlainSpanTransform<struct parquet::PhysicalType<1>,FUN_18037bca0,18037bca0,18037c140
\Sql\Picasso\engine\src\imbi\process\seethru.cpp,0x965,PlainSpanTransform<struct parquet::PhysicalType<1>,FUN_18037bca0,18037bca0,18037c140
\Sql\Picasso\engine\src\imbi\process\seethru.cpp,0x964,PlainSpanTransform<struct parquet::PhysicalType<1>,FUN_18037c250,18037c250,18037c55d
\Sql\Picasso\engine\src\imbi\process\seethru.cpp,0x965,PlainSpanTransform<struct parquet::PhysicalType<1>,FUN_18037c250,18037c250,18037c55d
\Sql\Picasso\engine\src\imbi\process\seethru.cpp,0x964,PlainSpanTransform<struct parquet::PhysicalType<1>,FUN_18037c610,18037c610,18037caf0
\Sql\Picasso\engine\src\imbi\process\seethru.cpp,0x965,PlainSpanTransform<struct parquet::PhysicalType<1>,FUN_18037c610,18037c610,18037caf0
\Sql\Picasso\engine\src\imbi\process\seethru.cpp,0x964,PlainSpanTransform<struct parquet::PhysicalType<1>,FUN_18037cba0,18037cba0,18037ce95
\Sql\Picasso\engine\src\imbi\process\seethru.cpp,0x965,PlainSpanTransform<struct parquet::PhysicalType<1>,FUN_18037cba0,18037cba0,18037ce95
\Sql\Picasso\engine\src\imbi\process\seethru.cpp,0x964,PlainSpanTransform<struct parquet::PhysicalType<1>,FUN_18037cf40,18037cf40,18037d396
\Sql\Picasso\engine\src\imbi\process\seethru.cpp,0x965,PlainSpanTransform<struct parquet::PhysicalType<1>,FUN_18037cf40,18037cf40,18037d396
\Sql\Picasso\engine\src\imbi\process\seethru.cpp,0x964,PlainSpanTransform<struct parquet::PhysicalType<1>,FUN_18037d440,18037d440,18037d6f1
\Sql\Picasso\engine\src\imbi\process\seethru.cpp,0x965,PlainSpanTransform<struct parquet::PhysicalType<1>,FUN_18037d440,18037d440,18037d6f1
\Sql\Picasso\engine\src\imbi\process\seethru.cpp,0x964,PlainSpanTransform<struct parquet::PhysicalType<1>,FUN_18037d7a0,18037d7a0,18037dca2
\Sql\Picasso\engine\src\imbi\process\seethru.cpp,0x965,PlainSpanTransform<struct parquet::PhysicalType<1>,FUN_18037d7a0,18037d7a0,18037dca2
\Sql\Picasso\engine\src\imbi\process\seethru.cpp,0x964,PlainSpanTransform<struct parquet::PhysicalType<1>,FUN_18037dd60,18037dd60,18037e0c6
\Sql\Picasso\engine\src\imbi\process\seethru.cpp,0x965,PlainSpanTransform<struct parquet::PhysicalType<1>,FUN_18037dd60,18037dd60,18037e0c6
\Sql\Picasso\engine\src\imbi\process\seethru.cpp,0x964,PlainSpanTransform<struct parquet::PhysicalType<1>,FUN_18037e120,1.80E+124,18037e5c0
\Sql\Picasso\engine\src\imbi\process\seethru.cpp,0x965,PlainSpanTransform<struct parquet::PhysicalType<1>,FUN_18037e120,1.80E+124,18037e5c0
\Sql\Picasso\engine\src\imbi\process\seethru.cpp,0x964,PlainSpanTransform<struct parquet::PhysicalType<1>,FUN_18037e6d0,18037e6d0,18037ea34
\Sql\Picasso\engine\src\imbi\process\seethru.cpp,0x965,PlainSpanTransform<struct parquet::PhysicalType<1>,FUN_18037e6d0,18037e6d0,18037ea34
\Sql\Picasso\engine\src\imbi\process\seethru.cpp,0x964,PlainSpanTransform<struct parquet::PhysicalType<1>,FUN_18037ea90,18037ea90,18037ef17
\Sql\Picasso\engine\src\imbi\process\seethru.cpp,0x965,PlainSpanTransform<struct parquet::PhysicalType<1>,FUN_18037ea90,18037ea90,18037ef17
\Sql\Picasso\engine\src\imbi\process\seethru.cpp,0x964,PlainSpanTransform<struct parquet::PhysicalType<1>,FUN_18037f020,18037f020,18037f315
\Sql\Picasso\engine\src\imbi\process\seethru.cpp,0x965,PlainSpanTransform<struct parquet::PhysicalType<1>,FUN_18037f020,18037f020,18037f315
\Sql\Picasso\engine\src\imbi\process\seethru.cpp,0x964,PlainSpanTransform<struct parquet::PhysicalType<1>,FUN_18037f3c0,18037f3c0,18037f816
\Sql\Picasso\engine\src\imbi\process\seethru.cpp,0x965,PlainSpanTransform<struct parquet::PhysicalType<1>,FUN_18037f3c0,18037f3c0,18037f816
\Sql\Picasso\engine\src\imbi\process\seethru.cpp,0x964,PlainSpanTransform<struct parquet::PhysicalType<1>,FUN_18037f8c0,18037f8c0,18037fb71
\Sql\Picasso\engine\src\imbi\process\seethru.cpp,0x965,PlainSpanTransform<struct parquet::PhysicalType<1>,FUN_18037f8c0,18037f8c0,18037fb71
\Sql\Picasso\engine\src\imbi\process\seethru.cpp,0x964,PlainSpanTransform<struct parquet::PhysicalType<2>,FUN_18030c630,18030c630,18030cab6
\Sql\Picasso\engine\src\imbi\process\seethru.cpp,0x965,PlainSpanTransform<struct parquet::PhysicalType<2>,FUN_18030c630,18030c630,18030cab6
\Sql\Picasso\engine\src\imbi\process\seethru.cpp,0x964,PlainSpanTransform<struct parquet::PhysicalType<2>,FUN_18030cb70,18030cb70,18030ce34
\Sql\Picasso\engine\src\imbi\process\seethru.cpp,0x965,PlainSpanTransform<struct parquet::PhysicalType<2>,FUN_18030cb70,18030cb70,18030ce34
\Sql\Picasso\engine\src\imbi\process\seethru.cpp,0x964,PlainSpanTransform<struct parquet::PhysicalType<2>,FUN_18030cee0,18030cee0,18030d2e4
\Sql\Picasso\engine\src\imbi\process\seethru.cpp,0x965,PlainSpanTransform<struct parquet::PhysicalType<2>,FUN_18030cee0,18030cee0,18030d2e4
\Sql\Picasso\engine\src\imbi\process\seethru.cpp,0x964,PlainSpanTransform<struct parquet::PhysicalType<2>,FUN_18030d390,18030d390,18030d5ff
\Sql\Picasso\engine\src\imbi\process\seethru.cpp,0x965,PlainSpanTransform<struct parquet::PhysicalType<2>,FUN_18030d390,18030d390,18030d5ff
\Sql\Picasso\engine\src\imbi\process\seethru.cpp,0x964,PlainSpanTransform<struct parquet::PhysicalType<2>,FUN_18030d6b0,18030d6b0,18030db26
\Sql\Picasso\engine\src\imbi\process\seethru.cpp,0x965,PlainSpanTransform<struct parquet::PhysicalType<2>,FUN_18030d6b0,18030d6b0,18030db26
\Sql\Picasso\engine\src\imbi\process\seethru.cpp,0x964,PlainSpanTransform<struct parquet::PhysicalType<2>,FUN_18030dbe0,18030dbe0,18030de8a
\Sql\Picasso\engine\src\imbi\process\seethru.cpp,0x965,PlainSpanTransform<struct parquet::PhysicalType<2>,FUN_18030dbe0,18030dbe0,18030de8a
\Sql\Picasso\engine\src\imbi\process\seethru.cpp,0x964,PlainSpanTransform<struct parquet::PhysicalType<2>,FUN_18030df40,18030df40,18030e42a
\Sql\Picasso\engine\src\imbi\process\seethru.cpp,0x965,PlainSpanTransform<struct parquet::PhysicalType<2>,FUN_18030df40,18030df40,18030e42a
\Sql\Picasso\engine\src\imbi\process\seethru.cpp,0x964,PlainSpanTransform<struct parquet::PhysicalType<2>,FUN_18030e4e0,18030e4e0,18030e81a
\Sql\Picasso\engine\src\imbi\process\seethru.cpp,0x965,PlainSpanTransform<struct parquet::PhysicalType<2>,FUN_18030e4e0,18030e4e0,18030e81a
\Sql\Picasso\engine\src\imbi\process\seethru.cpp,0x964,PlainSpanTransform<struct parquet::PhysicalType<2>,FUN_18030e870,18030e870,18030ece1
\Sql\Picasso\engine\src\imbi\process\seethru.cpp,0x965,PlainSpanTransform<struct parquet::PhysicalType<2>,FUN_18030e870,18030e870,18030ece1
\Sql\Picasso\engine\src\imbi\process\seethru.cpp,0x964,PlainSpanTransform<struct parquet::PhysicalType<2>,FUN_18030edf0,18030edf0,18030f11c
\Sql\Picasso\engine\src\imbi\process\seethru.cpp,0x965,PlainSpanTransform<struct parquet::PhysicalType<2>,FUN_18030edf0,18030edf0,18030f11c
\Sql\Picasso\engine\src\imbi\process\seethru.cpp,0x964,PlainSpanTransform<struct parquet::PhysicalType<2>,FUN_18030f170,18030f170,18030f59f
\Sql\Picasso\engine\src\imbi\process\seethru.cpp,0x965,PlainSpanTransform<struct parquet::PhysicalType<2>,FUN_18030f170,18030f170,18030f59f
\Sql\Picasso\engine\src\imbi\process\seethru.cpp,0x964,PlainSpanTransform<struct parquet::PhysicalType<2>,FUN_18030f6b0,18030f6b0,18030f9cb
\Sql\Picasso\engine\src\imbi\process\seethru.cpp,0x965,PlainSpanTransform<struct parquet::PhysicalType<2>,FUN_18030f6b0,18030f6b0,18030f9cb
\Sql\Picasso\engine\src\imbi\process\seethru.cpp,0x964,PlainSpanTransform<struct parquet::PhysicalType<2>,FUN_180315010,180315010,1803154b9
\Sql\Picasso\engine\src\imbi\process\seethru.cpp,0x965,PlainSpanTransform<struct parquet::PhysicalType<2>,FUN_180315010,180315010,1803154b9
\Sql\Picasso\engine\src\imbi\process\seethru.cpp,0x964,PlainSpanTransform<struct parquet::PhysicalType<2>,FUN_1803155d0,1803155d0,180315936
\Sql\Picasso\engine\src\imbi\process\seethru.cpp,0x965,PlainSpanTransform<struct parquet::PhysicalType<2>,FUN_1803155d0,1803155d0,180315936
\Sql\Picasso\engine\src\imbi\process\seethru.cpp,0x964,PlainSpanTransform<struct parquet::PhysicalType<2>,FUN_180315990,180315990,180315d8d
\Sql\Picasso\engine\src\imbi\process\seethru.cpp,0x965,PlainSpanTransform<struct parquet::PhysicalType<2>,FUN_180315990,180315990,180315d8d
\Sql\Picasso\engine\src\imbi\process\seethru.cpp,0x964,PlainSpanTransform<struct parquet::PhysicalType<2>,FUN_180315e90,1.80E+95,180316198
\Sql\Picasso\engine\src\imbi\process\seethru.cpp,0x965,PlainSpanTransform<struct parquet::PhysicalType<2>,FUN_180315e90,1.80E+95,180316198
\Sql\Picasso\engine\src\imbi\process\seethru.cpp,0x964,PlainSpanTransform<struct parquet::PhysicalType<2>,FUN_1803161f0,1803161f0,180316699
\Sql\Picasso\engine\src\imbi\process\seethru.cpp,0x965,PlainSpanTransform<struct parquet::PhysicalType<2>,FUN_1803161f0,1803161f0,180316699
\Sql\Picasso\engine\src\imbi\process\seethru.cpp,0x964,PlainSpanTransform<struct parquet::PhysicalType<2>,FUN_1803167b0,1803167b0,180316b16
\Sql\Picasso\engine\src\imbi\process\seethru.cpp,0x965,PlainSpanTransform<struct parquet::PhysicalType<2>,FUN_1803167b0,1803167b0,180316b16
\Sql\Picasso\engine\src\imbi\process\seethru.cpp,0x964,PlainSpanTransform<struct parquet::PhysicalType<2>,FUN_180316b70,180316b70,180316f6d
\Sql\Picasso\engine\src\imbi\process\seethru.cpp,0x965,PlainSpanTransform<struct parquet::PhysicalType<2>,FUN_180316b70,180316b70,180316f6d
\Sql\Picasso\engine\src\imbi\process\seethru.cpp,0x964,PlainSpanTransform<struct parquet::PhysicalType<2>,FUN_180317070,180317070,180317321
\Sql\Picasso\engine\src\imbi\process\seethru.cpp,0x965,PlainSpanTransform<struct parquet::PhysicalType<2>,FUN_180317070,180317070,180317321
\Sql\Picasso\engine\src\imbi\process\seethru.cpp,0x964,PlainSpanTransform<struct parquet::PhysicalType<2>,FUN_1803173d0,1803173d0,1803178d2
\Sql\Picasso\engine\src\imbi\process\seethru.cpp,0x965,PlainSpanTransform<struct parquet::PhysicalType<2>,FUN_1803173d0,1803173d0,1803178d2
\Sql\Picasso\engine\src\imbi\process\seethru.cpp,0x964,PlainSpanTransform<struct parquet::PhysicalType<2>,FUN_180317990,180317990,180317c9f
\Sql\Picasso\engine\src\imbi\process\seethru.cpp,0x965,PlainSpanTransform<struct parquet::PhysicalType<2>,FUN_180317990,180317990,180317c9f
\Sql\Picasso\engine\src\imbi\process\seethru.cpp,0x964,PlainSpanTransform<struct parquet::PhysicalType<2>,FUN_1803184b0,1803184b0,180318906
\Sql\Picasso\engine\src\imbi\process\seethru.cpp,0x965,PlainSpanTransform<struct parquet::PhysicalType<2>,FUN_1803184b0,1803184b0,180318906
\Sql\Picasso\engine\src\imbi\process\seethru.cpp,0x964,PlainSpanTransform<struct parquet::PhysicalType<2>,FUN_1803189b0,1803189b0,180318c61
\Sql\Picasso\engine\src\imbi\process\seethru.cpp,0x965,PlainSpanTransform<struct parquet::PhysicalType<2>,FUN_1803189b0,1803189b0,180318c61
\Sql\Picasso\engine\src\imbi\process\seethru.cpp,0x964,PlainSpanTransform<struct parquet::PhysicalType<3>,FUN_1802c8460,1802c8460,1802c89a2
\Sql\Picasso\engine\src\imbi\process\seethru.cpp,0x965,PlainSpanTransform<struct parquet::PhysicalType<3>,FUN_1802c8460,1802c8460,1802c89a2
\Sql\Picasso\engine\src\imbi\process\seethru.cpp,0x964,PlainSpanTransform<struct parquet::PhysicalType<3>,FUN_1802c8a60,1802c8a60,1802c8d4e
\Sql\Picasso\engine\src\imbi\process\seethru.cpp,0x965,PlainSpanTransform<struct parquet::PhysicalType<3>,FUN_1802c8a60,1802c8a60,1802c8d4e
\Sql\Picasso\engine\src\imbi\process\seethru.cpp,0x964,PlainSpanTransform<struct parquet::PhysicalType<3>,FUN_1802c8e50,1802c8e50,1802c9384
\Sql\Picasso\engine\src\imbi\process\seethru.cpp,0x965,PlainSpanTransform<struct parquet::PhysicalType<3>,FUN_1802c8e50,1802c8e50,1802c9384
\Sql\Picasso\engine\src\imbi\process\seethru.cpp,0x964,PlainSpanTransform<struct parquet::PhysicalType<3>,FUN_1802c9440,1802c9440,1802c972d
\Sql\Picasso\engine\src\imbi\process\seethru.cpp,0x965,PlainSpanTransform<struct parquet::PhysicalType<3>,FUN_1802c9440,1802c9440,1802c972d
\Sql\Picasso\engine\src\imbi\process\seethru.cpp,0x964,PlainSpanTransform<struct parquet::PhysicalType<3>,FUN_1802c9830,1802c9830,1802c9ceb
\Sql\Picasso\engine\src\imbi\process\seethru.cpp,0x965,PlainSpanTransform<struct parquet::PhysicalType<3>,FUN_1802c9830,1802c9830,1802c9ceb
\Sql\Picasso\engine\src\imbi\process\seethru.cpp,0x964,PlainSpanTransform<struct parquet::PhysicalType<3>,FUN_1802c9e00,1802c9e00,1802ca13b
\Sql\Picasso\engine\src\imbi\process\seethru.cpp,0x965,PlainSpanTransform<struct parquet::PhysicalType<3>,FUN_1802c9e00,1802c9e00,1802ca13b
\Sql\Picasso\engine\src\imbi\process\seethru.cpp,0x964,PlainSpanTransform<struct parquet::PhysicalType<3>,FUN_1802ca1f0,1802ca1f0,1802ca624
\Sql\Picasso\engine\src\imbi\process\seethru.cpp,0x965,PlainSpanTransform<struct parquet::PhysicalType<3>,FUN_1802ca1f0,1802ca1f0,1802ca624
\Sql\Picasso\engine\src\imbi\process\seethru.cpp,0x964,PlainSpanTransform<struct parquet::PhysicalType<3>,FUN_1802ca730,1802ca730,1802caa16
\Sql\Picasso\engine\src\imbi\process\seethru.cpp,0x965,PlainSpanTransform<struct parquet::PhysicalType<3>,FUN_1802ca730,1802ca730,1802caa16
\Sql\Picasso\engine\src\imbi\process\seethru.cpp,0x964,PlainSpanTransform<struct parquet::PhysicalType<4>,FUN_1803099d0,1803099d0,1.80E+39
\Sql\Picasso\engine\src\imbi\process\seethru.cpp,0x965,PlainSpanTransform<struct parquet::PhysicalType<4>,FUN_1803099d0,1803099d0,1.80E+39
\Sql\Picasso\engine\src\imbi\process\seethru.cpp,0x964,PlainSpanTransform<struct parquet::PhysicalType<4>,FUN_180309f50,180309f50,18030a240
\Sql\Picasso\engine\src\imbi\process\seethru.cpp,0x965,PlainSpanTransform<struct parquet::PhysicalType<4>,FUN_180309f50,180309f50,18030a240
\Sql\Picasso\engine\src\imbi\process\seethru.cpp,0x964,PlainSpanTransform<struct parquet::PhysicalType<4>,FUN_18030a2f0,18030a2f0,18030a796
\Sql\Picasso\engine\src\imbi\process\seethru.cpp,0x965,PlainSpanTransform<struct parquet::PhysicalType<4>,FUN_18030a2f0,18030a2f0,18030a796
\Sql\Picasso\engine\src\imbi\process\seethru.cpp,0x964,PlainSpanTransform<struct parquet::PhysicalType<4>,FUN_18030a8b0,18030a8b0,18030ab70
\Sql\Picasso\engine\src\imbi\process\seethru.cpp,0x965,PlainSpanTransform<struct parquet::PhysicalType<4>,FUN_18030a8b0,18030a8b0,18030ab70
\Sql\Picasso\engine\src\imbi\process\seethru.cpp,0x964,PlainSpanTransform<struct parquet::PhysicalType<4>,FUN_18030ac80,18030ac80,18030b150
\Sql\Picasso\engine\src\imbi\process\seethru.cpp,0x965,PlainSpanTransform<struct parquet::PhysicalType<4>,FUN_18030ac80,18030ac80,18030b150
\Sql\Picasso\engine\src\imbi\process\seethru.cpp,0x964,PlainSpanTransform<struct parquet::PhysicalType<4>,FUN_18030b210,18030b210,18030b4a7
\Sql\Picasso\engine\src\imbi\process\seethru.cpp,0x965,PlainSpanTransform<struct parquet::PhysicalType<4>,FUN_18030b210,18030b210,18030b4a7
\Sql\Picasso\engine\src\imbi\process\seethru.cpp,0x964,PlainSpanTransform<struct parquet::PhysicalType<4>,FUN_18030b5b0,18030b5b0,18030baaa
\Sql\Picasso\engine\src\imbi\process\seethru.cpp,0x965,PlainSpanTransform<struct parquet::PhysicalType<4>,FUN_18030b5b0,18030b5b0,18030baaa
\Sql\Picasso\engine\src\imbi\process\seethru.cpp,0x964,PlainSpanTransform<struct parquet::PhysicalType<4>,FUN_18030bb60,18030bb60,18030be17
\Sql\Picasso\engine\src\imbi\process\seethru.cpp,0x965,PlainSpanTransform<struct parquet::PhysicalType<4>,FUN_18030bb60,18030bb60,18030be17
\Sql\Picasso\engine\src\imbi\process\seethru.cpp,0x964,PlainSpanTransform<struct parquet::PhysicalType<5>,FUN_180307810,180307810,180307c44
\Sql\Picasso\engine\src\imbi\process\seethru.cpp,0x965,PlainSpanTransform<struct parquet::PhysicalType<5>,FUN_180307810,180307810,180307c44
\Sql\Picasso\engine\src\imbi\process\seethru.cpp,0x964,PlainSpanTransform<struct parquet::PhysicalType<5>,FUN_180307d50,180307d50,18030800a
\Sql\Picasso\engine\src\imbi\process\seethru.cpp,0x965,PlainSpanTransform<struct parquet::PhysicalType<5>,FUN_180307d50,180307d50,18030800a
\Sql\Picasso\engine\src\imbi\process\seethru.cpp,0x964,PlainSpanTransform<struct parquet::PhysicalType<5>,FUN_1803080c0,1803080c0,18030852d
\Sql\Picasso\engine\src\imbi\process\seethru.cpp,0x965,PlainSpanTransform<struct parquet::PhysicalType<5>,FUN_1803080c0,1803080c0,18030852d
\Sql\Picasso\engine\src\imbi\process\seethru.cpp,0x964,PlainSpanTransform<struct parquet::PhysicalType<5>,FUN_180308640,180308640,180308964
\Sql\Picasso\engine\src\imbi\process\seethru.cpp,0x965,PlainSpanTransform<struct parquet::PhysicalType<5>,FUN_180308640,180308640,180308964
\Sql\Picasso\engine\src\imbi\process\seethru.cpp,0x964,PlainSpanTransform<struct parquet::PhysicalType<5>,FUN_1803089c0,1803089c0,1.80E+09
\Sql\Picasso\engine\src\imbi\process\seethru.cpp,0x965,PlainSpanTransform<struct parquet::PhysicalType<5>,FUN_1803089c0,1803089c0,1.80E+09
\Sql\Picasso\engine\src\imbi\process\seethru.cpp,0x964,PlainSpanTransform<struct parquet::PhysicalType<5>,FUN_180308f10,180308f10,18030921b
\Sql\Picasso\engine\src\imbi\process\seethru.cpp,0x965,PlainSpanTransform<struct parquet::PhysicalType<5>,FUN_180308f10,180308f10,18030921b
\Sql\Picasso\engine\src\imbi\process\seethru.cpp,0x964,PlainSpanTransform<struct parquet::PhysicalType<7>,FUN_1802ccd90,1802ccd90,1802cd213
\Sql\Picasso\engine\src\imbi\process\seethru.cpp,0x965,PlainSpanTransform<struct parquet::PhysicalType<7>,FUN_1802ccd90,1802ccd90,1802cd213
\Sql\Picasso\engine\src\imbi\process\seethru.cpp,0x964,PlainSpanTransform<struct parquet::PhysicalType<7>,FUN_1802cd2c0,1802cd2c0,1802cd555
\Sql\Picasso\engine\src\imbi\process\seethru.cpp,0x965,PlainSpanTransform<struct parquet::PhysicalType<7>,FUN_1802cd2c0,1802cd2c0,1802cd555
\Sql\Picasso\engine\src\imbi\process\seethru.cpp,0x964,PlainSpanTransform<struct parquet::PhysicalType<7>,FUN_1802cd600,1802cd600,1802cda83
\Sql\Picasso\engine\src\imbi\process\seethru.cpp,0x965,PlainSpanTransform<struct parquet::PhysicalType<7>,FUN_1802cd600,1802cd600,1802cda83
\Sql\Picasso\engine\src\imbi\process\seethru.cpp,0x964,PlainSpanTransform<struct parquet::PhysicalType<7>,FUN_1802cdb30,1802cdb30,1802cddc5
\Sql\Picasso\engine\src\imbi\process\seethru.cpp,0x965,PlainSpanTransform<struct parquet::PhysicalType<7>,FUN_1802cdb30,1802cdb30,1802cddc5
\Sql\Picasso\engine\src\imbi\process\seethru.cpp,0x964,PlainSpanTransform<struct parquet::PhysicalType<7>,FUN_1802cde70,1802cde70,1802ce310
\Sql\Picasso\engine\src\imbi\process\seethru.cpp,0x965,PlainSpanTransform<struct parquet::PhysicalType<7>,FUN_1802cde70,1802cde70,1802ce310
\Sql\Picasso\engine\src\imbi\process\seethru.cpp,0x964,PlainSpanTransform<struct parquet::PhysicalType<7>,FUN_1802ce3c0,1802ce3c0,1802ce65e
\Sql\Picasso\engine\src\imbi\process\seethru.cpp,0x965,PlainSpanTransform<struct parquet::PhysicalType<7>,FUN_1802ce3c0,1802ce3c0,1802ce65e
\Sql\Picasso\engine\src\imbi\process\seethru.cpp,0x964,PlainSpanTransform<struct parquet::PhysicalType<7>,FUN_1802ce710,1802ce710,1802cebb0
\Sql\Picasso\engine\src\imbi\process\seethru.cpp,0x965,PlainSpanTransform<struct parquet::PhysicalType<7>,FUN_1802ce710,1802ce710,1802cebb0
\Sql\Picasso\engine\src\imbi\process\seethru.cpp,0x964,PlainSpanTransform<struct parquet::PhysicalType<7>,FUN_1802cec60,1802cec60,1802ceefe
\Sql\Picasso\engine\src\imbi\process\seethru.cpp,0x965,PlainSpanTransform<struct parquet::PhysicalType<7>,FUN_1802cec60,1802cec60,1802ceefe
\Sql\Picasso\engine\src\imbi\process\seethru.cpp,0x964,PlainSpanTransform<struct parquet::PhysicalType<7>,FUN_1802cefb0,1802cefb0,1802cf41f
\Sql\Picasso\engine\src\imbi\process\seethru.cpp,0x965,PlainSpanTransform<struct parquet::PhysicalType<7>,FUN_1802cefb0,1802cefb0,1802cf41f
\Sql\Picasso\engine\src\imbi\process\seethru.cpp,0x964,PlainSpanTransform<struct parquet::PhysicalType<7>,FUN_1802cf4d0,1802cf4d0,1802cf74c
\Sql\Picasso\engine\src\imbi\process\seethru.cpp,0x965,PlainSpanTransform<struct parquet::PhysicalType<7>,FUN_1802cf4d0,1802cf4d0,1802cf74c
\Sql\Picasso\engine\src\imbi\process\seethru.cpp,0x964,PlainSpanTransform<struct parquet::PhysicalType<7>,FUN_1802cf800,1802cf800,1802cfc11
\Sql\Picasso\engine\src\imbi\process\seethru.cpp,0x965,PlainSpanTransform<struct parquet::PhysicalType<7>,FUN_1802cf800,1802cf800,1802cfc11
\Sql\Picasso\engine\src\imbi\process\seethru.cpp,0x964,PlainSpanTransform<struct parquet::PhysicalType<7>,FUN_1802cfd20,1802cfd20,1802cff97
\Sql\Picasso\engine\src\imbi\process\seethru.cpp,0x965,PlainSpanTransform<struct parquet::PhysicalType<7>,FUN_1802cfd20,1802cfd20,1802cff97
\Sql\Picasso\engine\src\imbi\process\seethru.cpp,0x964,PlainSpanTransform<struct parquet::PhysicalType<7>,FUN_1802d0050,1802d0050,1802d0466
\Sql\Picasso\engine\src\imbi\process\seethru.cpp,0x965,PlainSpanTransform<struct parquet::PhysicalType<7>,FUN_1802d0050,1802d0050,1802d0466
\Sql\Picasso\engine\src\imbi\process\seethru.cpp,0x964,PlainSpanTransform<struct parquet::PhysicalType<7>,FUN_1802d0570,1802d0570,1802d0843
\Sql\Picasso\engine\src\imbi\process\seethru.cpp,0x965,PlainSpanTransform<struct parquet::PhysicalType<7>,FUN_1802d0570,1802d0570,1802d0843
\Sql\Picasso\engine\src\imbi\process\seethru.cpp,0x964,PlainSpanTransform<struct parquet::PhysicalType<7>,FUN_1802d08a0,1802d08a0,1802d0cb1
\Sql\Picasso\engine\src\imbi\process\seethru.cpp,0x965,PlainSpanTransform<struct parquet::PhysicalType<7>,FUN_1802d08a0,1802d08a0,1802d0cb1
\Sql\Picasso\engine\src\imbi\process\seethru.cpp,0x964,PlainSpanTransform<struct parquet::PhysicalType<7>,FUN_1802d0dc0,1802d0dc0,1802d108e
\Sql\Picasso\engine\src\imbi\process\seethru.cpp,0x965,PlainSpanTransform<struct parquet::PhysicalType<7>,FUN_1802d0dc0,1802d0dc0,1802d108e
\Sql\Picasso\engine\src\imbi\process\seethru.cpp,0x964,PlainSpanTransform<struct parquet::PhysicalType<7>,FUN_1802d10f0,1802d10f0,1802d1536
\Sql\Picasso\engine\src\imbi\process\seethru.cpp,0x965,PlainSpanTransform<struct parquet::PhysicalType<7>,FUN_1802d10f0,1802d10f0,1802d1536
\Sql\Picasso\engine\src\imbi\process\seethru.cpp,0x964,PlainSpanTransform<struct parquet::PhysicalType<7>,FUN_1802d1640,1802d1640,1802d193b
\Sql\Picasso\engine\src\imbi\process\seethru.cpp,0x965,PlainSpanTransform<struct parquet::PhysicalType<7>,FUN_1802d1640,1802d1640,1802d193b
\Sql\Picasso\engine\src\imbi\process\seethru.cpp,0x964,PlainSpanTransform<struct parquet::PhysicalType<7>,FUN_1802d1990,1802d1990,1802d1d68
\Sql\Picasso\engine\src\imbi\process\seethru.cpp,0x965,PlainSpanTransform<struct parquet::PhysicalType<7>,FUN_1802d1990,1802d1990,1802d1d68
\Sql\Picasso\engine\src\imbi\process\seethru.cpp,0x964,PlainSpanTransform<struct parquet::PhysicalType<7>,FUN_1802d1e90,1802d1e90,1802d20dd
\Sql\Picasso\engine\src\imbi\process\seethru.cpp,0x965,PlainSpanTransform<struct parquet::PhysicalType<7>,FUN_1802d1e90,1802d1e90,1802d20dd
\Sql\Picasso\engine\src\imbi\process\seethru.cpp,0x964,PlainSpanTransform<struct parquet::PhysicalType<7>,FUN_1802d21e0,1802d21e0,1802d2626
\Sql\Picasso\engine\src\imbi\process\seethru.cpp,0x965,PlainSpanTransform<struct parquet::PhysicalType<7>,FUN_1802d21e0,1802d21e0,1802d2626
\Sql\Picasso\engine\src\imbi\process\seethru.cpp,0x964,PlainSpanTransform<struct parquet::PhysicalType<7>,FUN_1802d2730,1802d2730,1802d2a2b
\Sql\Picasso\engine\src\imbi\process\seethru.cpp,0x965,PlainSpanTransform<struct parquet::PhysicalType<7>,FUN_1802d2730,1802d2730,1802d2a2b
\Sql\Picasso\engine\src\imbi\process\seethru.cpp,0x964,PlainSpanTransform<struct parquet::PhysicalType<7>,FUN_1802d2a80,1802d2a80,1802d2e53
\Sql\Picasso\engine\src\imbi\process\seethru.cpp,0x965,PlainSpanTransform<struct parquet::PhysicalType<7>,FUN_1802d2a80,1802d2a80,1802d2e53
\Sql\Picasso\engine\src\imbi\process\seethru.cpp,0x964,PlainSpanTransform<struct parquet::PhysicalType<7>,FUN_1802d2f80,1802d2f80,1802d31ca
\Sql\Picasso\engine\src\imbi\process\seethru.cpp,0x965,PlainSpanTransform<struct parquet::PhysicalType<7>,FUN_1802d2f80,1802d2f80,1802d31ca
\Sql\Picasso\engine\src\imbi\process\seethru.cpp,0x964,PlainSpanTransform<struct parquet::PhysicalType<7>,FUN_1802d32d0,1802d32d0,1802d36e1
\Sql\Picasso\engine\src\imbi\process\seethru.cpp,0x965,PlainSpanTransform<struct parquet::PhysicalType<7>,FUN_1802d32d0,1802d32d0,1802d36e1
\Sql\Picasso\engine\src\imbi\process\seethru.cpp,0x964,PlainSpanTransform<struct parquet::PhysicalType<7>,FUN_1802d37f0,1802d37f0,1802d3abf
\Sql\Picasso\engine\src\imbi\process\seethru.cpp,0x965,PlainSpanTransform<struct parquet::PhysicalType<7>,FUN_1802d37f0,1802d37f0,1802d3abf
\Sql\Picasso\engine\src\imbi\process\seethru.cpp,0x964,PlainSpanTransform<struct parquet::PhysicalType<7>,FUN_1802d3b20,1802d3b20,1802d3f31
\Sql\Picasso\engine\src\imbi\process\seethru.cpp,0x965,PlainSpanTransform<struct parquet::PhysicalType<7>,FUN_1802d3b20,1802d3b20,1802d3f31
\Sql\Picasso\engine\src\imbi\process\seethru.cpp,0x964,PlainSpanTransform<struct parquet::PhysicalType<7>,FUN_1802d4040,1802d4040,1802d42b8
\Sql\Picasso\engine\src\imbi\process\seethru.cpp,0x965,PlainSpanTransform<struct parquet::PhysicalType<7>,FUN_1802d4040,1802d4040,1802d42b8
\Sql\Picasso\engine\src\imbi\process\seethru.cpp,0x1536,SecurityColumnChunkResource::DoFetchImpl,FUN_180296630,180296630,180296f15
\Sql\Picasso\engine\src\imbi\process\seethru.cpp,0x153c,SecurityColumnChunkResource::DoFetchImpl,FUN_180296630,180296630,180296f15
\Sql\Picasso\engine\src\imbi\process\seethru.cpp,0x1540,SecurityColumnChunkResource::DoFetchImpl,FUN_180296630,180296630,180296f15
\Sql\Picasso\engine\src\imbi\process\seethru.cpp,0x1541,SecurityColumnChunkResource::DoFetchImpl,FUN_180296630,180296630,180296f15
\Sql\Picasso\engine\src\imbi\process\seethru.cpp,0x156f,SecurityColumnChunkResource::DoFetchImpl,FUN_180296630,180296630,180296f15
\Sql\Picasso\engine\src\imbi\process\seethru.cpp,0x153f,SecurityColumnChunkResource::DoFetchImpl,FUN_180296630,180296630,180296f15
\Sql\Picasso\engine\src\imbi\process\seethru.cpp,0x152d,SecurityColumnChunkResource::DoFetchImpl,FUN_180296630,180296630,180296f15
\Sql\Picasso\engine\src\imbi\process\seethru.cpp,0x1533,SecurityColumnChunkResource::DoFetchImpl,FUN_180296630,180296630,180296f15
\Sql\Picasso\engine\src\imbi\process\seethru.cpp,0xf7a,Seethru::JoinIndex::JoinIndexBuilder::BuildImpl,FUN_1802ab6e0,1802ab6e0,1802ab8e6
\Sql\Picasso\engine\src\imbi\process\seethru.cpp,0xf7a,Seethru::JoinIndex::JoinIndexBuilder::BuildImpl,FUN_1802ab940,1802ab940,1802abb46
\Sql\Picasso\engine\src\imbi\process\seethru.cpp,0xf7a,Seethru::JoinIndex::JoinIndexBuilder::BuildImpl,FUN_1802abba0,1802abba0,1802abda6
\Sql\Picasso\engine\src\imbi\process\seethru.cpp,0xf7a,Seethru::JoinIndex::JoinIndexBuilder::BuildImpl,FUN_1802abe00,1802abe00,1802ac2f7
\Sql\Picasso\engine\src\imbi\process\seethru.cpp,0xf7a,Seethru::JoinIndex::JoinIndexBuilder::BuildImpl,FUN_1802ac350,1802ac350,1802ac847
\Sql\Picasso\engine\src\imbi\process\seethru.cpp,0xf7a,Seethru::JoinIndex::JoinIndexBuilder::BuildImpl,FUN_1802c2e00,1802c2e00,1802c300b
\Sql\Picasso\engine\src\imbi\process\seethru.cpp,0xf7a,Seethru::JoinIndex::JoinIndexBuilder::BuildImpl,FUN_1802c3060,1802c3060,1802c326b
\Sql\Picasso\engine\src\imbi\process\seethru.cpp,0xf7a,Seethru::JoinIndex::JoinIndexBuilder::BuildImpl,FUN_1802c32c0,1802c32c0,1802c34cb
\Sql\Picasso\engine\src\imbi\process\seethru.cpp,0xf7a,Seethru::JoinIndex::JoinIndexBuilder::BuildImpl,FUN_1802c3520,1802c3520,1802c372b
\Sql\Picasso\engine\src\imbi\process\seethru.cpp,0xf7a,Seethru::JoinIndex::JoinIndexBuilder::BuildImpl,FUN_1802c3780,1802c3780,1802c398b
\Sql\Picasso\engine\src\imbi\process\seethru.cpp,0xf7a,Seethru::JoinIndex::JoinIndexBuilder::BuildImpl,FUN_1802c39e0,1802c39e0,1802c3beb
\Sql\Picasso\engine\src\imbi\process\seethru.cpp,0xf7a,Seethru::JoinIndex::JoinIndexBuilder::BuildImpl,FUN_1802c3c40,1802c3c40,1802c3e4b
\Sql\Picasso\engine\src\imbi\process\seethru.cpp,0xf7a,Seethru::JoinIndex::JoinIndexBuilder::BuildImpl,FUN_1802c3ea0,1802c3ea0,1802c40ab
\Sql\Picasso\engine\src\imbi\process\seethru.cpp,0x1184,Seethru::JoinIndex::JoinIndexBuilder::PartitionSegmentsAcrossJobs,FUN_180293450,180293450,180293c33
\Sql\Picasso\engine\src\imbi\process\seethru.cpp,0xa6c,TranscodeBooleans,FUN_180290520,180290520,180290841
\Sql\Picasso\engine\src\imbi\process\seethru.cpp,0xa65,TranscodeBooleans,FUN_180290520,180290520,180290841
\Sql\Picasso\engine\src\imbi\process\seethru.cpp,0xa6c,TranscodeBooleans,FUN_1802aa540,1802aa540,1802aa703
\Sql\Picasso\engine\src\imbi\process\seethru.cpp,0xcaf,TranscodeColumnChunkDictionary,FUN_180290bc0,180290bc0,180291fa6
\Sql\Picasso\engine\src\imbi\process\seethru.cpp,0xcbb,TranscodeColumnChunkDictionary,FUN_180290bc0,180290bc0,180291fa6
\Sql\Picasso\engine\src\imbi\process\seethru.cpp,0xcf1,TranscodeColumnChunkDictionary,FUN_180290bc0,180290bc0,180291fa6
\Sql\Picasso\engine\src\imbi\process\seethru.cpp,0xd35,TranscodeColumnChunkDictionary,FUN_180290bc0,180290bc0,180291fa6
\Sql\Picasso\engine\src\imbi\process\seethru.cpp,0xd1a,TranscodeColumnChunkDictionary,FUN_180290bc0,180290bc0,180291fa6
\Sql\Picasso\engine\src\imbi\process\seethru.cpp,0xd28,TranscodeColumnChunkDictionary,FUN_180290bc0,180290bc0,180291fa6
\Sql\Picasso\engine\src\imbi\process\seethru.cpp,0x85d,Utf16Span::ReadPlainValues,FUN_1802a2830,1802a2830,1802a2f38
\Sql\Picasso\engine\src\imbi\process\seethru.cpp,0x85e,Utf16Span::ReadPlainValues,FUN_1802a2830,1802a2830,1802a2f38
\Sql\Picasso\engine\src\imbi\process\seethru.cpp,0x872,Utf16Span::ReadPlainValues,FUN_1802a2830,1802a2830,1802a2f38
\Sql\Picasso\engine\src\imbi\process\seethru.cpp,0x85d,Utf16Span::ReadPlainValues,FUN_1802a2f90,1802a2f90,1802a3392
\Sql\Picasso\engine\src\imbi\process\seethru.cpp,0x85e,Utf16Span::ReadPlainValues,FUN_1802a2f90,1802a2f90,1802a3392
\Sql\Picasso\engine\src\imbi\process\seethru.cpp,0x872,Utf16Span::ReadPlainValues,FUN_1802a2f90,1802a2f90,1802a3392
\Sql\Picasso\engine\src\imbi\process\seethru.cpp,0x7be,Utf8ToUtf16::Utf8ToUtf16,FUN_18028e7f0,18028e7f0,18028eb27
\Sql\Picasso\engine\src\imbi\process\seethru.cpp,0xacc,Xform<__int64>::Xform,FUN_1802a3f90,1802a3f90,1802a4297
\Sql\Picasso\engine\src\imbi\process\seethru.cpp,0xacc,Xform<__int64>::Xform,FUN_1802a45d0,1802a45d0,1802a48d7
\Sql\Picasso\engine\src\imbi\process\seethru.cpp,0xacc,Xform<__int64>::Xform,FUN_1802a4930,1802a4930,1802a4a4f
\Sql\Picasso\engine\src\imbi\process\seethru.cpp,0xacc,Xform<__int64>::Xform,FUN_1802a4bc0,1802a4bc0,1802a4ea6
\Sql\Picasso\engine\src\imbi\process\seethru.cpp,0xacc,Xform<__int64>::Xform,FUN_1802a4f00,1802a4f00,1802a501f
\Sql\Picasso\engine\src\imbi\process\seethru.cpp,0xacc,Xform<__int64>::Xform,FUN_1802a5190,1802a5190,1802a5476
\Sql\Picasso\engine\src\imbi\process\seethru.cpp,0xacc,Xform<__int64>::Xform,FUN_1802a70f0,1802a70f0,1802a73cb
\Sql\Picasso\engine\src\imbi\process\seethru.cpp,0xacc,Xform<__int64>::Xform,FUN_1802a7420,1802a7420,1802a7708
\Sql\Picasso\engine\src\imbi\process\seethru.cpp,0xacc,Xform<__int64>::Xform,FUN_1802a8680,1802a8680,1802a8981
\Sql\Picasso\engine\src\imbi\process\seethru.cpp,0xacc,Xform<__int64>::Xform,FUN_1802a89e0,1802a89e0,1802a8cf6
\Sql\Picasso\engine\src\imbi\process\seethru.cpp,0xacc,Xform<__int64>::Xform,FUN_1802a9c40,1802a9c40,1802a9d84
\Sql\Picasso\engine\src\imbi\process\seethru.cpp,0xacc,Xform<__int64>::Xform,FUN_1802a9ff0,1802a9ff0,1802aa134
\Sql\Picasso\engine\src\imbi\process\seethru.cpp,0xacc,Xform<__int64>::Xform,FUN_1802aa540,1802aa540,1802aa703
\Sql\Picasso\engine\src\imbi\process\seethru.cpp,0xacc,Xform<__int64>::Xform,FUN_1802b9c60,1802b9c60,1802b9ecb
\Sql\Picasso\engine\src\imbi\process\seethru.cpp,0xacc,Xform<__int64>::Xform,FUN_1802ba120,1802ba120,1802ba3a0
\Sql\Picasso\engine\src\imbi\process\seethru.cpp,0xacc,Xform<__int64>::Xform,FUN_1802badf0,1802badf0,1802bb05b
\Sql\Picasso\engine\src\imbi\process\seethru.cpp,0xacc,Xform<__int64>::Xform,FUN_1802bb2b0,1802bb2b0,1802bb530
\Sql\Picasso\engine\src\imbi\process\seethru.cpp,0xacc,Xform<__int64>::Xform,FUN_1802bbf80,1802bbf80,1802bc1eb
\Sql\Picasso\engine\src\imbi\process\seethru.cpp,0xacc,Xform<__int64>::Xform,FUN_1802bc440,1802bc440,1802bc6c0
\Sql\Picasso\engine\src\imbi\process\seethru.cpp,0xacc,Xform<__int64>::Xform,FUN_1802bd070,1802bd070,1802bd25d
\Sql\Picasso\engine\src\imbi\process\seethru.cpp,0xacc,Xform<__int64>::Xform,FUN_1802bda00,1802bda00,1802bdce2
\Sql\Picasso\engine\src\imbi\process\seethru.cpp,0xacc,Xform<__int64>::Xform,FUN_1802bf5b0,1802bf5b0,1802bf7e8
\Sql\Picasso\engine\src\imbi\process\seethru.cpp,0xacc,Xform<__int64>::Xform,FUN_1802c1450,1802c1450,1802c1726
\Sql\Picasso\engine\src\imbi\process\seethru.cpp,0xacc,Xform<__int64>::Xform,FUN_1802c1780,1802c1780,1802c1a66
\Sql\Picasso\engine\src\imbi\process\seethru.cpp,0xacc,Xform<__int64>::Xform,FUN_1802c23e0,1802c23e0,1802c26b8
\Sql\Picasso\engine\src\imbi\process\seethru.cpp,0xacc,Xform<__int64>::Xform,FUN_1802c2710,1802c2710,1802c2a02
\Sql\Picasso\engine\src\imbi\process\seethru.cpp,0xacc,Xform<__int64>::Xform,FUN_1802e0aa0,1802e0aa0,1802e0da7
\Sql\Picasso\engine\src\imbi\process\seethru.cpp,0xacc,Xform<__int64>::Xform,FUN_1802e0e00,1802e0e00,1802e111d
\Sql\Picasso\engine\src\imbi\process\seethru.cpp,0xacc,Xform<__int64>::Xform,FUN_1802e1950,1802e1950,1802e1c57
\Sql\Picasso\engine\src\imbi\process\seethru.cpp,0xacc,Xform<__int64>::Xform,FUN_1802e1cb0,1802e1cb0,1802e1fcd
\Sql\Picasso\engine\src\imbi\process\seethru.cpp,0xacc,Xform<__int64>::Xform,FUN_1802e2800,1802e2800,1802e2b07
\Sql\Picasso\engine\src\imbi\process\seethru.cpp,0xacc,Xform<__int64>::Xform,FUN_1802e2b60,1802e2b60,1802e2e7d
\Sql\Picasso\engine\src\imbi\process\seethru.cpp,0xacc,Xform<__int64>::Xform,FUN_1802e3720,1802e3720,1802e38c8
\Sql\Picasso\engine\src\imbi\process\seethru.cpp,0xacc,Xform<__int64>::Xform,FUN_1802e3920,1802e3920,1802e3a69
\Sql\Picasso\engine\src\imbi\process\seethru.cpp,0xacc,Xform<__int64>::Xform,FUN_1802e4190,1802e4190,1802e434b
\Sql\Picasso\engine\src\imbi\process\seethru.cpp,0xacc,Xform<__int64>::Xform,FUN_1802e43a0,1802e43a0,1802e44f2
\Sql\Picasso\engine\src\imbi\process\seethru.cpp,0xacc,Xform<bool>::Xform,FUN_1802a5bd0,1802a5bd0,1802a5ec7
\Sql\Picasso\engine\src\imbi\process\seethru.cpp,0xacc,Xform<bool>::Xform,FUN_1802a5f20,1802a5f20,1802a6217
\Sql\Picasso\engine\src\imbi\process\seethru.cpp,0xacc,Xform<bool>::Xform,FUN_1802a7760,1802a7760,1802a7a4c
\Sql\Picasso\engine\src\imbi\process\seethru.cpp,0xacc,Xform<bool>::Xform,FUN_1802a8d50,1802a8d50,1802a906e
\Sql\Picasso\engine\src\imbi\process\seethru.cpp,0xacc,Xform<bool>::Xform,FUN_1802aa3a0,1802aa3a0,1802aa4e4
\Sql\Picasso\engine\src\imbi\process\seethru.cpp,0xacc,Xform<bool>::Xform,FUN_1802ba620,1802ba620,1802ba932
\Sql\Picasso\engine\src\imbi\process\seethru.cpp,0xacc,Xform<bool>::Xform,FUN_1802bb7b0,1802bb7b0,1802bbac2
\Sql\Picasso\engine\src\imbi\process\seethru.cpp,0xacc,Xform<bool>::Xform,FUN_1802bc940,1802bc940,1802bcc52
\Sql\Picasso\engine\src\imbi\process\seethru.cpp,0xacc,Xform<bool>::Xform,FUN_1802be7a0,1802be7a0,1802bea5c
\Sql\Picasso\engine\src\imbi\process\seethru.cpp,0xacc,Xform<bool>::Xform,FUN_1802c0500,1802c0500,1802c07bc
\Sql\Picasso\engine\src\imbi\process\seethru.cpp,0xacc,Xform<bool>::Xform,FUN_1802e1180,1802e1180,1802e1492
\Sql\Picasso\engine\src\imbi\process\seethru.cpp,0xacc,Xform<bool>::Xform,FUN_1802e2030,1802e2030,1802e2342
\Sql\Picasso\engine\src\imbi\process\seethru.cpp,0xacc,Xform<bool>::Xform,FUN_1802e2ee0,1802e2ee0,1802e31f2
\Sql\Picasso\engine\src\imbi\process\seethru.cpp,0xacc,Xform<bool>::Xform,FUN_1802e45d0,1802e45d0,1802e474a
\Sql\Picasso\engine\src\imbi\process\seethru.cpp,0xacc,Xform<bool>::Xform,FUN_1802e4a40,1802e4a40,1802e4bbf
\Sql\Picasso\engine\src\imbi\process\seethru.cpp,0xacc,Xform<double>::Xform,FUN_1802a3790,1802a3790,1802a38b0
\Sql\Picasso\engine\src\imbi\process\seethru.cpp,0xacc,Xform<double>::Xform,FUN_1802a3a20,1802a3a20,1802a3b40
\Sql\Picasso\engine\src\imbi\process\seethru.cpp,0xacc,Xform<double>::Xform,FUN_1802a54d0,1802a54d0,1802a57ef
\Sql\Picasso\engine\src\imbi\process\seethru.cpp,0xacc,Xform<double>::Xform,FUN_1802a5850,1802a5850,1802a5b6f
\Sql\Picasso\engine\src\imbi\process\seethru.cpp,0xacc,Xform<double>::Xform,FUN_1802a94e0,1802a94e0,1802a9625
\Sql\Picasso\engine\src\imbi\process\seethru.cpp,0xacc,Xform<double>::Xform,FUN_1802a9890,1802a9890,1802a99d5
\Sql\Picasso\engine\src\imbi\process\seethru.cpp,0xacc,Xform<double>::Xform,FUN_1802bceb0,1802bceb0,1802bd00e
\Sql\Picasso\engine\src\imbi\process\seethru.cpp,0xacc,Xform<double>::Xform,FUN_1802be110,1802be110,1802be3fb
\Sql\Picasso\engine\src\imbi\process\seethru.cpp,0xacc,Xform<double>::Xform,FUN_1802be450,1802be450,1802be748
\Sql\Picasso\engine\src\imbi\process\seethru.cpp,0xacc,Xform<double>::Xform,FUN_1802bfe10,1802bfe10,1802c011e
\Sql\Picasso\engine\src\imbi\process\seethru.cpp,0xacc,Xform<double>::Xform,FUN_1802c0180,1802c0180,1802c04a1
\Sql\Picasso\engine\src\imbi\process\seethru.cpp,0xacc,Xform<double>::Xform,FUN_1802c1100,1802c1100,1802c13ef
\Sql\Picasso\engine\src\imbi\process\seethru.cpp,0xacc,Xform<double>::Xform,FUN_1802c1f50,1802c1f50,1802c21af
\Sql\Picasso\engine\src\imbi\process\seethru.cpp,0xacc,Xform<double>::Xform,FUN_1802e34d0,1802e34d0,1802e3642
\Sql\Picasso\engine\src\imbi\process\seethru.cpp,0xacc,Xform<double>::Xform,FUN_1802e3d60,1802e3d60,1802e3ed8
\Sql\Picasso\engine\src\imbi\process\seethru.cpp,0xacc,Xform<double>::Xform,FUN_1802e3fb0,1802e3fb0,1802e4130
\Sql\Picasso\engine\src\imbi\process\seethru.cpp,0xacc,Xform<struct Datetime>::Xform,FUN_1802a6ed0,1802a6ed0,1802a6fa8
\Sql\Picasso\engine\src\imbi\process\seethru.cpp,0xacc,Xform<struct Datetime>::Xform,FUN_1802a8420,1802a8420,1802a8538
\Sql\Picasso\engine\src\imbi\process\seethru.cpp,0xacc,Xform<struct Datetime>::Xform,FUN_1802b9a00,1802b9a00,1802b9b15
\Sql\Picasso\engine\src\imbi\process\seethru.cpp,0xacc,Xform<struct Datetime>::Xform,FUN_1802bab90,1802bab90,1802baca5
\Sql\Picasso\engine\src\imbi\process\seethru.cpp,0xacc,Xform<struct Datetime>::Xform,FUN_1802bbd20,1802bbd20,1802bbe35
\Sql\Picasso\engine\src\imbi\process\seethru.cpp,0xacc,Xform<struct Datetime>::Xform,FUN_1802e0840,1802e0840,1802e0950
\Sql\Picasso\engine\src\imbi\process\seethru.cpp,0xacc,Xform<struct Datetime>::Xform,FUN_1802e16f0,1802e16f0,1802e1800
\Sql\Picasso\engine\src\imbi\process\seethru.cpp,0xacc,Xform<struct Datetime>::Xform,FUN_1802e25a0,1802e25a0,1802e26b0
\Sql\Picasso\engine\src\imbi\process\seethru.cpp,0xacc,Xform<struct SmallDecimal>::Xform,FUN_1802a3cb0,1802a3cb0,1802a3e08
\Sql\Picasso\engine\src\imbi\process\seethru.cpp,0xacc,Xform<struct SmallDecimal>::Xform,FUN_1802a42f0,1802a42f0,1802a4448
\Sql\Picasso\engine\src\imbi\process\seethru.cpp,0xacc,Xform<struct SmallDecimal>::Xform,FUN_1802bec60,1802bec60,1802bef51
\Sql\Picasso\engine\src\imbi\process\seethru.cpp,0xacc,Xform<struct SmallDecimal>::Xform,FUN_1802c09c0,1802c09c0,1802c0cb5
\Sql\Picasso\engine\src\imbi\process\seethru.cpp,0x7e7,XFormUtf16::XFormUtf16,FUN_1802b87b0,1802b87b0,1802b89e3
\Sql\Picasso\engine\src\imbi\process\seethru.cpp,0x7e7,XFormUtf16::XFormUtf16,FUN_1802b8a40,1802b8a40,1802b8c73
\Sql\Picasso\engine\src\imbi\process\seethru.cpp,0x7e7,XFormUtf16::XFormUtf16,FUN_1802b8cd0,1802b8cd0,1802b8f17
\Sql\Picasso\engine\src\imbi\process\seethru.cpp,0x7e7,XFormUtf16::XFormUtf16,FUN_1802b8ff0,1802b8ff0,1802b9226
\Sql\Picasso\engine\src\imbi\process\seethru.cpp,0x7e7,XFormUtf16::XFormUtf16,FUN_1802bd2c0,1802bd2c0,1802bd54b
\Sql\Picasso\engine\src\imbi\process\seethru.cpp,0x7e7,XFormUtf16::XFormUtf16,FUN_1802e3ac0,1802e3ac0,1802e3d05
\Sql\Picasso\engine\src\imbi\process\seethru.cpp,0x7e7,XFormUtf16::XFormUtf16,FUN_1802e47a0,1802e47a0,1802e49e7
\Sql\Picasso\engine\src\imbi\process\seethru.cpp,0x316,XMColumnSegment::FillWithDataId,FUN_18028c810,18028c810,18028cabe
\Sql\Picasso\engine\src\imbi\process\seethru.cpp,0x31e,XMColumnSegment::FillWithDataId,FUN_18028c810,18028c810,18028cabe
\Sql\Picasso\engine\src\imbi\process\seethru.cpp,0x19b6,XMDataEncoder::FrameTableImpl,FUN_18029ce50,18029ce50,18029eb52
\Sql\Picasso\engine\src\imbi\process\seethru.cpp,0x19e9,XMDataEncoder::FrameTableImpl,FUN_18029ce50,18029ce50,18029eb52
\Sql\Picasso\engine\src\imbi\process\seethru.cpp,0x1820,XMDataEncoder::FrameTableValidation,FUN_180299d60,180299d60,180299ebe
\Sql\Picasso\engine\src\imbi\process\seethru.cpp,0x185c,XMDataEncoder::FrameTableValidation,FUN_180299d60,180299d60,180299ebe
\Sql\Picasso\engine\src\imbi\process\seethru.cpp,0x1816,XMDataEncoder::LegacySlowCloneDictionary,FUN_180299760,180299760,180299cd2
\Sql\Picasso\engine\src\imbi\process\seethru.cpp,0x1922,XMDataEncoder::PrepareForIncrementalFraming,FUN_18029bb10,18029bb10,18029bd7f
\Sql\Picasso\engine\src\imbi\process\seethru.cpp,0x1c3e,XMSchemaMgr::FinalizeFraming,FUN_18029ff10,18029ff10,18029ff8c
\Sql\Picasso\engine\src\imbi\process\seethru.cpp,0x1b25,XMTypeToString,FUN_1802aefd0,1802aefd0,1802af4dd
\Sql\Picasso\engine\src\imbi\process\seethru.cpp,0x1b25,XMTypeToString,FUN_1802af6c0,1802af6c0,1802af9ba
\Sql\Picasso\engine\src\imbi\process\seethru.cpp,0x1b25,XMTypeToString,FUN_1802afb40,1802afb40,1802aff3f
\Sql\Picasso\engine\src\imbi\process\seethru.cpp,0xd64,,Catch@1810adf02,1810adf02,1810adfcf
\Sql\Picasso\engine\src\imbi\process\seethru.cpp,0x85,,FUN_18028b9b0,18028b9b0,18028ba84
\Sql\Picasso\engine\src\imbi\process\seethru.cpp,0x328,,FUN_18028cb70,18028cb70,18028ccb9
\Sql\Picasso\engine\src\imbi\process\seethru.cpp,0x32e,,FUN_18028cb70,18028cb70,18028ccb9
\Sql\Picasso\engine\src\imbi\process\seethru.cpp,0x382,,FUN_18028cec0,18028cec0,18028d091
\Sql\Picasso\engine\src\imbi\process\seethru.cpp,0x395,,FUN_18028d130,18028d130,18028d23e
\Sql\Picasso\engine\src\imbi\process\seethru.cpp,0xbb1,,FUN_18028f280,18028f280,18028fab3
\Sql\Picasso\engine\src\imbi\process\seethru.cpp,0xbce,,FUN_18028fb40,18028fb40,18028fd34
\Sql\Picasso\engine\src\imbi\process\seethru.cpp,0xbfc,,FUN_18028fdc0,18028fdc0,180290001
\Sql\Picasso\engine\src\imbi\process\seethru.cpp,0xc06,,FUN_18028fdc0,18028fdc0,180290001
\Sql\Picasso\engine\src\imbi\process\seethru.cpp,0xc16,,FUN_180290090,180290090,1802900f7
\Sql\Picasso\engine\src\imbi\process\seethru.cpp,0xc33,,FUN_180290160,180290160,180290354
\Sql\Picasso\engine\src\imbi\process\seethru.cpp,0xc52,,FUN_1802903e0,1.80E+06,180290497
\Sql\Picasso\engine\src\imbi\process\seethru.cpp,0xc71,,FUN_180290520,180290520,180290841
\Sql\Picasso\engine\src\imbi\process\seethru.cpp,0xc7c,,FUN_1802908c0,1802908c0,1.80E+11
\Sql\Picasso\engine\src\imbi\process\seethru.cpp,0xca5,,FUN_180290a40,180290a40,180290b5f
\Sql\Picasso\engine\src\imbi\process\seethru.cpp,0x12d1,,FUN_180294390,180294390,1802945bc
\Sql\Picasso\engine\src\imbi\process\seethru.cpp,0x12e3,,FUN_180294640,180294640,18029478c
\Sql\Picasso\engine\src\imbi\process\seethru.cpp,0x1366,,FUN_1802947e0,1.80E+06,180294af3
\Sql\Picasso\engine\src\imbi\process\seethru.cpp,0x1482,,FUN_180295630,180295630,18029579d
\Sql\Picasso\engine\src\imbi\process\seethru.cpp,0x15b1,,FUN_1802971d0,1802971d0,180297320
\Sql\Picasso\engine\src\imbi\process\seethru.cpp,0x15ef,,FUN_1802973a0,1802973a0,1802976b5
\Sql\Picasso\engine\src\imbi\process\seethru.cpp,0x1637,,FUN_180297740,180297740,1802977b8
\Sql\Picasso\engine\src\imbi\process\seethru.cpp,0xacc,,FUN_1802a3790,1802a3790,1802a38b0
\Sql\Picasso\engine\src\imbi\process\seethru.cpp,0xacc,,FUN_1802a3a20,1802a3a20,1802a3b40
\Sql\Picasso\engine\src\imbi\process\seethru.cpp,0xacc,,FUN_1802a3f90,1802a3f90,1802a4297
\Sql\Picasso\engine\src\imbi\process\seethru.cpp,0xacc,,FUN_1802a45d0,1802a45d0,1802a48d7
\Sql\Picasso\engine\src\imbi\process\seethru.cpp,0xacc,,FUN_1802a4930,1802a4930,1802a4a4f
\Sql\Picasso\engine\src\imbi\process\seethru.cpp,0xacc,,FUN_1802a4bc0,1802a4bc0,1802a4ea6
\Sql\Picasso\engine\src\imbi\process\seethru.cpp,0xacc,,FUN_1802a4f00,1802a4f00,1802a501f
\Sql\Picasso\engine\src\imbi\process\seethru.cpp,0xacc,,FUN_1802a5190,1802a5190,1802a5476
\Sql\Picasso\engine\src\imbi\process\seethru.cpp,0xacc,,FUN_1802a5bd0,1802a5bd0,1802a5ec7
\Sql\Picasso\engine\src\imbi\process\seethru.cpp,0xacc,,FUN_1802a5f20,1802a5f20,1802a6217
\Sql\Picasso\engine\src\imbi\process\seethru.cpp,0xacc,,FUN_1802a6ed0,1802a6ed0,1802a6fa8
\Sql\Picasso\engine\src\imbi\process\seethru.cpp,0xacc,,FUN_1802a70f0,1802a70f0,1802a73cb
\Sql\Picasso\engine\src\imbi\process\seethru.cpp,0xacc,,FUN_1802a7420,1802a7420,1802a7708
\Sql\Picasso\engine\src\imbi\process\seethru.cpp,0xacc,,FUN_1802a7760,1802a7760,1802a7a4c
\Sql\Picasso\engine\src\imbi\process\seethru.cpp,0xbeb,,FUN_1802a7ca0,1802a7ca0,1802a7e94
\Sql\Picasso\engine\src\imbi\process\seethru.cpp,0xbeb,,FUN_1802a7f20,1802a7f20,1802a8114
\Sql\Picasso\engine\src\imbi\process\seethru.cpp,0xbeb,,FUN_1802a81a0,1802a81a0,1802a8394
\Sql\Picasso\engine\src\imbi\process\seethru.cpp,0xacc,,FUN_1802a8420,1802a8420,1802a8538
\Sql\Picasso\engine\src\imbi\process\seethru.cpp,0xacc,,FUN_1802a8680,1802a8680,1802a8981
\Sql\Picasso\engine\src\imbi\process\seethru.cpp,0xacc,,FUN_1802a89e0,1802a89e0,1802a8cf6
\Sql\Picasso\engine\src\imbi\process\seethru.cpp,0xacc,,FUN_1802a8d50,1802a8d50,1802a906e
\Sql\Picasso\engine\src\imbi\process\seethru.cpp,0xacc,,FUN_1802a94e0,1802a94e0,1802a9625
\Sql\Picasso\engine\src\imbi\process\seethru.cpp,0xacc,,FUN_1802a9890,1802a9890,1802a99d5
\Sql\Picasso\engine\src\imbi\process\seethru.cpp,0xacc,,FUN_1802a9c40,1802a9c40,1802a9d84
\Sql\Picasso\engine\src\imbi\process\seethru.cpp,0xacc,,FUN_1802a9ff0,1802a9ff0,1802aa134
\Sql\Picasso\engine\src\imbi\process\seethru.cpp,0xacc,,FUN_1802aa3a0,1802aa3a0,1802aa4e4
\Sql\Picasso\engine\src\imbi\process\seethru.cpp,0xacc,,FUN_1802aa540,1802aa540,1802aa703
\Sql\Picasso\engine\src\imbi\process\seethru.cpp,0xb1b,,FUN_1802aaa10,1802aaa10,1802aad68
\Sql\Picasso\engine\src\imbi\process\seethru.cpp,0xb1b,,FUN_1802aadf0,1802aadf0,1802ab148
\Sql\Picasso\engine\src\imbi\process\seethru.cpp,0xc9b,,FUN_1802ab1d0,1802ab1d0,1802ab3a3
\Sql\Picasso\engine\src\imbi\process\seethru.cpp,0xc9b,,FUN_1802ab430,1802ab430,1802ab603
\Sql\Picasso\engine\src\imbi\process\seethru.cpp,0xf7a,,FUN_1802ab6e0,1802ab6e0,1802ab8e6
\Sql\Picasso\engine\src\imbi\process\seethru.cpp,0xf7a,,FUN_1802ab940,1802ab940,1802abb46
\Sql\Picasso\engine\src\imbi\process\seethru.cpp,0xf7a,,FUN_1802abba0,1802abba0,1802abda6
\Sql\Picasso\engine\src\imbi\process\seethru.cpp,0xf7a,,FUN_1802abe00,1802abe00,1802ac2f7
\Sql\Picasso\engine\src\imbi\process\seethru.cpp,0xf7a,,FUN_1802ac350,1802ac350,1802ac847
\Sql\Picasso\engine\src\imbi\process\seethru.cpp,0x1624,,FUN_1802ae280,1802ae280,1802ae4c5
\Sql\Picasso\engine\src\imbi\process\seethru.cpp,0x1624,,FUN_1802ae550,1802ae550,1802ae9c1
\Sql\Picasso\engine\src\imbi\process\seethru.cpp,0x1624,,FUN_1802aea40,1802aea40,1802aeeae
\Sql\Picasso\engine\src\imbi\process\seethru.cpp,0xbeb,,FUN_1802b9280,1802b9280,1802b9474
\Sql\Picasso\engine\src\imbi\process\seethru.cpp,0xbeb,,FUN_1802b9500,1802b9500,1802b96f4
\Sql\Picasso\engine\src\imbi\process\seethru.cpp,0xbeb,,FUN_1802b9780,1802b9780,1802b9974
\Sql\Picasso\engine\src\imbi\process\seethru.cpp,0xacc,,FUN_1802b9a00,1802b9a00,1802b9b15
\Sql\Picasso\engine\src\imbi\process\seethru.cpp,0xacc,,FUN_1802b9c60,1802b9c60,1802b9ecb
\Sql\Picasso\engine\src\imbi\process\seethru.cpp,0xacc,,FUN_1802ba120,1802ba120,1802ba3a0
\Sql\Picasso\engine\src\imbi\process\seethru.cpp,0xacc,,FUN_1802ba620,1802ba620,1802ba932
\Sql\Picasso\engine\src\imbi\process\seethru.cpp,0xacc,,FUN_1802bab90,1802bab90,1802baca5
\Sql\Picasso\engine\src\imbi\process\seethru.cpp,0xacc,,FUN_1802badf0,1802badf0,1802bb05b
\Sql\Picasso\engine\src\imbi\process\seethru.cpp,0xacc,,FUN_1802bb2b0,1802bb2b0,1802bb530
\Sql\Picasso\engine\src\imbi\process\seethru.cpp,0xacc,,FUN_1802bb7b0,1802bb7b0,1802bbac2
\Sql\Picasso\engine\src\imbi\process\seethru.cpp,0xacc,,FUN_1802bbd20,1802bbd20,1802bbe35
\Sql\Picasso\engine\src\imbi\process\seethru.cpp,0xacc,,FUN_1802bbf80,1802bbf80,1802bc1eb
\Sql\Picasso\engine\src\imbi\process\seethru.cpp,0xacc,,FUN_1802bc440,1802bc440,1802bc6c0
\Sql\Picasso\engine\src\imbi\process\seethru.cpp,0xacc,,FUN_1802bc940,1802bc940,1802bcc52
\Sql\Picasso\engine\src\imbi\process\seethru.cpp,0xacc,,FUN_1802bceb0,1802bceb0,1802bd00e
\Sql\Picasso\engine\src\imbi\process\seethru.cpp,0xacc,,FUN_1802bd070,1802bd070,1802bd25d
\Sql\Picasso\engine\src\imbi\process\seethru.cpp,0xacc,,FUN_1802bda00,1802bda00,1802bdce2
\Sql\Picasso\engine\src\imbi\process\seethru.cpp,0xacc,,FUN_1802be7a0,1802be7a0,1802bea5c
\Sql\Picasso\engine\src\imbi\process\seethru.cpp,0xacc,,FUN_1802bec60,1802bec60,1802bef51
\Sql\Picasso\engine\src\imbi\process\seethru.cpp,0xacc,,FUN_1802bf5b0,1802bf5b0,1802bf7e8
\Sql\Picasso\engine\src\imbi\process\seethru.cpp,0xacc,,FUN_1802c0500,1802c0500,1802c07bc
\Sql\Picasso\engine\src\imbi\process\seethru.cpp,0xacc,,FUN_1802c09c0,1802c09c0,1802c0cb5
\Sql\Picasso\engine\src\imbi\process\seethru.cpp,0xacc,,FUN_1802c1450,1802c1450,1802c1726
\Sql\Picasso\engine\src\imbi\process\seethru.cpp,0xacc,,FUN_1802c1780,1802c1780,1802c1a66
\Sql\Picasso\engine\src\imbi\process\seethru.cpp,0xacc,,FUN_1802c23e0,1802c23e0,1802c26b8
\Sql\Picasso\engine\src\imbi\process\seethru.cpp,0xacc,,FUN_1802c2710,1802c2710,1802c2a02
\Sql\Picasso\engine\src\imbi\process\seethru.cpp,0xacc,,FUN_1802e0840,1802e0840,1802e0950
\Sql\Picasso\engine\src\imbi\process\seethru.cpp,0xacc,,FUN_1802e0aa0,1802e0aa0,1802e0da7
\Sql\Picasso\engine\src\imbi\process\seethru.cpp,0xacc,,FUN_1802e0e00,1802e0e00,1802e111d
\Sql\Picasso\engine\src\imbi\process\seethru.cpp,0xacc,,FUN_1802e1180,1802e1180,1802e1492
\Sql\Picasso\engine\src\imbi\process\seethru.cpp,0xacc,,FUN_1802e16f0,1802e16f0,1802e1800
\Sql\Picasso\engine\src\imbi\process\seethru.cpp,0xacc,,FUN_1802e1950,1802e1950,1802e1c57
\Sql\Picasso\engine\src\imbi\process\seethru.cpp,0xacc,,FUN_1802e1cb0,1802e1cb0,1802e1fcd
\Sql\Picasso\engine\src\imbi\process\seethru.cpp,0xacc,,FUN_1802e2030,1802e2030,1802e2342
\Sql\Picasso\engine\src\imbi\process\seethru.cpp,0xacc,,FUN_1802e25a0,1802e25a0,1802e26b0
\Sql\Picasso\engine\src\imbi\process\seethru.cpp,0xacc,,FUN_1802e2800,1802e2800,1802e2b07
\Sql\Picasso\engine\src\imbi\process\seethru.cpp,0xacc,,FUN_1802e2b60,1802e2b60,1802e2e7d
\Sql\Picasso\engine\src\imbi\process\seethru.cpp,0xacc,,FUN_1802e2ee0,1802e2ee0,1802e31f2
\Sql\Picasso\engine\src\imbi\process\seethru.cpp,0xacc,,FUN_1802e34d0,1802e34d0,1802e3642
\Sql\Picasso\engine\src\imbi\process\seethru.cpp,0xacc,,FUN_1802e3720,1802e3720,1802e38c8
\Sql\Picasso\engine\src\imbi\process\seethru.cpp,0xacc,,FUN_1802e3920,1802e3920,1802e3a69
\Sql\Picasso\engine\src\imbi\process\seethru.cpp,0xacc,,FUN_1802e3d60,1802e3d60,1802e3ed8
\Sql\Picasso\engine\src\imbi\process\seethru.cpp,0xacc,,FUN_1802e3fb0,1802e3fb0,1802e4130
\Sql\Picasso\engine\src\imbi\process\seethru.cpp,0xacc,,FUN_1802e4190,1802e4190,1802e434b
\Sql\Picasso\engine\src\imbi\process\seethru.cpp,0xacc,,FUN_1802e43a0,1802e43a0,1802e44f2
\Sql\Picasso\engine\src\imbi\process\seethru.cpp,0xacc,,FUN_1802e45d0,1802e45d0,1802e474a
\Sql\Picasso\engine\src\imbi\process\seethru.cpp,0xacc,,FUN_1802e4a40,1802e4a40,1802e4bbf
\Sql\Picasso\engine\src\imbi\process\taskscheduler.cpp,0x66,,Catch@1810ec298,1810ec298,1810ec30d
\Sql\Picasso\engine\src\imbi\process\taskscheduler.cpp,0x29,,FUN_1804eeb80,1804eeb80,1804eebcf
\Sql\Picasso\engine\src\imbi\process\writethru_rle.cpp,0x13d,delta::DictionaryBuilderVisitor<10,FUN_1804fe8b0,1804fe8b0,1804fe9ac
\Sql\Picasso\engine\src\imbi\process\writethru_rle.cpp,0x13d,delta::DictionaryBuilderVisitor<10,FUN_1804fea80,1804fea80,1804feb79
\Sql\Picasso\engine\src\imbi\process\writethru_rle.cpp,0x13d,delta::DictionaryBuilderVisitor<10,FUN_180500480,180500480,18050057c
\Sql\Picasso\engine\src\imbi\process\writethru_rle.cpp,0x13d,delta::DictionaryBuilderVisitor<10,FUN_180500650,180500650,180500749
\Sql\Picasso\engine\src\imbi\process\writethru_rle.cpp,0x168,delta::DictionaryBuilderVisitor<2,FUN_1804ff880,1804ff880,1804ffb7f
\Sql\Picasso\engine\src\imbi\process\writethru_rle.cpp,0x173,delta::DictionaryBuilderVisitor<2,FUN_1804ff880,1804ff880,1804ffb7f
\Sql\Picasso\engine\src\imbi\process\writethru_rle.cpp,0x13d,delta::DictionaryBuilderVisitor<2,FUN_1804ffc30,1804ffc30,1804ffd5f
\Sql\Picasso\engine\src\imbi\process\writethru_rle.cpp,0x168,delta::DictionaryBuilderVisitor<2,FUN_1804ffed0,1804ffed0,1805001cf
\Sql\Picasso\engine\src\imbi\process\writethru_rle.cpp,0x173,delta::DictionaryBuilderVisitor<2,FUN_1804ffed0,1804ffed0,1805001cf
\Sql\Picasso\engine\src\imbi\process\writethru_rle.cpp,0x13d,delta::DictionaryBuilderVisitor<2,FUN_180500280,180500280,1805003af
\Sql\Picasso\engine\src\imbi\process\writethru_rle.cpp,0x168,delta::DictionaryBuilderVisitor<2,FUN_180501450,180501450,18050174f
\Sql\Picasso\engine\src\imbi\process\writethru_rle.cpp,0x173,delta::DictionaryBuilderVisitor<2,FUN_180501450,180501450,18050174f
\Sql\Picasso\engine\src\imbi\process\writethru_rle.cpp,0x13d,delta::DictionaryBuilderVisitor<2,FUN_180501800,180501800,18050192f
\Sql\Picasso\engine\src\imbi\process\writethru_rle.cpp,0x168,delta::DictionaryBuilderVisitor<2,FUN_180501aa0,180501aa0,180501d9f
\Sql\Picasso\engine\src\imbi\process\writethru_rle.cpp,0x173,delta::DictionaryBuilderVisitor<2,FUN_180501aa0,180501aa0,180501d9f
\Sql\Picasso\engine\src\imbi\process\writethru_rle.cpp,0x13d,delta::DictionaryBuilderVisitor<2,FUN_180501e50,1.81E+55,180501f7f
\Sql\Picasso\engine\src\imbi\process\writethru_rle.cpp,0x13d,delta::DictionaryBuilderVisitor<6,FUN_1804ff440,1804ff440,1804ff53c
\Sql\Picasso\engine\src\imbi\process\writethru_rle.cpp,0x13d,delta::DictionaryBuilderVisitor<6,FUN_1804ff6b0,1804ff6b0,1804ff7a9
\Sql\Picasso\engine\src\imbi\process\writethru_rle.cpp,0x13d,delta::DictionaryBuilderVisitor<6,FUN_180501010,180501010,18050110c
\Sql\Picasso\engine\src\imbi\process\writethru_rle.cpp,0x13d,delta::DictionaryBuilderVisitor<6,FUN_180501280,180501280,180501379
\Sql\Picasso\engine\src\imbi\process\writethru_rle.cpp,0x13d,delta::DictionaryBuilderVisitor<8,FUN_1804ff010,1804ff010,1804ff0f9
\Sql\Picasso\engine\src\imbi\process\writethru_rle.cpp,0x13d,delta::DictionaryBuilderVisitor<8,FUN_1804ff270,1804ff270,1804ff365
\Sql\Picasso\engine\src\imbi\process\writethru_rle.cpp,0x13d,delta::DictionaryBuilderVisitor<8,FUN_180500be0,180500be0,180500cc9
\Sql\Picasso\engine\src\imbi\process\writethru_rle.cpp,0x13d,delta::DictionaryBuilderVisitor<8,FUN_180500e40,1.81E+45,180500f35
\Sql\Picasso\engine\src\imbi\process\writethru_rle.cpp,0x13d,delta::DictionaryBuilderVisitor<9,FUN_1804fec50,1804fec50,1804fed58
\Sql\Picasso\engine\src\imbi\process\writethru_rle.cpp,0x13d,delta::DictionaryBuilderVisitor<9,FUN_1804fee30,1804fee30,1804fef42
\Sql\Picasso\engine\src\imbi\process\writethru_rle.cpp,0x13d,delta::DictionaryBuilderVisitor<9,FUN_180500820,180500820,180500928
\Sql\Picasso\engine\src\imbi\process\writethru_rle.cpp,0x13d,delta::DictionaryBuilderVisitor<9,FUN_180500a00,180500a00,180500b12
\Sql\Picasso\engine\src\imbi\process\writethru_rle.cpp,0x3f3,delta::ExportSegment_Fast,FUN_1801c4da0,1801c4da0,1801c4f67
\Sql\Picasso\engine\src\imbi\process\writethru_rle.cpp,0x347,delta::IterateRleSegment,FUN_1804ef560,1804ef560,1804ef7b0
\Sql\Picasso\engine\src\imbi\process\writethru_rle.cpp,500,delta::ParquetRleWriterVisitor<struct parquet::PhysicalType<2>,FUN_1804ff610,1804ff610,1804ff64e
\Sql\Picasso\engine\src\imbi\process\writethru_rle.cpp,500,delta::ParquetRleWriterVisitor<struct parquet::PhysicalType<2>,FUN_1805011e0,1.81E+06,18050121e
\Sql\Picasso\engine\src\imbi\process\writethru_rle.cpp,500,delta::ParquetRleWriterVisitor<struct parquet::PhysicalType<5>,FUN_1804ff1d0,1804ff1d0,1804ff20e
\Sql\Picasso\engine\src\imbi\process\writethru_rle.cpp,500,delta::ParquetRleWriterVisitor<struct parquet::PhysicalType<5>,FUN_180500da0,180500da0,180500dde
\Sql\Picasso\engine\src\imbi\process\writethru_rle.cpp,500,delta::ParquetRleWriterVisitor<struct parquet::PhysicalType<6>,FUN_1804ffe30,1804ffe30,1804ffe6e
\Sql\Picasso\engine\src\imbi\process\writethru_rle.cpp,500,delta::ParquetRleWriterVisitor<struct parquet::PhysicalType<6>,FUN_180501a00,180501a00,180501a3e
\Sql\Picasso\engine\src\imbi\process\writethru_rle.cpp,0x3e1,delta::PersistSegmentToParquetImpl_Fast,FUN_1804f4820,1804f4820,1804f4a21
\Sql\Picasso\engine\src\imbi\process\writethru_rle.cpp,0x3dc,delta::PersistSegmentToParquetImpl_Fast,FUN_1804f4820,1804f4820,1804f4a21
\Sql\Picasso\engine\src\imbi\process\writethru_rle.cpp,0x3e1,delta::PersistSegmentToParquetImpl_Fast,FUN_1804f4ad0,1804f4ad0,1804f4cd1
\Sql\Picasso\engine\src\imbi\process\writethru_rle.cpp,0x3dc,delta::PersistSegmentToParquetImpl_Fast,FUN_1804f4ad0,1804f4ad0,1804f4cd1
\Sql\Picasso\engine\src\imbi\process\writethru_rle.cpp,0x3e1,,FUN_1804f4820,1804f4820,1804f4a21
\Sql\Picasso\engine\src\imbi\process\writethru_rle.cpp,0x3dc,,FUN_1804f4820,1804f4820,1804f4a21
\Sql\Picasso\engine\src\imbi\process\writethru_rle.cpp,0x3e1,,FUN_1804f4ad0,1804f4ad0,1804f4cd1
\Sql\Picasso\engine\src\imbi\process\writethru_rle.cpp,0x3dc,,FUN_1804f4ad0,1804f4ad0,1804f4cd1
\Sql\Picasso\engine\src\imbi\process\writethru_rle.cpp,0x13d,,FUN_1804fe8b0,1804fe8b0,1804fe9ac
\Sql\Picasso\engine\src\imbi\process\writethru_rle.cpp,0x13d,,FUN_1804fea80,1804fea80,1804feb79
\Sql\Picasso\engine\src\imbi\process\writethru_rle.cpp,0x13d,,FUN_1804fec50,1804fec50,1804fed58
\Sql\Picasso\engine\src\imbi\process\writethru_rle.cpp,0x13d,,FUN_1804fee30,1804fee30,1804fef42
\Sql\Picasso\engine\src\imbi\process\writethru_rle.cpp,0x13d,,FUN_1804ff010,1804ff010,1804ff0f9
\Sql\Picasso\engine\src\imbi\process\writethru_rle.cpp,500,,FUN_1804ff1d0,1804ff1d0,1804ff20e
\Sql\Picasso\engine\src\imbi\process\writethru_rle.cpp,0x13d,,FUN_1804ff270,1804ff270,1804ff365
\Sql\Picasso\engine\src\imbi\process\writethru_rle.cpp,0x13d,,FUN_1804ff440,1804ff440,1804ff53c
\Sql\Picasso\engine\src\imbi\process\writethru_rle.cpp,500,,FUN_1804ff610,1804ff610,1804ff64e
\Sql\Picasso\engine\src\imbi\process\writethru_rle.cpp,0x13d,,FUN_1804ff6b0,1804ff6b0,1804ff7a9
\Sql\Picasso\engine\src\imbi\process\writethru_rle.cpp,0x173,,FUN_1804ff880,1804ff880,1804ffb7f
\Sql\Picasso\engine\src\imbi\process\writethru_rle.cpp,0x13d,,FUN_1804ffc30,1804ffc30,1804ffd5f
\Sql\Picasso\engine\src\imbi\process\writethru_rle.cpp,500,,FUN_1804ffe30,1804ffe30,1804ffe6e
\Sql\Picasso\engine\src\imbi\process\writethru_rle.cpp,0x173,,FUN_1804ffed0,1804ffed0,1805001cf
\Sql\Picasso\engine\src\imbi\process\writethru_rle.cpp,0x13d,,FUN_180500280,180500280,1805003af
\Sql\Picasso\engine\src\imbi\process\writethru_rle.cpp,0x13d,,FUN_180500480,180500480,18050057c
\Sql\Picasso\engine\src\imbi\process\writethru_rle.cpp,0x13d,,FUN_180500650,180500650,180500749
\Sql\Picasso\engine\src\imbi\process\writethru_rle.cpp,0x13d,,FUN_180500820,180500820,180500928
\Sql\Picasso\engine\src\imbi\process\writethru_rle.cpp,0x13d,,FUN_180500a00,180500a00,180500b12
\Sql\Picasso\engine\src\imbi\process\writethru_rle.cpp,0x13d,,FUN_180500be0,180500be0,180500cc9
\Sql\Picasso\engine\src\imbi\process\writethru_rle.cpp,500,,FUN_180500da0,180500da0,180500dde
\Sql\Picasso\engine\src\imbi\process\writethru_rle.cpp,0x13d,,FUN_180500e40,1.81E+45,180500f35
\Sql\Picasso\engine\src\imbi\process\writethru_rle.cpp,0x13d,,FUN_180501010,180501010,18050110c
\Sql\Picasso\engine\src\imbi\process\writethru_rle.cpp,500,,FUN_1805011e0,1.81E+06,18050121e
\Sql\Picasso\engine\src\imbi\process\writethru_rle.cpp,0x13d,,FUN_180501280,180501280,180501379
\Sql\Picasso\engine\src\imbi\process\writethru_rle.cpp,0x173,,FUN_180501450,180501450,18050174f
\Sql\Picasso\engine\src\imbi\process\writethru_rle.cpp,0x13d,,FUN_180501800,180501800,18050192f
\Sql\Picasso\engine\src\imbi\process\writethru_rle.cpp,500,,FUN_180501a00,180501a00,180501a3e
\Sql\Picasso\engine\src\imbi\process\writethru_rle.cpp,0x173,,FUN_180501aa0,180501aa0,180501d9f
\Sql\Picasso\engine\src\imbi\process\writethru_rle.cpp,0x13d,,FUN_180501e50,1.81E+55,180501f7f
\Sql\Picasso\engine\src\imbi\process\writethru.cpp,0x210,delta::GetDeltaDataType,FUN_1804a3ee0,1804a3ee0,1804a47a8
\Sql\Picasso\engine\src\imbi\process\writethru.cpp,0x19,delta::GetExportType,FUN_1804a3ee0,1804a3ee0,1804a47a8
\Sql\Picasso\engine\src\imbi\process\writethru.cpp,0x26,delta::GetExportTypeStr,FUN_1804a17f0,1804a17f0,1804a1826
\Sql\Picasso\engine\src\imbi\process\writethru.cpp,0x289,delta::MergeParquetColumnChunkStatistics,FUN_1804a63e0,1804a63e0,1804a6ad0
\Sql\Picasso\engine\src\imbi\process\writethru.cpp,0x13a,delta::PersistColumnSegmentDataToParquet,FUN_1804ada10,1804ada10,1804ae5d9
\Sql\Picasso\engine\src\imbi\process\writethru.cpp,0x162,delta::PersistColumnSegmentDataToParquet,FUN_1804ada10,1804ada10,1804ae5d9
\Sql\Picasso\engine\src\imbi\process\writethru.cpp,0x173,delta::PersistColumnSegmentDataToParquet,FUN_1804ada10,1804ada10,1804ae5d9
\Sql\Picasso\engine\src\imbi\process\writethru.cpp,0x134,delta::PersistColumnSegmentDataToParquet,FUN_1804ada10,1804ada10,1804ae5d9
\Sql\Picasso\engine\src\imbi\process\writethru.cpp,0x1bd,delta::PersistColumnSegmentDataToParquet,FUN_1804ae740,1804ae740,1804aead8
\Sql\Picasso\engine\src\imbi\process\writethru.cpp,0x1bd,delta::PersistColumnSegmentDataToParquet,FUN_1804aeb40,1804aeb40,1804aeeda
\Sql\Picasso\engine\src\imbi\process\writethru.cpp,0x1bd,delta::PersistColumnSegmentDataToParquet,FUN_1804aef40,1804aef40,1804af324
\Sql\Picasso\engine\src\imbi\process\writethru.cpp,0x1bd,delta::PersistColumnSegmentDataToParquet,FUN_1804af380,1804af380,1804af71a
\Sql\Picasso\engine\src\imbi\process\writethru.cpp,0x13a,delta::PersistColumnSegmentDataToParquet,FUN_1804af780,1804af780,1804b0285
\Sql\Picasso\engine\src\imbi\process\writethru.cpp,0x16c,delta::PersistColumnSegmentDataToParquet,FUN_1804af780,1804af780,1804b0285
\Sql\Picasso\engine\src\imbi\process\writethru.cpp,0x162,delta::PersistColumnSegmentDataToParquet,FUN_1804af780,1804af780,1804b0285
\Sql\Picasso\engine\src\imbi\process\writethru.cpp,0x178,delta::PersistColumnSegmentDataToParquet,FUN_1804af780,1804af780,1804b0285
\Sql\Picasso\engine\src\imbi\process\writethru.cpp,0x134,delta::PersistColumnSegmentDataToParquet,FUN_1804af780,1804af780,1804b0285
\Sql\Picasso\engine\src\imbi\process\writethru.cpp,0x1b6,delta::PersistColumnSegmentDataToParquet,FUN_1804b0440,1804b0440,1804b0721
\Sql\Picasso\engine\src\imbi\process\writethru.cpp,0x1c2,delta::PersistColumnSegmentDataToParquet,FUN_1804b0440,1804b0440,1804b0721
\Sql\Picasso\engine\src\imbi\process\writethru.cpp,0x1b6,delta::PersistColumnSegmentDataToParquet,FUN_1804b07d0,1804b07d0,1804b0ab3
\Sql\Picasso\engine\src\imbi\process\writethru.cpp,0x1c2,delta::PersistColumnSegmentDataToParquet,FUN_1804b07d0,1804b07d0,1804b0ab3
\Sql\Picasso\engine\src\imbi\process\writethru.cpp,0x1b6,delta::PersistColumnSegmentDataToParquet,FUN_1804b0b60,1804b0b60,1804b0e70
\Sql\Picasso\engine\src\imbi\process\writethru.cpp,0x1c2,delta::PersistColumnSegmentDataToParquet,FUN_1804b0b60,1804b0b60,1804b0e70
\Sql\Picasso\engine\src\imbi\process\writethru.cpp,0x1b6,delta::PersistColumnSegmentDataToParquet,FUN_1804b0f20,1804b0f20,1804b1204
\Sql\Picasso\engine\src\imbi\process\writethru.cpp,0x1c2,delta::PersistColumnSegmentDataToParquet,FUN_1804b0f20,1804b0f20,1804b1204
\Sql\Picasso\engine\src\imbi\process\writethru.cpp,0x2b1,delta::PersistDatabaseTask::RunInternal,FUN_1804a34f0,1804a34f0,1804a3533
\Sql\Picasso\engine\src\imbi\process\writethru.cpp,0x4c1,delta::PersistPartitionTask::Finalize,FUN_1804a63e0,1804a63e0,1804a6ad0
\Sql\Picasso\engine\src\imbi\process\writethru.cpp,0x432,delta::PersistPartitionTask::RunInternal,FUN_1804a5d00,1804a5d00,1804a5e7b
\Sql\Picasso\engine\src\imbi\process\writethru.cpp,0x49e,delta::PersistPartitionTask::SetVecColStatistics,FUN_1804a63e0,1804a63e0,1804a6ad0
\Sql\Picasso\engine\src\imbi\process\writethru.cpp,0x514,delta::PersistSegmentTask::RunInternal,FUN_1804a6db0,1804a6db0,1804a7082
\Sql\Picasso\engine\src\imbi\process\writethru.cpp,0x1dd,delta::PersistSegmentToParquetImpl,FUN_1804a8af0,1804a8af0,1804a8cf6
\Sql\Picasso\engine\src\imbi\process\writethru.cpp,0x1dd,delta::PersistSegmentToParquetImpl,FUN_1804a8dc0,1804a8dc0,1804a8fc6
\Sql\Picasso\engine\src\imbi\process\writethru.cpp,0x39c,delta::PersistTableTask::Prepare,FUN_1804a3ee0,1804a3ee0,1804a47a8
\Sql\Picasso\engine\src\imbi\process\writethru.cpp,0x353,delta::PersistTableTask::Prepare,FUN_1804a3ee0,1804a3ee0,1804a47a8
\Sql\Picasso\engine\src\imbi\process\writethru.cpp,0x316,delta::PersistTableTask::RunInternal,FUN_1804a3d40,1804a3d40,1804a3e8b
\Sql\Picasso\engine\src\imbi\process\writethru.cpp,0x3c,,Catch@1810e2a40,1810e2a40,1810e2a5a
\Sql\Picasso\engine\src\imbi\process\writethru.cpp,0xa8,,Catch@1810e2b40,1810e2b40,1810e2b5a
\Sql\Picasso\engine\src\imbi\process\writethru.cpp,0x26,,FUN_1804a17f0,1804a17f0,1804a1826
\Sql\Picasso\engine\src\imbi\process\writethru.cpp,5,,FUN_1804a3410,1804a3410,1804a3449
\Sql\Picasso\engine\src\imbi\process\writethru.hpp,0x2b,delta::GetExportTaskPhaseStr,FUN_1804a3220,1804a3220,1804a33af
\Sql\Picasso\engine\src\imbi\process\xmcolenc.cpp,0xed,XMColumnEncoder<__int64>::ClearPartialSegmentStats,FUN_1804db880,1804db880,1804db991
\Sql\Picasso\engine\src\imbi\process\xmcolenc.cpp,0xf0,XMColumnEncoder<__int64>::ClearPartialSegmentStats,FUN_1804db880,1804db880,1804db991
\Sql\Picasso\engine\src\imbi\process\xmcolenc.cpp,0xf1,XMColumnEncoder<__int64>::ClearPartialSegmentStats,FUN_1804db880,1804db880,1804db991
\Sql\Picasso\engine\src\imbi\process\xmcolenc.cpp,0xd7,XMColumnEncoder<__int64>::CollectPartialSegmentStats,FUN_1804db6e0,1804db6e0,1804db81e
\Sql\Picasso\engine\src\imbi\process\xmcolenc.cpp,0xda,XMColumnEncoder<__int64>::CollectPartialSegmentStats,FUN_1804db6e0,1804db6e0,1804db81e
\Sql\Picasso\engine\src\imbi\process\xmcolenc.cpp,0xdb,XMColumnEncoder<__int64>::CollectPartialSegmentStats,FUN_1804db6e0,1804db6e0,1804db81e
\Sql\Picasso\engine\src\imbi\process\xmcolenc.cpp,0xed,XMColumnEncoder<class PFVariantBase *>::ClearPartialSegmentStats,FUN_1804de220,1804de220,1804de32e
\Sql\Picasso\engine\src\imbi\process\xmcolenc.cpp,0xf0,XMColumnEncoder<class PFVariantBase *>::ClearPartialSegmentStats,FUN_1804de220,1804de220,1804de32e
\Sql\Picasso\engine\src\imbi\process\xmcolenc.cpp,0xf1,XMColumnEncoder<class PFVariantBase *>::ClearPartialSegmentStats,FUN_1804de220,1804de220,1804de32e
\Sql\Picasso\engine\src\imbi\process\xmcolenc.cpp,0xd7,XMColumnEncoder<class PFVariantBase *>::CollectPartialSegmentStats,FUN_1804de080,1804de080,1804de1bb
\Sql\Picasso\engine\src\imbi\process\xmcolenc.cpp,0xda,XMColumnEncoder<class PFVariantBase *>::CollectPartialSegmentStats,FUN_1804de080,1804de080,1804de1bb
\Sql\Picasso\engine\src\imbi\process\xmcolenc.cpp,0xdb,XMColumnEncoder<class PFVariantBase *>::CollectPartialSegmentStats,FUN_1804de080,1804de080,1804de1bb
\Sql\Picasso\engine\src\imbi\process\xmcolenc.cpp,0xed,XMColumnEncoder<double>::ClearPartialSegmentStats,FUN_1804dc660,1804dc660,1804dc771
\Sql\Picasso\engine\src\imbi\process\xmcolenc.cpp,0xf0,XMColumnEncoder<double>::ClearPartialSegmentStats,FUN_1804dc660,1804dc660,1804dc771
\Sql\Picasso\engine\src\imbi\process\xmcolenc.cpp,0xf1,XMColumnEncoder<double>::ClearPartialSegmentStats,FUN_1804dc660,1804dc660,1804dc771
\Sql\Picasso\engine\src\imbi\process\xmcolenc.cpp,0xd7,XMColumnEncoder<double>::CollectPartialSegmentStats,FUN_1804dc4c0,1804dc4c0,1804dc5fe
\Sql\Picasso\engine\src\imbi\process\xmcolenc.cpp,0xda,XMColumnEncoder<double>::CollectPartialSegmentStats,FUN_1804dc4c0,1804dc4c0,1804dc5fe
\Sql\Picasso\engine\src\imbi\process\xmcolenc.cpp,0xdb,XMColumnEncoder<double>::CollectPartialSegmentStats,FUN_1804dc4c0,1804dc4c0,1804dc5fe
\Sql\Picasso\engine\src\imbi\process\xmcolenc.cpp,0xed,XMColumnEncoder<wchar_t *>::ClearPartialSegmentStats,FUN_1804dd420,1804dd420,1804dd52e
\Sql\Picasso\engine\src\imbi\process\xmcolenc.cpp,0xf0,XMColumnEncoder<wchar_t *>::ClearPartialSegmentStats,FUN_1804dd420,1804dd420,1804dd52e
\Sql\Picasso\engine\src\imbi\process\xmcolenc.cpp,0xf1,XMColumnEncoder<wchar_t *>::ClearPartialSegmentStats,FUN_1804dd420,1804dd420,1804dd52e
\Sql\Picasso\engine\src\imbi\process\xmcolenc.cpp,0xd7,XMColumnEncoder<wchar_t *>::CollectPartialSegmentStats,FUN_1804dd280,1804dd280,1804dd3bb
\Sql\Picasso\engine\src\imbi\process\xmcolenc.cpp,0xda,XMColumnEncoder<wchar_t *>::CollectPartialSegmentStats,FUN_1804dd280,1804dd280,1804dd3bb
\Sql\Picasso\engine\src\imbi\process\xmcolenc.cpp,0xdb,XMColumnEncoder<wchar_t *>::CollectPartialSegmentStats,FUN_1804dd280,1804dd280,1804dd3bb
\Sql\Picasso\engine\src\imbi\process\xmcolenc.cpp,0x47,XMIColumnEncoder::CreateTypedColumnEncoder,FUN_1804da900,1804da900,1804dab2e
\Sql\Picasso\engine\src\imbi\process\xmcolenc.cpp,0xda,,FUN_1804db6e0,1804db6e0,1804db81e
\Sql\Picasso\engine\src\imbi\process\xmcolenc.cpp,0xf0,,FUN_1804db880,1804db880,1804db991
\Sql\Picasso\engine\src\imbi\process\xmcolenc.cpp,0xda,,FUN_1804dc4c0,1804dc4c0,1804dc5fe
\Sql\Picasso\engine\src\imbi\process\xmcolenc.cpp,0xf0,,FUN_1804dc660,1804dc660,1804dc771
\Sql\Picasso\engine\src\imbi\process\xmcolenc.cpp,0xda,,FUN_1804dd280,1804dd280,1804dd3bb
\Sql\Picasso\engine\src\imbi\process\xmcolenc.cpp,0xf0,,FUN_1804dd420,1804dd420,1804dd52e
\Sql\Picasso\engine\src\imbi\process\xmcolenc.cpp,0xda,,FUN_1804de080,1804de080,1804de1bb
\Sql\Picasso\engine\src\imbi\process\xmcolenc.cpp,0xf0,,FUN_1804de220,1804de220,1804de32e
\Sql\Picasso\engine\src\imbi\process\xmcolenc.inl,0x138,XMColumnEncoder<__int64>::EncodeDataId,FUN_1804dfa80,1804dfa80,1804dfc46
\Sql\Picasso\engine\src\imbi\process\xmcolenc.inl,0x71,XMColumnEncoder<__int64>::Init,FUN_1804dad00,1804dad00,1804db42c
\Sql\Picasso\engine\src\imbi\process\xmcolenc.inl,0x138,XMColumnEncoder<class PFVariantBase *>::EncodeDataId,FUN_1804de4b0,1804de4b0,1804de673
\Sql\Picasso\engine\src\imbi\process\xmcolenc.inl,0x71,XMColumnEncoder<class PFVariantBase *>::Init,FUN_1804ddac0,1804ddac0,1804ddfc2
\Sql\Picasso\engine\src\imbi\process\xmcolenc.inl,0x138,XMColumnEncoder<double>::EncodeDataId,FUN_1804df850,1804df850,1804dfa16
\Sql\Picasso\engine\src\imbi\process\xmcolenc.inl,0x71,XMColumnEncoder<double>::Init,FUN_1804dbcf0,1804dbcf0,1804dc3f3
\Sql\Picasso\engine\src\imbi\process\xmcolenc.inl,0x138,XMColumnEncoder<wchar_t *>::EncodeDataId,FUN_1804dd730,1804dd730,1804dd8f3
\Sql\Picasso\engine\src\imbi\process\xmcolenc.inl,0x71,XMColumnEncoder<wchar_t *>::Init,FUN_1804dcac0,1804dcac0,1804dd011
\Sql\Picasso\engine\src\imbi\process\xmcolenc.inl,0x138,,FUN_1804dd730,1804dd730,1804dd8f3
\Sql\Picasso\engine\src\imbi\process\xmcolenc.inl,0x138,,FUN_1804de4b0,1804de4b0,1804de673
\Sql\Picasso\engine\src\imbi\process\xmcolenc.inl,0x138,,FUN_1804df850,1804df850,1804dfa16
\Sql\Picasso\engine\src\imbi\process\xmcolenc.inl,0x138,,FUN_1804dfa80,1804dfa80,1804dfc46
\Sql\Picasso\engine\src\imbi\process\xmcompanalyzer.cpp,0x2a0,XMCompressionAnalyzer::CreateCompressionFromHint,FUN_1804b6220,1804b6220,1804b70ad
\Sql\Picasso\engine\src\imbi\process\xmcompanalyzer.cpp,0x2b0,XMCompressionAnalyzer::CreateCompressionFromHint,FUN_1804b6220,1804b6220,1804b70ad
\Sql\Picasso\engine\src\imbi\process\xmcompanalyzer.cpp,0x2bf,XMCompressionAnalyzer::CreateCompressionFromHint,FUN_1804b6220,1804b6220,1804b70ad
\Sql\Picasso\engine\src\imbi\process\xmcompanalyzer.cpp,0xa4,XMCompressionAnalyzer::Init,FUN_1804b4360,1804b4360,1804b442a
\Sql\Picasso\engine\src\imbi\process\xmcompanalyzer.cpp,0xa5,XMCompressionAnalyzer::Init,FUN_1804b4360,1804b4360,1804b442a
\Sql\Picasso\engine\src\imbi\process\xmcompanalyzer.cpp,0x1e4,XMCompressionAnalyzer::PickBitpackCompression,FUN_1804b48e0,1804b48e0,1804b6135
\Sql\Picasso\engine\src\imbi\process\xmcompanalyzer.cpp,0x244,XMCompressionAnalyzer::PickBitpackCompression,FUN_1804b48e0,1804b48e0,1804b6135
\Sql\Picasso\engine\src\imbi\process\xmcompanalyzer.cpp,0x25a,XMCompressionAnalyzer::PickBitpackCompression,FUN_1804b48e0,1804b48e0,1804b6135
\Sql\Picasso\engine\src\imbi\process\xmcompanalyzer.cpp,0xa4,,FUN_1804b4360,1804b4360,1804b442a
\Sql\Picasso\engine\src\imbi\process\xmcompanalyzer.cpp,0xa5,,FUN_1804b4360,1804b4360,1804b442a
\Sql\Picasso\engine\src\imbi\process\xmencanalyzer.inl,0x5c,XMEncodingAnalyzer<__int64>::AnalyzeData,FUN_180472ba0,180472ba0,180473062
\Sql\Picasso\engine\src\imbi\process\xmencanalyzer.inl,0x5c,XMEncodingAnalyzer<double>::AnalyzeData,FUN_180473190,180473190,180473674
\Sql\Picasso\engine\src\imbi\process\xmencode.cpp,0x23,PFGetXMTypeName,FUN_180465830,180465830,180465888
\Sql\Picasso\engine\src\imbi\process\xmencode.cpp,0x852,XMDataEncoder::AddNewSegment,FUN_18046cd70,18046cd70,18046d057
\Sql\Picasso\engine\src\imbi\process\xmencode.cpp,0x84b,XMDataEncoder::AddNewSegment,FUN_18046cd70,18046cd70,18046d057
\Sql\Picasso\engine\src\imbi\process\xmencode.cpp,0x5b2,XMDataEncoder::BindToSegment,FUN_18046a970,18046a970,18046aa23
\Sql\Picasso\engine\src\imbi\process\xmencode.cpp,0x3f7,XMDataEncoder::CheckCompatibility,FUN_180468c10,180468c10,180468db7
\Sql\Picasso\engine\src\imbi\process\xmencode.cpp,0x64f,XMDataEncoder::ClearCache,FUN_18046ad20,18046ad20,18046b2fb
\Sql\Picasso\engine\src\imbi\process\xmencode.cpp,0x64f,XMDataEncoder::ClearCache,FUN_18046b420,18046b420,18046b6eb
\Sql\Picasso\engine\src\imbi\process\xmencode.cpp,0x5c5,XMDataEncoder::CreateCurrentSegmentIterators,FUN_18046aa80,18046aa80,18046ac65
\Sql\Picasso\engine\src\imbi\process\xmencode.cpp,0x8ce,XMDataEncoder::DetermineSegmentRowCount,FUN_18046d440,18046d440,18046d4e9
\Sql\Picasso\engine\src\imbi\process\xmencode.cpp,0x8d2,XMDataEncoder::DetermineSegmentRowCount,FUN_18046d440,18046d440,18046d4e9
\Sql\Picasso\engine\src\imbi\process\xmencode.cpp,0x9b2,XMDataEncoder::EncodeCachedDataInPartitionMergingMode,FUN_18046df60,18046df60,1.80E+20
\Sql\Picasso\engine\src\imbi\process\xmencode.cpp,0x9e8,XMDataEncoder::EncodeCachedValues,FUN_18046ad20,18046ad20,18046b2fb
\Sql\Picasso\engine\src\imbi\process\xmencode.cpp,0x9fa,XMDataEncoder::EncodeCachedValues,FUN_18046ad20,18046ad20,18046b2fb
\Sql\Picasso\engine\src\imbi\process\xmencode.cpp,0x9fa,XMDataEncoder::EncodeCachedValues,FUN_18046b420,18046b420,18046b6eb
\Sql\Picasso\engine\src\imbi\process\xmencode.cpp,0x1de,XMDataEncoder::EncodeData,FUN_180467050,180467050,18046726a
\Sql\Picasso\engine\src\imbi\process\xmencode.cpp,0x1df,XMDataEncoder::EncodeData,FUN_180467050,180467050,18046726a
\Sql\Picasso\engine\src\imbi\process\xmencode.cpp,0x1e4,XMDataEncoder::EncodeData,FUN_180467050,180467050,18046726a
\Sql\Picasso\engine\src\imbi\process\xmencode.cpp,0x1dd,XMDataEncoder::EncodeData,FUN_180467050,180467050,18046726a
\Sql\Picasso\engine\src\imbi\process\xmencode.cpp,0x20e,XMDataEncoder::EncodeData,FUN_180467320,180467320,18046753e
\Sql\Picasso\engine\src\imbi\process\xmencode.cpp,0x20f,XMDataEncoder::EncodeData,FUN_180467320,180467320,18046753e
\Sql\Picasso\engine\src\imbi\process\xmencode.cpp,0x214,XMDataEncoder::EncodeData,FUN_180467320,180467320,18046753e
\Sql\Picasso\engine\src\imbi\process\xmencode.cpp,0x20d,XMDataEncoder::EncodeData,FUN_180467320,180467320,18046753e
\Sql\Picasso\engine\src\imbi\process\xmencode.cpp,0x24b,XMDataEncoder::EncodeData,FUN_1804675f0,1804675f0,1804680ff
\Sql\Picasso\engine\src\imbi\process\xmencode.cpp,0x24b,XMDataEncoder::EncodeData,FUN_1804675f0,1804675f0,1804680ff
\Sql\Picasso\engine\src\imbi\process\xmencode.cpp,0x250,XMDataEncoder::EncodeData,FUN_1804675f0,1804675f0,1804680ff
\Sql\Picasso\engine\src\imbi\process\xmencode.cpp,0x260,XMDataEncoder::EncodeData,FUN_1804675f0,1804675f0,1804680ff
\Sql\Picasso\engine\src\imbi\process\xmencode.cpp,0x266,XMDataEncoder::EncodeData,FUN_1804675f0,1804675f0,1804680ff
\Sql\Picasso\engine\src\imbi\process\xmencode.cpp,0x26b,XMDataEncoder::EncodeData,FUN_1804675f0,1804675f0,1804680ff
\Sql\Picasso\engine\src\imbi\process\xmencode.cpp,0x2ce,XMDataEncoder::EncodeData,FUN_1804675f0,1804675f0,1804680ff
\Sql\Picasso\engine\src\imbi\process\xmencode.cpp,0x248,XMDataEncoder::EncodeData,FUN_1804675f0,1804675f0,1804680ff
\Sql\Picasso\engine\src\imbi\process\xmencode.cpp,0x352,XMDataEncoder::FindOutIfWeNeedToDealWithMetasegment,FUN_180468520,180468520,180468648
\Sql\Picasso\engine\src\imbi\process\xmencode.cpp,0x363,XMDataEncoder::FindOutIfWeNeedToDealWithMetasegment,FUN_180468520,180468520,180468648
\Sql\Picasso\engine\src\imbi\process\xmencode.cpp,0x5f0,XMDataEncoder::FlushCache,FUN_18046ad20,18046ad20,18046b2fb
\Sql\Picasso\engine\src\imbi\process\xmencode.cpp,0x625,XMDataEncoder::FlushStringCache,FUN_18046b420,18046b420,18046b6eb
\Sql\Picasso\engine\src\imbi\process\xmencode.cpp,0x73c,XMDataEncoder::GrowSegment,FUN_18046c120,18046c120,18046c489
\Sql\Picasso\engine\src\imbi\process\xmencode.cpp,0x73d,XMDataEncoder::GrowSegment,FUN_18046c120,18046c120,18046c489
\Sql\Picasso\engine\src\imbi\process\xmencode.cpp,0x741,XMDataEncoder::GrowSegment,FUN_18046c120,18046c120,18046c489
\Sql\Picasso\engine\src\imbi\process\xmencode.cpp,0x77d,XMDataEncoder::GrowSegment,FUN_18046c120,18046c120,18046c489
\Sql\Picasso\engine\src\imbi\process\xmencode.cpp,0xc63,XMDataEncoder::HandleValueEncodingError,FUN_180473720,180473720,180473eb5
\Sql\Picasso\engine\src\imbi\process\xmencode.cpp,0xc6c,XMDataEncoder::HandleValueEncodingError,FUN_180473720,180473720,180473eb5
\Sql\Picasso\engine\src\imbi\process\xmencode.cpp,0xdad,XMDataEncoder::HandleValueEncodingError,FUN_180473720,180473720,180473eb5
\Sql\Picasso\engine\src\imbi\process\xmencode.cpp,0xd82,XMDataEncoder::HandleValueEncodingError,FUN_180473720,180473720,180473eb5
\Sql\Picasso\engine\src\imbi\process\xmencode.cpp,0xc63,XMDataEncoder::HandleValueEncodingError,FUN_1804754e0,1.80E+06,180475c55
\Sql\Picasso\engine\src\imbi\process\xmencode.cpp,0xc6c,XMDataEncoder::HandleValueEncodingError,FUN_1804754e0,1.80E+06,180475c55
\Sql\Picasso\engine\src\imbi\process\xmencode.cpp,0xdad,XMDataEncoder::HandleValueEncodingError,FUN_1804754e0,1.80E+06,180475c55
\Sql\Picasso\engine\src\imbi\process\xmencode.cpp,0xd82,XMDataEncoder::HandleValueEncodingError,FUN_1804754e0,1.80E+06,180475c55
\Sql\Picasso\engine\src\imbi\process\xmencode.cpp,0xc0a,XMDataEncoder::HVEEditPartition,FUN_18046e6d0,18046e6d0,18046e7e3
\Sql\Picasso\engine\src\imbi\process\xmencode.cpp,0xc00,XMDataEncoder::HVEEditPartition,FUN_18046e6d0,18046e6d0,18046e7e3
\Sql\Picasso\engine\src\imbi\process\xmencode.cpp,0xbe7,XMDataEncoder::HVEGetActiveSegmentRowCountForReencoding,FUN_18046e530,18046e530,18046e671
\Sql\Picasso\engine\src\imbi\process\xmencode.cpp,0xbd9,XMDataEncoder::HVEGetActiveSegmentRowCountForReencoding,FUN_18046e530,18046e530,18046e671
\Sql\Picasso\engine\src\imbi\process\xmencode.cpp,0xbb1,XMDataEncoder::HVESplitInactiveVsActivePartions,FUN_18046e380,18046e380,18046e4d2
\Sql\Picasso\engine\src\imbi\process\xmencode.cpp,1000,XMDataEncoder::PrepareEncodersAndUpdateColumnDictionaries,FUN_1804687d0,1804687d0,180468b52
\Sql\Picasso\engine\src\imbi\process\xmencode.cpp,0x8ea,XMDataEncoder::PrepareEnqueueSegment,FUN_18046d5a0,18046d5a0,18046dc18
\Sql\Picasso\engine\src\imbi\process\xmencode.cpp,0x900,XMDataEncoder::PrepareEnqueueSegment,FUN_18046d5a0,18046d5a0,18046dc18
\Sql\Picasso\engine\src\imbi\process\xmencode.cpp,0x41d,XMDataEncoder::PrepareReadAndEncode,FUN_180468e30,1.80E+35,180469215
\Sql\Picasso\engine\src\imbi\process\xmencode.cpp,0x425,XMDataEncoder::PrepareReadAndEncode,FUN_180468e30,1.80E+35,180469215
\Sql\Picasso\engine\src\imbi\process\xmencode.cpp,0x10c,XMDataEncoder::PrepareTableForPartitionProcessing,FUN_180466550,180466550,180466f32
\Sql\Picasso\engine\src\imbi\process\xmencode.cpp,0x1a2,XMDataEncoder::PrepareTableForPartitionProcessing,FUN_180466550,180466550,180466f32
\Sql\Picasso\engine\src\imbi\process\xmencode.cpp,0x126,XMDataEncoder::PrepareTableForPartitionProcessing,FUN_180466550,180466550,180466f32
\Sql\Picasso\engine\src\imbi\process\xmencode.cpp,0x178,XMDataEncoder::PrepareTableForPartitionProcessing,FUN_180466550,180466550,180466f32
\Sql\Picasso\engine\src\imbi\process\xmencode.cpp,0x493,XMDataEncoder::ReadAndEncode,FUN_180469270,180469270,18046a809
\Sql\Picasso\engine\src\imbi\process\xmencode.cpp,0x511,XMDataEncoder::ReadAndEncode,FUN_180469270,180469270,18046a809
\Sql\Picasso\engine\src\imbi\process\xmencode.cpp,0xe89,XMDataEncoder::Shared::Init,FUN_18046eda0,18046eda0,18046f22c
\Sql\Picasso\engine\src\imbi\process\xmencode.cpp,0x891,XMDataEncoder::TrimLastSegment,FUN_18046d110,18046d110,18046d32a
\Sql\Picasso\engine\src\imbi\process\xmencode.cpp,0x89e,XMDataEncoder::TrimLastSegment,FUN_18046d110,18046d110,18046d32a
\Sql\Picasso\engine\src\imbi\process\xmencode.cpp,0x8a8,XMDataEncoder::TrimLastSegment,FUN_18046d110,18046d110,18046d32a
\Sql\Picasso\engine\src\imbi\process\xmencode.cpp,0x7c2,XMDataEncoder::UpgradeToFactTable,FUN_18046c5e0,18046c5e0,18046cc05
\Sql\Picasso\engine\src\imbi\process\xmencode.cpp,0x7c3,XMDataEncoder::UpgradeToFactTable,FUN_18046c5e0,18046c5e0,18046cc05
\Sql\Picasso\engine\src\imbi\process\xmencode.cpp,0x7c6,XMDataEncoder::UpgradeToFactTable,FUN_18046c5e0,18046c5e0,18046cc05
\Sql\Picasso\engine\src\imbi\process\xmencode.cpp,0x7e2,XMDataEncoder::UpgradeToFactTable,FUN_18046c5e0,18046c5e0,18046cc05
\Sql\Picasso\engine\src\imbi\process\xmencode.cpp,0x23,,FUN_180465830,180465830,180465888
\Sql\Picasso\engine\src\imbi\process\xmencode.cpp,0x1df,,FUN_180467050,180467050,18046726a
\Sql\Picasso\engine\src\imbi\process\xmencode.cpp,0x1e4,,FUN_180467050,180467050,18046726a
\Sql\Picasso\engine\src\imbi\process\xmencode.cpp,0x1dd,,FUN_180467050,180467050,18046726a
\Sql\Picasso\engine\src\imbi\process\xmencode.cpp,0x20f,,FUN_180467320,180467320,18046753e
\Sql\Picasso\engine\src\imbi\process\xmencode.cpp,0x214,,FUN_180467320,180467320,18046753e
\Sql\Picasso\engine\src\imbi\process\xmencode.cpp,0x20d,,FUN_180467320,180467320,18046753e
\Sql\Picasso\engine\src\imbi\process\xmencode.cpp,0x214,,FUN_180467320,180467320,18046753e
\Sql\Picasso\engine\src\imbi\process\xmencode.cpp,0x352,,FUN_180468520,180468520,180468648
\Sql\Picasso\engine\src\imbi\process\xmencode.cpp,0x5f0,,FUN_18046ad20,18046ad20,18046b2fb
\Sql\Picasso\engine\src\imbi\process\xmencode.cpp,0x9e8,,FUN_18046ad20,18046ad20,18046b2fb
\Sql\Picasso\engine\src\imbi\process\xmencode.cpp,0x625,,FUN_18046b420,18046b420,18046b6eb
\Sql\Picasso\engine\src\imbi\process\xmencode.cpp,0x891,,FUN_18046d110,18046d110,18046d32a
\Sql\Picasso\engine\src\imbi\process\xmencode.cpp,0x8a8,,FUN_18046d110,18046d110,18046d32a
\Sql\Picasso\engine\src\imbi\process\xmencode.cpp,0x8ce,,FUN_18046d440,18046d440,18046d4e9
\Sql\Picasso\engine\src\imbi\process\xmencode.cpp,0x9b2,,FUN_18046df60,18046df60,1.80E+20
\Sql\Picasso\engine\src\imbi\process\xmencode.cpp,0xbe7,,FUN_18046e530,18046e530,18046e671
\Sql\Picasso\engine\src\imbi\process\xmencode.cpp,0xbd9,,FUN_18046e530,18046e530,18046e671
\Sql\Picasso\engine\src\imbi\process\xmencode.inl,0x19e,XMDataEncoder::CacheColumnValue,FUN_1804656a0,1804656a0,1804656a4
\Sql\Picasso\engine\src\imbi\process\xmencode.inl,0x21b,XMDataEncoder::CreateEncoder,FUN_180470730,180470730,180470c28
\Sql\Picasso\engine\src\imbi\process\xmencode.inl,0x21b,XMDataEncoder::CreateEncoder,FUN_180470c80,180470c80,180471178
\Sql\Picasso\engine\src\imbi\process\xmencode.inl,0x1d2,XMDataEncoder::EncodeString,FUN_180465700,180465700,1804657c7
\Sql\Picasso\engine\src\imbi\process\xmencode.inl,0x19e,,FUN_1804656a0,1804656a0,1804656a4
\Sql\Picasso\engine\src\imbi\process\xmencodelib.cpp,0x84,XMDataEncoderLib::ChangeColumnData,FUN_1804850e0,1.80E+06,1804859de
\Sql\Picasso\engine\src\imbi\process\xmencodelib.cpp,0x86,XMDataEncoderLib::ChangeColumnData,FUN_1804850e0,1.80E+06,1804859de
\Sql\Picasso\engine\src\imbi\process\xmencodelib.cpp,0x88,XMDataEncoderLib::ChangeColumnData,FUN_1804850e0,1.80E+06,1804859de
\Sql\Picasso\engine\src\imbi\process\xmencodelib.cpp,0x97,XMDataEncoderLib::ChangeColumnData,FUN_1804850e0,1.80E+06,1804859de
\Sql\Picasso\engine\src\imbi\process\xmencodelib.cpp,0x85,XMDataEncoderLib::ChangeColumnData,FUN_1804850e0,1.80E+06,1804859de
\Sql\Picasso\engine\src\imbi\process\xmencodelib.cpp,0x22,XMDataEncoderTestLib::CreateTableFromReader,FUN_180484270,180484270,180484f7b
\Sql\Picasso\engine\src\imbi\process\xmencodelib.cpp,0x23,XMDataEncoderTestLib::CreateTableFromReader,FUN_180484270,180484270,180484f7b
\Sql\Picasso\engine\src\imbi\process\xmencodelib.cpp,0x24,XMDataEncoderTestLib::CreateTableFromReader,FUN_180484270,180484270,180484f7b
\Sql\Picasso\engine\src\imbi\process\xmencodelib.cpp,0x23,XMDataEncoderTestLib::CreateTableFromReader,FUN_180484270,180484270,180484f7b
\Sql\Picasso\engine\src\imbi\process\xmencodelib.cpp,0x37,XMDataEncoderTestLib::CreateTableFromReader,FUN_180484270,180484270,180484f7b
\Sql\Picasso\engine\src\imbi\process\xmencodelib.cpp,0x12a,XMDataEncoderUtils::ChangeToRownumberColumn,FUN_180485bf0,180485bf0,1804860a5
\Sql\Picasso\engine\src\imbi\process\xmencodelib.cpp,300,XMDataEncoderUtils::ChangeToRownumberColumn,FUN_180485bf0,180485bf0,1804860a5
\Sql\Picasso\engine\src\imbi\process\xmencodelib.cpp,0x12d,XMDataEncoderUtils::ChangeToRownumberColumn,FUN_180485bf0,180485bf0,1804860a5
\Sql\Picasso\engine\src\imbi\process\xmencodelib.cpp,0x192,XMDataEncoderUtils::Create123DataDictionary,FUN_1804862c0,1804862c0,1804863db
\Sql\Picasso\engine\src\imbi\process\xmencodelib.cpp,0x1bd,XMDataEncoderUtils::GetGeneralSegmentRowCount,FUN_180486430,180486430,18048656e
\Sql\Picasso\engine\src\imbi\process\xmencodelib.cpp,0x1bd,,FUN_180486430,180486430,18048656e
\Sql\Picasso\engine\src\imbi\process\xmencprocessor.cpp,0x33,XMEncodedTableAccess::Init,FUN_18046eda0,18046eda0,18046f2b1
\Sql\Picasso\engine\src\imbi\process\xmencprocessor.cpp,0x38,XMEncodedTableAccess::Init,FUN_18046eda0,18046eda0,18046f2b1
\Sql\Picasso\engine\src\imbi\process\xmencprocessor.cpp,0x1aa,XMEncodingProcessor::EnsureActiveColumnsAreCompressed,FUN_1804e1030,1804e1030,1804e1200
\Sql\Picasso\engine\src\imbi\process\xmencprocessor.cpp,0xda,XMEncodingProcessor::InitEncodingProcessor,FUN_1804e04f0,1804e04f0,1804e07c0
\Sql\Picasso\engine\src\imbi\process\xmencprocessor.cpp,0x229,XMEncodingProcessor::Queue::Done,FUN_1804e1630,1804e1630,1804e17f9
\Sql\Picasso\engine\src\imbi\process\xmencprocessor.cpp,0x1b6,XMEncodingProcessor::Queue::Init,FUN_1804e04f0,1804e04f0,1804e07c0
\Sql\Picasso\engine\src\imbi\process\xmencprocessor.cpp,199,,Catch@1810e9d78,1810e9d78,1810e9d92
\Sql\Picasso\engine\src\imbi\process\xmencprocessor.cpp,0xda,,FUN_1804e04f0,1804e04f0,1804e07c0
\Sql\Picasso\engine\src\imbi\process\xmencprocessor.cpp,0x1b6,,FUN_1804e04f0,1804e04f0,1804e07c0
\Sql\Picasso\engine\src\imbi\process\xmencprocjobs.cpp,0x46d,XMColSegCompressJob::Init,FUN_18047e110,1.80E+114,1.80E+181
\Sql\Picasso\engine\src\imbi\process\xmencprocjobs.cpp,0x46e,XMColSegCompressJob::Init,FUN_18047e110,1.80E+114,1.80E+181
\Sql\Picasso\engine\src\imbi\process\xmencprocjobs.cpp,0x41b,XMColSegSortJob::Init,FUN_18047db20,18047db20,18047df5c
\Sql\Picasso\engine\src\imbi\process\xmencprocjobs.cpp,0x2c2,XMDictionaryCompressionJob::Init,FUN_18047f160,18047f160,18047f596
\Sql\Picasso\engine\src\imbi\process\xmencprocjobs.cpp,0x2c3,XMDictionaryCompressionJob::Init,FUN_18047f160,18047f160,18047f596
\Sql\Picasso\engine\src\imbi\process\xmencprocjobs.cpp,0x2ef,XMDictionaryCompressionJob::Run,FUN_18047f670,18047f670,18047f814
\Sql\Picasso\engine\src\imbi\process\xmencprocjobs.cpp,0x3cc,XMPostDictionaryCompressionMainJob::QueueChildJobs,FUN_18047fdb0,18047fdb0,1804806f1
\Sql\Picasso\engine\src\imbi\process\xmencprocjobs.cpp,0x393,XMPostDictionaryCompressionMainJob::Run,FUN_18047f9f0,18047f9f0,18047fb80
\Sql\Picasso\engine\src\imbi\process\xmencprocjobs.cpp,0x1ff,XMPostProcessJob::InitPostProcessJob,FUN_18047e9c0,18047e9c0,18047ebca
\Sql\Picasso\engine\src\imbi\process\xmencprocjobs.cpp,0x200,XMPostProcessJob::InitPostProcessJob,FUN_18047e9c0,18047e9c0,18047ebca
\Sql\Picasso\engine\src\imbi\process\xmencprocjobs.cpp,0x1ff,XMPostProcessJob::InitPostProcessJob,FUN_18047e9c0,18047e9c0,18047ebca
\Sql\Picasso\engine\src\imbi\process\xmencprocjobs.cpp,0x235,XMPostProcessJob::Run,FUN_18047ec30,18047ec30,18047ec90
\Sql\Picasso\engine\src\imbi\process\xmencprocjobs.cpp,0x271,XMPostProcessJob::Run_DictionaryCompression,FUN_18047f160,18047f160,18047f596
\Sql\Picasso\engine\src\imbi\process\xmencprocjobs.cpp,0x251,XMPostProcessJob::Run_RebaseValueColumn,FUN_18047ecf0,18047ecf0,18047f0af
\Sql\Picasso\engine\src\imbi\process\xmencprocjobs.cpp,0x49,XMSegmentProcessingJob::Init,FUN_18047ca60,18047ca60,18047cc60
\Sql\Picasso\engine\src\imbi\process\xmencprocjobs.cpp,0x4b,XMSegmentProcessingJob::Init,FUN_18047ca60,18047ca60,18047cc60
\Sql\Picasso\engine\src\imbi\process\xmencprocjobs.cpp,0xe9,XMSegmentProcessingJob::Run,FUN_18047cd20,18047cd20,18047ce7b
\Sql\Picasso\engine\src\imbi\process\xmencprocjobs.cpp,0x13f,XMSegmentProcessingJob::Run_AnalyzeClusters,FUN_18047db20,18047db20,18047df5c
\Sql\Picasso\engine\src\imbi\process\xmencprocjobs.cpp,0x152,XMSegmentProcessingJob::Run_AnalyzeClusters,FUN_18047db20,18047db20,18047df5c
\Sql\Picasso\engine\src\imbi\process\xmencprocjobs.cpp,0x171,XMSegmentProcessingJob::Run_AnalyzeClusters,FUN_18047db20,18047db20,18047df5c
\Sql\Picasso\engine\src\imbi\process\xmencprocjobs.cpp,0x192,XMSegmentProcessingJob::Run_AnalyzeCompression,FUN_18047e110,1.80E+114,1.80E+181
\Sql\Picasso\engine\src\imbi\process\xmencprocjobs.cpp,0x11f,XMSegmentProcessingJob::Run_RebaseValueSegments,FUN_18047d6c0,18047d6c0,18047da6d
\Sql\Picasso\engine\src\imbi\process\xmencprocjobs.cpp,0x504,XMValueColRebaseJob::Init,FUN_18047ecf0,18047ecf0,18047f0af
\Sql\Picasso\engine\src\imbi\process\xmencprocjobs.cpp,0x503,XMValueColRebaseJob::Init,FUN_18047ecf0,18047ecf0,18047f0af
\Sql\Picasso\engine\src\imbi\process\xmencprocjobs.cpp,0x547,XMValueColRebaseSegJob::Init,FUN_18047d6c0,18047d6c0,18047da6d
\Sql\Picasso\engine\src\imbi\process\xmencprocjobs.cpp,0x546,XMValueColRebaseSegJob::Init,FUN_18047d6c0,18047d6c0,18047da6d
\Sql\Picasso\engine\src\imbi\process\xmencprocjobs.cpp,0x49,,FUN_18047ca60,18047ca60,18047cc60
\Sql\Picasso\engine\src\imbi\process\xmencprocjobs.cpp,0x4b,,FUN_18047ca60,18047ca60,18047cc60
\Sql\Picasso\engine\src\imbi\process\xmencprocjobs.cpp,0x1ff,,FUN_18047e9c0,18047e9c0,18047ebca
\Sql\Picasso\engine\src\imbi\process\xmencprocjobs.cpp,0x200,,FUN_18047e9c0,18047e9c0,18047ebca
\Sql\Picasso\engine\src\imbi\process\xmencprocjobs.cpp,0x235,,FUN_18047ec30,18047ec30,18047ec90
\Sql\Picasso\engine\src\imbi\process\xmhierprocess.cpp,0x6d,PFQSortDataManipIntAsc<0,FUN_1804c3510,1804c3510,1804c3514
\Sql\Picasso\engine\src\imbi\process\xmhierprocess.cpp,0x6d,PFQSortDataManipIntAsc<1,FUN_1804c35d0,1804c35d0,1804c35d4
\Sql\Picasso\engine\src\imbi\process\xmhierprocess.cpp,0x9d,PFQSortDataManipIntMapAsc<0,FUN_1804c3570,1804c3570,1804c3574
\Sql\Picasso\engine\src\imbi\process\xmhierprocess.cpp,0x9d,PFQSortDataManipIntMapAsc<1,FUN_1804c3630,1804c3630,1804c3634
\Sql\Picasso\engine\src\imbi\process\xmhierprocess.cpp,0xf0,PFQSortDataManipRealAsc<0,FUN_1804c3390,1804c3390,1804c3394
\Sql\Picasso\engine\src\imbi\process\xmhierprocess.cpp,0xf0,PFQSortDataManipRealAsc<1,FUN_1804c3450,1804c3450,1804c3454
\Sql\Picasso\engine\src\imbi\process\xmhierprocess.cpp,0x12d,PFQSortDataManipRealMapAsc<0,FUN_1804c33f0,1804c33f0,1804c33f4
\Sql\Picasso\engine\src\imbi\process\xmhierprocess.cpp,0x12d,PFQSortDataManipRealMapAsc<1,FUN_1804c34b0,1804c34b0,1804c34b4
\Sql\Picasso\engine\src\imbi\process\xmhierprocess.cpp,0x184,PFQSortDataManipStringAsc<0,FUN_1804c3210,1804c3210,1804c3214
\Sql\Picasso\engine\src\imbi\process\xmhierprocess.cpp,0x184,PFQSortDataManipStringAsc<1,FUN_1804c32d0,1804c32d0,1804c32d4
\Sql\Picasso\engine\src\imbi\process\xmhierprocess.cpp,0x1b6,PFQSortDataManipStringMapAsc<0,FUN_1804c3270,1804c3270,1804c3274
\Sql\Picasso\engine\src\imbi\process\xmhierprocess.cpp,0x1b6,PFQSortDataManipStringMapAsc<1,FUN_1804c3330,1804c3330,1804c3334
\Sql\Picasso\engine\src\imbi\process\xmhierprocess.cpp,0x2b,PFQSortDataManipValueAsc::Compare,FUN_1804ba150,1804ba150,1804ba154
\Sql\Picasso\engine\src\imbi\process\xmhierprocess.cpp,0x49,PFQSortDataManipValueDes::Compare,FUN_1804ba210,1804ba210,1804ba214
\Sql\Picasso\engine\src\imbi\process\xmhierprocess.cpp,0x38,PFQSortDataManipValueMapAsc::Compare,FUN_1804ba1b0,1804ba1b0,1804ba1b4
\Sql\Picasso\engine\src\imbi\process\xmhierprocess.cpp,0x57,PFQSortDataManipValueMapDes::Compare,FUN_1804ba270,1804ba270,1804ba274
\Sql\Picasso\engine\src\imbi\process\xmhierprocess.cpp,0x22c,PFQSortDataManipVariantAsc<0,FUN_1804c3090,1804c3090,1804c3094
\Sql\Picasso\engine\src\imbi\process\xmhierprocess.cpp,0x22c,PFQSortDataManipVariantAsc<1,FUN_1804c3150,1804c3150,1804c3154
\Sql\Picasso\engine\src\imbi\process\xmhierprocess.cpp,0x284,PFQSortDataManipVariantMapAsc<0,FUN_1804c30f0,1804c30f0,1804c30f4
\Sql\Picasso\engine\src\imbi\process\xmhierprocess.cpp,0x284,PFQSortDataManipVariantMapAsc<1,FUN_1804c31b0,1804c31b0,1804c31b4
\Sql\Picasso\engine\src\imbi\process\xmhierprocess.cpp,0x221,VariantCompareClass,FUN_1804ba2d0,1804ba2d0,1804ba329
\Sql\Picasso\engine\src\imbi\process\xmhierprocess.cpp,0x317,XMHierarchyProcessColumnJob::Init,FUN_180f56c80,180f56c80,180f574f0
\Sql\Picasso\engine\src\imbi\process\xmhierprocess.cpp,0x318,XMHierarchyProcessColumnJob::Init,FUN_180f56c80,180f56c80,180f574f0
\Sql\Picasso\engine\src\imbi\process\xmhierprocess.cpp,0x7f7,XMHierarchyProcessor::FillBufferWithDistinctDataIDs,FUN_1804bde40,1804bde40,1804be307
\Sql\Picasso\engine\src\imbi\process\xmhierprocess.cpp,0x7f8,XMHierarchyProcessor::FillBufferWithDistinctDataIDs,FUN_1804bde40,1804bde40,1804be307
\Sql\Picasso\engine\src\imbi\process\xmhierprocess.cpp,0x714,XMHierarchyProcessor::FillBufferWithMappedDataIDs,FUN_1804bd7f0,1804bd7f0,1804bdde4
\Sql\Picasso\engine\src\imbi\process\xmhierprocess.cpp,0x3a0,XMHierarchyProcessor::Init,FUN_1804ba6d0,1804ba6d0,1804bac11
\Sql\Picasso\engine\src\imbi\process\xmhierprocess.cpp,0x3a1,XMHierarchyProcessor::Init,FUN_1804ba6d0,1804ba6d0,1804bac11
\Sql\Picasso\engine\src\imbi\process\xmhierprocess.cpp,0x3a4,XMHierarchyProcessor::Init,FUN_1804ba6d0,1804ba6d0,1804bac11
\Sql\Picasso\engine\src\imbi\process\xmhierprocess.cpp,0x3a5,XMHierarchyProcessor::Init,FUN_1804ba6d0,1804ba6d0,1804bac11
\Sql\Picasso\engine\src\imbi\process\xmhierprocess.cpp,0x3a6,XMHierarchyProcessor::Init,FUN_1804ba6d0,1804ba6d0,1804bac11
\Sql\Picasso\engine\src\imbi\process\xmhierprocess.cpp,0x3cd,XMHierarchyProcessor::Init,FUN_1804ba6d0,1804ba6d0,1804bac11
\Sql\Picasso\engine\src\imbi\process\xmhierprocess.cpp,0x48b,XMHierarchyProcessor::Prepare,FUN_1804bb0e0,1804bb0e0,1804bc52a
\Sql\Picasso\engine\src\imbi\process\xmhierprocess.cpp,0x4c1,XMHierarchyProcessor::Prepare,FUN_1804bb0e0,1804bb0e0,1804bc52a
\Sql\Picasso\engine\src\imbi\process\xmhierprocess.cpp,0x453,XMHierarchyProcessor::Prepare,FUN_1804bb0e0,1804bb0e0,1804bc52a
\Sql\Picasso\engine\src\imbi\process\xmhierprocess.cpp,0x79a,XMHierarchyProcessor::ProcessDataIDToPosition,FUN_1804bc5e0,1804bc5e0,1804bc917
\Sql\Picasso\engine\src\imbi\process\xmhierprocess.cpp,0x9ad,XMHierarchyProcessor::ProcessPositionToDataID,FUN_1804c2b50,1804c2b50,1804c2d93
\Sql\Picasso\engine\src\imbi\process\xmhierprocess.cpp,0x853,XMHierarchyProcessor::SortBufferWithDistinctDataIDs,FUN_1804be370,1804be370,1804c2990
\Sql\Picasso\engine\src\imbi\process\xmhierprocess.cpp,0x9a1,XMHierarchyProcessor::SortBufferWithDistinctDataIDs,FUN_1804be370,1804be370,1804c2990
\Sql\Picasso\engine\src\imbi\process\xmhierprocess.cpp,0x99d,XMHierarchyProcessor::SortBufferWithDistinctDataIDs,FUN_1804be370,1804be370,1804c2990
\Sql\Picasso\engine\src\imbi\process\xmhierprocess.cpp,0x900,XMHierarchyProcessor::SortBufferWithDistinctDataIDs,FUN_1804be370,1804be370,1804c2990
\Sql\Picasso\engine\src\imbi\process\xmhierprocess.cpp,0x2b,,FUN_1804ba150,1804ba150,1804ba154
\Sql\Picasso\engine\src\imbi\process\xmhierprocess.cpp,0x38,,FUN_1804ba1b0,1804ba1b0,1804ba1b4
\Sql\Picasso\engine\src\imbi\process\xmhierprocess.cpp,0x49,,FUN_1804ba210,1804ba210,1804ba214
\Sql\Picasso\engine\src\imbi\process\xmhierprocess.cpp,0x57,,FUN_1804ba270,1804ba270,1804ba274
\Sql\Picasso\engine\src\imbi\process\xmhierprocess.cpp,0x221,,FUN_1804ba2d0,1804ba2d0,1804ba329
\Sql\Picasso\engine\src\imbi\process\xmhierprocess.cpp,0x7f7,,FUN_1804bde40,1804bde40,1804be307
\Sql\Picasso\engine\src\imbi\process\xmhierprocess.cpp,0x7f8,,FUN_1804bde40,1804bde40,1804be307
\Sql\Picasso\engine\src\imbi\process\xmhierprocess.cpp,0x22c,,FUN_1804c3090,1804c3090,1804c3094
\Sql\Picasso\engine\src\imbi\process\xmhierprocess.cpp,0x284,,FUN_1804c30f0,1804c30f0,1804c30f4
\Sql\Picasso\engine\src\imbi\process\xmhierprocess.cpp,0x22c,,FUN_1804c3150,1804c3150,1804c3154
\Sql\Picasso\engine\src\imbi\process\xmhierprocess.cpp,0x284,,FUN_1804c31b0,1804c31b0,1804c31b4
\Sql\Picasso\engine\src\imbi\process\xmhierprocess.cpp,0x184,,FUN_1804c3210,1804c3210,1804c3214
\Sql\Picasso\engine\src\imbi\process\xmhierprocess.cpp,0x1b6,,FUN_1804c3270,1804c3270,1804c3274
\Sql\Picasso\engine\src\imbi\process\xmhierprocess.cpp,0x184,,FUN_1804c32d0,1804c32d0,1804c32d4
\Sql\Picasso\engine\src\imbi\process\xmhierprocess.cpp,0x1b6,,FUN_1804c3330,1804c3330,1804c3334
\Sql\Picasso\engine\src\imbi\process\xmhierprocess.cpp,0xf0,,FUN_1804c3390,1804c3390,1804c3394
\Sql\Picasso\engine\src\imbi\process\xmhierprocess.cpp,0x12d,,FUN_1804c33f0,1804c33f0,1804c33f4
\Sql\Picasso\engine\src\imbi\process\xmhierprocess.cpp,0xf0,,FUN_1804c3450,1804c3450,1804c3454
\Sql\Picasso\engine\src\imbi\process\xmhierprocess.cpp,0x12d,,FUN_1804c34b0,1804c34b0,1804c34b4
\Sql\Picasso\engine\src\imbi\process\xmhierprocess.cpp,0x6d,,FUN_1804c3510,1804c3510,1804c3514
\Sql\Picasso\engine\src\imbi\process\xmhierprocess.cpp,0x9d,,FUN_1804c3570,1804c3570,1804c3574
\Sql\Picasso\engine\src\imbi\process\xmhierprocess.cpp,0x6d,,FUN_1804c35d0,1804c35d0,1804c35d4
\Sql\Picasso\engine\src\imbi\process\xmhierprocess.cpp,0x9d,,FUN_1804c3630,1804c3630,1804c3634
\Sql\Picasso\engine\src\imbi\process\xmimbicolenc.cxx,0x1d7,XMColumnEncodingTest::PrepareStorage,FUN_1803b3340,1803b3340,1803b3430
\Sql\Picasso\engine\src\imbi\process\xmimbicolenc.cxx,0x3a0,XMColumnEncodingTest::RunValidateCompression,FUN_1803b47b0,1803b47b0,1803b66c7
\Sql\Picasso\engine\src\imbi\process\xmimbicolenc.cxx,0x3a1,XMColumnEncodingTest::RunValidateCompression,FUN_1803b47b0,1803b47b0,1803b66c7
\Sql\Picasso\engine\src\imbi\process\xmimbicolenc.cxx,0x3a2,XMColumnEncodingTest::RunValidateCompression,FUN_1803b47b0,1803b47b0,1803b66c7
\Sql\Picasso\engine\src\imbi\process\xmimbicolenc.cxx,0x3a3,XMColumnEncodingTest::RunValidateCompression,FUN_1803b47b0,1803b47b0,1803b66c7
\Sql\Picasso\engine\src\imbi\process\xmimbicolenc.cxx,0x3a7,XMColumnEncodingTest::RunValidateCompression,FUN_1803b47b0,1803b47b0,1803b66c7
\Sql\Picasso\engine\src\imbi\process\xmimbicolenc.cxx,0x3a8,XMColumnEncodingTest::RunValidateCompression,FUN_1803b47b0,1803b47b0,1803b66c7
\Sql\Picasso\engine\src\imbi\process\xmimbicolenc.cxx,0x3a9,XMColumnEncodingTest::RunValidateCompression,FUN_1803b47b0,1803b47b0,1803b66c7
\Sql\Picasso\engine\src\imbi\process\xmimbicolenc.cxx,0x3a6,XMColumnEncodingTest::RunValidateCompression,FUN_1803b47b0,1803b47b0,1803b66c7
\Sql\Picasso\engine\src\imbi\process\xmimbicolenc.cxx,0x3a5,XMColumnEncodingTest::RunValidateCompression,FUN_1803b47b0,1803b47b0,1803b66c7
\Sql\Picasso\engine\src\imbi\process\xmimbicolenc.cxx,0x336,XMColumnEncodingTest::RunValidateCompression,FUN_1803b47b0,1803b47b0,1803b66c7
\Sql\Picasso\engine\src\imbi\process\xmimbicolenc.cxx,0x336,XMColumnEncodingTest::RunValidateCompression,FUN_1803b47b0,1803b47b0,1803b66c7
\Sql\Picasso\engine\src\imbi\process\xmimbicolenc.cxx,0x337,XMColumnEncodingTest::RunValidateCompression,FUN_1803b47b0,1803b47b0,1803b66c7
\Sql\Picasso\engine\src\imbi\process\xmimbicolenc.cxx,0x338,XMColumnEncodingTest::RunValidateCompression,FUN_1803b47b0,1803b47b0,1803b66c7
\Sql\Picasso\engine\src\imbi\process\xmimbicolenc.cxx,0x339,XMColumnEncodingTest::RunValidateCompression,FUN_1803b47b0,1803b47b0,1803b66c7
\Sql\Picasso\engine\src\imbi\process\xmimbicolenc.cxx,0x347,XMColumnEncodingTest::RunValidateCompression,FUN_1803b47b0,1803b47b0,1803b66c7
\Sql\Picasso\engine\src\imbi\process\xmimbicolenc.cxx,0x347,XMColumnEncodingTest::RunValidateCompression,FUN_1803b47b0,1803b47b0,1803b66c7
\Sql\Picasso\engine\src\imbi\process\xmimbicolenc.cxx,0x371,XMColumnEncodingTest::RunValidateCompression,FUN_1803b47b0,1803b47b0,1803b66c7
\Sql\Picasso\engine\src\imbi\process\xmimbicolenc.cxx,0x344,XMColumnEncodingTest::RunValidateCompression,FUN_1803b47b0,1803b47b0,1803b66c7
\Sql\Picasso\engine\src\imbi\process\xmimbihierarchy.cxx,0x52e,XMHierarchyTest::CreateEmptySchema,FUN_1803c3360,1803c3360,1803c348d
\Sql\Picasso\engine\src\imbi\process\xmimbihierarchy.cxx,0x52f,XMHierarchyTest::CreateEmptySchema,FUN_1803c3360,1803c3360,1803c348d
\Sql\Picasso\engine\src\imbi\process\xmimbihierarchy.cxx,0x5a4,XMHierarchyTest::PopulateTableByEncodingSynteticData,FUN_1803cc220,1803cc220,1803cca65
\Sql\Picasso\engine\src\imbi\process\xmimbihierarchy.cxx,0x5a4,XMHierarchyTest::PopulateTableByEncodingSynteticData,FUN_1803ccfd0,1803ccfd0,1803cd815
\Sql\Picasso\engine\src\imbi\process\xmimbihierarchy.cxx,0x5a4,XMHierarchyTest::PopulateTableByEncodingSynteticData,FUN_1803cd870,1803cd870,1803ce0b5
\Sql\Picasso\engine\src\imbi\process\xmimbihierarchy.cxx,0x605,XMHierarchyTest::PrintColumnInfo,FUN_1803c3540,1803c3540,1803c3704
\Sql\Picasso\engine\src\imbi\process\xmimbihierarchy.cxx,0x613,XMHierarchyTest::PrintColumnInfo,FUN_1803c3540,1803c3540,1803c3704
\Sql\Picasso\engine\src\imbi\process\xmimbihierarchy.cxx,0x1dd,XMHierarchyTest::TestLowLevelOperations,FUN_1803c4d50,1803c4d50,1803c5125
\Sql\Picasso\engine\src\imbi\process\xmimbihierarchy.cxx,0x1ea,XMHierarchyTest::TestLowLevelOperations,FUN_1803c4d50,1803c4d50,1803c5125
\Sql\Picasso\engine\src\imbi\process\xmimbihierarchy.cxx,0x1eb,XMHierarchyTest::TestLowLevelOperations,FUN_1803c4d50,1803c4d50,1803c5125
\Sql\Picasso\engine\src\imbi\process\xmimbihierarchy.cxx,0x1dd,XMHierarchyTest::TestLowLevelOperations,FUN_1803c5370,1803c5370,1803c5745
\Sql\Picasso\engine\src\imbi\process\xmimbihierarchy.cxx,0x1ea,XMHierarchyTest::TestLowLevelOperations,FUN_1803c5370,1803c5370,1803c5745
\Sql\Picasso\engine\src\imbi\process\xmimbihierarchy.cxx,0x1eb,XMHierarchyTest::TestLowLevelOperations,FUN_1803c5370,1803c5370,1803c5745
\Sql\Picasso\engine\src\imbi\process\xmimbihierarchy.cxx,0x1dd,XMHierarchyTest::TestLowLevelOperations,FUN_1803c5990,1803c5990,1803c5d65
\Sql\Picasso\engine\src\imbi\process\xmimbihierarchy.cxx,0x1ea,XMHierarchyTest::TestLowLevelOperations,FUN_1803c5990,1803c5990,1803c5d65
\Sql\Picasso\engine\src\imbi\process\xmimbihierarchy.cxx,0x1eb,XMHierarchyTest::TestLowLevelOperations,FUN_1803c5990,1803c5990,1803c5d65
\Sql\Picasso\engine\src\imbi\process\xmimbihierarchy.cxx,0x325,XMHierarchyTest::ValidateUsingLowLevelAPI,FUN_1803cac70,1803cac70,1803caed3
\Sql\Picasso\engine\src\imbi\process\xmimbihierarchy.cxx,0x326,XMHierarchyTest::ValidateUsingLowLevelAPI,FUN_1803cac70,1803cac70,1803caed3
\Sql\Picasso\engine\src\imbi\process\xmimbihierarchy.cxx,0x327,XMHierarchyTest::ValidateUsingLowLevelAPI,FUN_1803cac70,1803cac70,1803caed3
\Sql\Picasso\engine\src\imbi\process\xmimbihierarchy.cxx,0x337,XMHierarchyTest::ValidateUsingLowLevelAPI,FUN_1803cac70,1803cac70,1803caed3
\Sql\Picasso\engine\src\imbi\process\xmimbihierarchy.cxx,0x346,XMHierarchyTest::ValidateUsingLowLevelAPI,FUN_1803cac70,1803cac70,1803caed3
\Sql\Picasso\engine\src\imbi\process\xmimbihierarchy.cxx,0x349,XMHierarchyTest::ValidateUsingLowLevelAPI,FUN_1803cac70,1803cac70,1803caed3
\Sql\Picasso\engine\src\imbi\process\xmimbihierarchy.cxx,0x37d,XMHierarchyTest::ValidateUsingPfSharedAPI,FUN_1803c9a90,1803c9a90,1803ca37c
\Sql\Picasso\engine\src\imbi\process\xmimbihierarchy.cxx,0x389,XMHierarchyTest::ValidateUsingPfSharedAPI,FUN_1803c9a90,1803c9a90,1803ca37c
\Sql\Picasso\engine\src\imbi\process\xmimbihierarchy.cxx,0x3bd,XMHierarchyTest::ValidateUsingPfSharedAPI,FUN_1803c9a90,1803c9a90,1803ca37c
\Sql\Picasso\engine\src\imbi\process\xmimbihierarchy.cxx,0x479,XMHierarchyTest::ValidateUsingPfSharedAPI,FUN_1803c9a90,1803c9a90,1803ca37c
\Sql\Picasso\engine\src\imbi\process\xmimbihierarchy.cxx,0x47d,XMHierarchyTest::ValidateUsingPfSharedAPI,FUN_1803c9a90,1803c9a90,1803ca37c
\Sql\Picasso\engine\src\imbi\process\xmimbihierarchy.cxx,0x385,XMHierarchyTest::ValidateUsingPfSharedAPI,FUN_1803c9a90,1803c9a90,1803ca37c
\Sql\Picasso\engine\src\imbi\process\xmimbihierarchy.cxx,0x3b9,XMHierarchyTest::ValidateUsingPfSharedAPI,FUN_1803c9a90,1803c9a90,1803ca37c
\Sql\Picasso\engine\src\imbi\process\xmimbihierarchy.cxx,0x375,XMHierarchyTest::ValidateUsingPfSharedAPI,FUN_1803c9a90,1803c9a90,1803ca37c
\Sql\Picasso\engine\src\imbi\process\xmimbihierarchy.cxx,0x37d,XMHierarchyTest::ValidateUsingPfSharedAPI,FUN_1803cb920,1803cb920,1803cc1c0
\Sql\Picasso\engine\src\imbi\process\xmimbihierarchy.cxx,0x389,XMHierarchyTest::ValidateUsingPfSharedAPI,FUN_1803cb920,1803cb920,1803cc1c0
\Sql\Picasso\engine\src\imbi\process\xmimbihierarchy.cxx,0x3bd,XMHierarchyTest::ValidateUsingPfSharedAPI,FUN_1803cb920,1803cb920,1803cc1c0
\Sql\Picasso\engine\src\imbi\process\xmimbihierarchy.cxx,0x479,XMHierarchyTest::ValidateUsingPfSharedAPI,FUN_1803cb920,1803cb920,1803cc1c0
\Sql\Picasso\engine\src\imbi\process\xmimbihierarchy.cxx,0x47d,XMHierarchyTest::ValidateUsingPfSharedAPI,FUN_1803cb920,1803cb920,1803cc1c0
\Sql\Picasso\engine\src\imbi\process\xmimbihierarchy.cxx,0x385,XMHierarchyTest::ValidateUsingPfSharedAPI,FUN_1803cb920,1803cb920,1803cc1c0
\Sql\Picasso\engine\src\imbi\process\xmimbihierarchy.cxx,0x3b9,XMHierarchyTest::ValidateUsingPfSharedAPI,FUN_1803cb920,1803cb920,1803cc1c0
\Sql\Picasso\engine\src\imbi\process\xmimbihierarchy.cxx,0x375,XMHierarchyTest::ValidateUsingPfSharedAPI,FUN_1803cb920,1803cb920,1803cc1c0
\Sql\Picasso\engine\src\imbi\process\xmimbihierarchy.cxx,0x769,XMHierarchyTest::XMTestSynteticDataReader<__int64>::Generate_XM_TYPE_INT_Value,FUN_1803c37b0,1803c37b0,1803c3978
\Sql\Picasso\engine\src\imbi\process\xmimbihierarchy.cxx,0x721,XMHierarchyTest::XMTestSynteticDataReader<__int64>::IsNull,FUN_1803c37b0,1803c37b0,1803c3978
\Sql\Picasso\engine\src\imbi\process\xmimbihierarchy.cxx,0x769,XMHierarchyTest::XMTestSynteticDataReader<double>::Generate_XM_TYPE_INT_Value,FUN_1803c3a50,1803c3a50,1803c3c29
\Sql\Picasso\engine\src\imbi\process\xmimbihierarchy.cxx,0x721,XMHierarchyTest::XMTestSynteticDataReader<double>::IsNull,FUN_1803c3a50,1803c3a50,1803c3c29
\Sql\Picasso\engine\src\imbi\process\xmimbihierarchy.cxx,0x769,XMHierarchyTest::XMTestSynteticDataReader<wchar_t const *>::Generate_XM_TYPE_INT_Value,FUN_1803c3d00,1803c3d00,1803c3edd
\Sql\Picasso\engine\src\imbi\process\xmimbihierarchy.cxx,0x721,XMHierarchyTest::XMTestSynteticDataReader<wchar_t const *>::IsNull,FUN_1803c3d00,1803c3d00,1803c3edd
\Sql\Picasso\engine\src\imbi\process\xmimbihierarchy.cxx,0x721,,FUN_1803c37b0,1803c37b0,1803c3978
\Sql\Picasso\engine\src\imbi\process\xmimbihierarchy.cxx,0x769,,FUN_1803c37b0,1803c37b0,1803c3978
\Sql\Picasso\engine\src\imbi\process\xmimbihierarchy.cxx,0x721,,FUN_1803c3a50,1803c3a50,1803c3c29
\Sql\Picasso\engine\src\imbi\process\xmimbihierarchy.cxx,0x769,,FUN_1803c3a50,1803c3a50,1803c3c29
\Sql\Picasso\engine\src\imbi\process\xmimbihierarchy.cxx,0x721,,FUN_1803c3d00,1803c3d00,1803c3edd
\Sql\Picasso\engine\src\imbi\process\xmimbihierarchy.cxx,0x769,,FUN_1803c3d00,1803c3d00,1803c3edd
\Sql\Picasso\engine\src\imbi\process\xmrelprocess.cpp,0x26f,XMIRelationshipProcessor::CreateProcessor,FUN_180437cc0,180437cc0,1804387f9
\Sql\Picasso\engine\src\imbi\process\xmrelprocess.cpp,0x271,XMIRelationshipProcessor::CreateProcessor,FUN_180437cc0,180437cc0,1804387f9
\Sql\Picasso\engine\src\imbi\process\xmrelprocess.cpp,0x271,XMIRelationshipProcessor::CreateProcessor,FUN_180437cc0,180437cc0,1804387f9
\Sql\Picasso\engine\src\imbi\process\xmrelprocess.cpp,0x272,XMIRelationshipProcessor::CreateProcessor,FUN_180437cc0,180437cc0,1804387f9
\Sql\Picasso\engine\src\imbi\process\xmrelprocess.cpp,0x272,XMIRelationshipProcessor::CreateProcessor,FUN_180437cc0,180437cc0,1804387f9
\Sql\Picasso\engine\src\imbi\process\xmrelprocess.cpp,0x273,XMIRelationshipProcessor::CreateProcessor,FUN_180437cc0,180437cc0,1804387f9
\Sql\Picasso\engine\src\imbi\process\xmrelprocess.cpp,0x275,XMIRelationshipProcessor::CreateProcessor,FUN_180437cc0,180437cc0,1804387f9
\Sql\Picasso\engine\src\imbi\process\xmrelprocess.cpp,0x277,XMIRelationshipProcessor::CreateProcessor,FUN_180437cc0,180437cc0,1804387f9
\Sql\Picasso\engine\src\imbi\process\xmrelprocess.cpp,0x282,XMIRelationshipProcessor::CreateProcessor,FUN_180437cc0,180437cc0,1804387f9
\Sql\Picasso\engine\src\imbi\process\xmrelprocess.cpp,0x286,XMIRelationshipProcessor::CreateProcessor,FUN_180437cc0,180437cc0,1804387f9
\Sql\Picasso\engine\src\imbi\process\xmrelprocess.cpp,0x28b,XMIRelationshipProcessor::CreateProcessor,FUN_180437cc0,180437cc0,1804387f9
\Sql\Picasso\engine\src\imbi\process\xmrelprocess.cpp,0x28b,XMIRelationshipProcessor::CreateProcessor,FUN_180437cc0,180437cc0,1804387f9
\Sql\Picasso\engine\src\imbi\process\xmrelprocess.cpp,0x28c,XMIRelationshipProcessor::CreateProcessor,FUN_180437cc0,180437cc0,1804387f9
\Sql\Picasso\engine\src\imbi\process\xmrelprocess.cpp,0x292,XMIRelationshipProcessor::CreateProcessor,FUN_180437cc0,180437cc0,1804387f9
\Sql\Picasso\engine\src\imbi\process\xmrelprocess.cpp,0x299,XMIRelationshipProcessor::CreateProcessor,FUN_180437cc0,180437cc0,1804387f9
\Sql\Picasso\engine\src\imbi\process\xmrelprocess.cpp,0x29c,XMIRelationshipProcessor::CreateProcessor,FUN_180437cc0,180437cc0,1804387f9
\Sql\Picasso\engine\src\imbi\process\xmrelprocess.cpp,0x2c8,XMIRelationshipProcessor::CreateProcessor,FUN_180437cc0,180437cc0,1804387f9
\Sql\Picasso\engine\src\imbi\process\xmrelprocess.cpp,0x278,XMIRelationshipProcessor::CreateProcessor,FUN_180437cc0,180437cc0,1804387f9
\Sql\Picasso\engine\src\imbi\process\xmrelprocess.cpp,0x61e,XMRelationshipDateM1Processor<class XMRelationshipEndpointReaderRawColumn,FUN_180444960,180444960,180444c98
\Sql\Picasso\engine\src\imbi\process\xmrelprocess.cpp,0x61e,XMRelationshipDateM1Processor<class XMRelationshipEndpointReaderRawColumn,FUN_1804460e0,1.80E+06,180446418
\Sql\Picasso\engine\src\imbi\process\xmrelprocess.cpp,0x61e,XMRelationshipDateM1Processor<class XMRelationshipEndpointReaderSparseDatacache<5>,FUN_180448820,180448820,180448ba1
\Sql\Picasso\engine\src\imbi\process\xmrelprocess.cpp,0x61e,XMRelationshipDateM1Processor<class XMRelationshipEndpointReaderSparseDatacache<5>,FUN_180449e20,1.80E+25,18044a1a1
\Sql\Picasso\engine\src\imbi\process\xmrelprocess.cpp,0x61e,XMRelationshipDateM1Processor<class XMRelationshipEndpointReaderSparseDatacache<6>,FUN_18044c820,18044c820,18044cba1
\Sql\Picasso\engine\src\imbi\process\xmrelprocess.cpp,0x61e,XMRelationshipDateM1Processor<class XMRelationshipEndpointReaderSparseDatacache<6>,FUN_18044de20,18044de20,18044e1a1
\Sql\Picasso\engine\src\imbi\process\xmrelprocess.cpp,0x61e,XMRelationshipDateM1Processor<class XMRelationshipEndpointReaderSparseDatacache<7>,FUN_180450820,180450820,180450b7a
\Sql\Picasso\engine\src\imbi\process\xmrelprocess.cpp,0x61e,XMRelationshipDateM1Processor<class XMRelationshipEndpointReaderSparseDatacache<7>,FUN_180451dc0,180451dc0,18045211a
\Sql\Picasso\engine\src\imbi\process\xmrelprocess.cpp,0x86c,XMRelationshipM1IndexWriter<class XMRelationshipIndexSparseDIDs>::InitInternal,FUN_180439000,180439000,18043932e
\Sql\Picasso\engine\src\imbi\process\xmrelprocess.cpp,0x79a,XMRelationshipM1Processor<class XMRelationshipEndpointReaderRawColumn,FUN_180445640,180445640,1804458f7
\Sql\Picasso\engine\src\imbi\process\xmrelprocess.cpp,0x5bb,XMRelationshipM1Processor<class XMRelationshipEndpointReaderRawColumn,FUN_180445950,180445950,18044598f
\Sql\Picasso\engine\src\imbi\process\xmrelprocess.cpp,0x5e1,XMRelationshipM1Processor<class XMRelationshipEndpointReaderRawColumn,FUN_1804459f0,1804459f0,180445d4f
\Sql\Picasso\engine\src\imbi\process\xmrelprocess.cpp,0x5e8,XMRelationshipM1Processor<class XMRelationshipEndpointReaderRawColumn,FUN_1804459f0,1804459f0,180445d4f
\Sql\Picasso\engine\src\imbi\process\xmrelprocess.cpp,0x79a,XMRelationshipM1Processor<class XMRelationshipEndpointReaderRawColumn,FUN_1804466c0,1804466c0,180446977
\Sql\Picasso\engine\src\imbi\process\xmrelprocess.cpp,0x5bb,XMRelationshipM1Processor<class XMRelationshipEndpointReaderRawColumn,FUN_1804469d0,1804469d0,180446a0f
\Sql\Picasso\engine\src\imbi\process\xmrelprocess.cpp,0x5e1,XMRelationshipM1Processor<class XMRelationshipEndpointReaderRawColumn,FUN_180446a70,180446a70,180446ded
\Sql\Picasso\engine\src\imbi\process\xmrelprocess.cpp,0x5e8,XMRelationshipM1Processor<class XMRelationshipEndpointReaderRawColumn,FUN_180446a70,180446a70,180446ded
\Sql\Picasso\engine\src\imbi\process\xmrelprocess.cpp,0x79a,XMRelationshipM1Processor<class XMRelationshipEndpointReaderSparseDatacache<5>,FUN_1804493d0,1804493d0,180449687
\Sql\Picasso\engine\src\imbi\process\xmrelprocess.cpp,0x5bb,XMRelationshipM1Processor<class XMRelationshipEndpointReaderSparseDatacache<5>,FUN_1804496e0,1.80E+06,18044971f
\Sql\Picasso\engine\src\imbi\process\xmrelprocess.cpp,0x5e1,XMRelationshipM1Processor<class XMRelationshipEndpointReaderSparseDatacache<5>,FUN_180449780,180449780,180449b78
\Sql\Picasso\engine\src\imbi\process\xmrelprocess.cpp,0x5e8,XMRelationshipM1Processor<class XMRelationshipEndpointReaderSparseDatacache<5>,FUN_180449780,180449780,180449b78
\Sql\Picasso\engine\src\imbi\process\xmrelprocess.cpp,0x79a,XMRelationshipM1Processor<class XMRelationshipEndpointReaderSparseDatacache<5>,FUN_18044a3d0,18044a3d0,18044a687
\Sql\Picasso\engine\src\imbi\process\xmrelprocess.cpp,0x5bb,XMRelationshipM1Processor<class XMRelationshipEndpointReaderSparseDatacache<5>,FUN_18044a6e0,18044a6e0,18044a71f
\Sql\Picasso\engine\src\imbi\process\xmrelprocess.cpp,0x5e1,XMRelationshipM1Processor<class XMRelationshipEndpointReaderSparseDatacache<5>,FUN_18044a780,18044a780,18044ab93
\Sql\Picasso\engine\src\imbi\process\xmrelprocess.cpp,0x5e8,XMRelationshipM1Processor<class XMRelationshipEndpointReaderSparseDatacache<5>,FUN_18044a780,18044a780,18044ab93
\Sql\Picasso\engine\src\imbi\process\xmrelprocess.cpp,0x79a,XMRelationshipM1Processor<class XMRelationshipEndpointReaderSparseDatacache<6>,FUN_18044d3d0,18044d3d0,18044d687
\Sql\Picasso\engine\src\imbi\process\xmrelprocess.cpp,0x5bb,XMRelationshipM1Processor<class XMRelationshipEndpointReaderSparseDatacache<6>,FUN_18044d6e0,18044d6e0,18044d71f
\Sql\Picasso\engine\src\imbi\process\xmrelprocess.cpp,0x5e1,XMRelationshipM1Processor<class XMRelationshipEndpointReaderSparseDatacache<6>,FUN_18044d780,18044d780,18044db79
\Sql\Picasso\engine\src\imbi\process\xmrelprocess.cpp,0x5e8,XMRelationshipM1Processor<class XMRelationshipEndpointReaderSparseDatacache<6>,FUN_18044d780,18044d780,18044db79
\Sql\Picasso\engine\src\imbi\process\xmrelprocess.cpp,0x79a,XMRelationshipM1Processor<class XMRelationshipEndpointReaderSparseDatacache<6>,FUN_18044e3d0,18044e3d0,18044e687
\Sql\Picasso\engine\src\imbi\process\xmrelprocess.cpp,0x5bb,XMRelationshipM1Processor<class XMRelationshipEndpointReaderSparseDatacache<6>,FUN_18044e6e0,18044e6e0,18044e71f
\Sql\Picasso\engine\src\imbi\process\xmrelprocess.cpp,0x5e1,XMRelationshipM1Processor<class XMRelationshipEndpointReaderSparseDatacache<6>,FUN_18044e780,18044e780,18044eb94
\Sql\Picasso\engine\src\imbi\process\xmrelprocess.cpp,0x5e8,XMRelationshipM1Processor<class XMRelationshipEndpointReaderSparseDatacache<6>,FUN_18044e780,18044e780,18044eb94
\Sql\Picasso\engine\src\imbi\process\xmrelprocess.cpp,0x79a,XMRelationshipM1Processor<class XMRelationshipEndpointReaderSparseDatacache<7>,FUN_1804513a0,1804513a0,180451657
\Sql\Picasso\engine\src\imbi\process\xmrelprocess.cpp,0x5bb,XMRelationshipM1Processor<class XMRelationshipEndpointReaderSparseDatacache<7>,FUN_1804516b0,1804516b0,1804516ef
\Sql\Picasso\engine\src\imbi\process\xmrelprocess.cpp,0x5e1,XMRelationshipM1Processor<class XMRelationshipEndpointReaderSparseDatacache<7>,FUN_180451750,180451750,180451b1e
\Sql\Picasso\engine\src\imbi\process\xmrelprocess.cpp,0x5e8,XMRelationshipM1Processor<class XMRelationshipEndpointReaderSparseDatacache<7>,FUN_180451750,180451750,180451b1e
\Sql\Picasso\engine\src\imbi\process\xmrelprocess.cpp,0x79a,XMRelationshipM1Processor<class XMRelationshipEndpointReaderSparseDatacache<7>,FUN_180452340,180452340,1804525f7
\Sql\Picasso\engine\src\imbi\process\xmrelprocess.cpp,0x5bb,XMRelationshipM1Processor<class XMRelationshipEndpointReaderSparseDatacache<7>,FUN_180452650,180452650,18045268f
\Sql\Picasso\engine\src\imbi\process\xmrelprocess.cpp,0x5e1,XMRelationshipM1Processor<class XMRelationshipEndpointReaderSparseDatacache<7>,FUN_1804526f0,1804526f0,180452ad9
\Sql\Picasso\engine\src\imbi\process\xmrelprocess.cpp,0x5e8,XMRelationshipM1Processor<class XMRelationshipEndpointReaderSparseDatacache<7>,FUN_1804526f0,1804526f0,180452ad9
\Sql\Picasso\engine\src\imbi\process\xmrelprocess.cpp,0x82,XMRelationshipProcessJob::Init,FUN_1804365b0,1804365b0,18043694f
\Sql\Picasso\engine\src\imbi\process\xmrelprocess.cpp,0x83,XMRelationshipProcessJob::Init,FUN_1804365b0,1804365b0,18043694f
\Sql\Picasso\engine\src\imbi\process\xmrelprocess.cpp,0x84,XMRelationshipProcessJob::Init,FUN_1804365b0,1804365b0,18043694f
\Sql\Picasso\engine\src\imbi\process\xmrelprocess.cpp,0x85,XMRelationshipProcessJob::Init,FUN_1804365b0,1804365b0,18043694f
\Sql\Picasso\engine\src\imbi\process\xmrelprocess.cpp,0x86,XMRelationshipProcessJob::Init,FUN_1804365b0,1804365b0,18043694f
\Sql\Picasso\engine\src\imbi\process\xmrelprocess.cpp,0xc1,XMRelationshipProcessJob::KQueryRuntime_Init,FUN_1804369b0,1804369b0,180436c9e
\Sql\Picasso\engine\src\imbi\process\xmrelprocess.cpp,0xc6,XMRelationshipProcessJob::KQueryRuntime_Init,FUN_1804369b0,1804369b0,180436c9e
\Sql\Picasso\engine\src\imbi\process\xmrelprocess.cpp,0xd5,XMRelationshipProcessJob::KQueryRuntime_Init,FUN_1804369b0,1804369b0,180436c9e
\Sql\Picasso\engine\src\imbi\process\xmrelprocess.cpp,0xca,XMRelationshipProcessJob::KQueryRuntime_Init,FUN_1804369b0,1804369b0,180436c9e
\Sql\Picasso\engine\src\imbi\process\xmrelprocess.cpp,0xcf,XMRelationshipProcessJob::KQueryRuntime_Init,FUN_1804369b0,1804369b0,180436c9e
\Sql\Picasso\engine\src\imbi\process\xmrelprocess.cpp,0x10f,XMRelationshipProcessJob::Run,FUN_180436e50,1.80E+55,1804375b1
\Sql\Picasso\engine\src\imbi\process\xmrelprocess.cpp,0x113,XMRelationshipProcessJob::Run,FUN_180436e50,1.80E+55,1804375b1
\Sql\Picasso\engine\src\imbi\process\xmrelprocess.cpp,0x114,XMRelationshipProcessJob::Run,FUN_180436e50,1.80E+55,1804375b1
\Sql\Picasso\engine\src\imbi\process\xmrelprocess.cpp,0x116,XMRelationshipProcessJob::Run,FUN_180436e50,1.80E+55,1804375b1
\Sql\Picasso\engine\src\imbi\process\xmrelprocess.cpp,0x125,XMRelationshipProcessJob::Run,FUN_180436e50,1.80E+55,1804375b1
\Sql\Picasso\engine\src\imbi\process\xmrelprocess.cpp,0x15e,XMRelationshipProcessJob::Run,FUN_180436e50,1.80E+55,1804375b1
\Sql\Picasso\engine\src\imbi\process\xmrelprocess.cpp,0x1a1,XMRelationshipProcessJob::SerializeInBatch,FUN_180437650,180437650,180437b3b
\Sql\Picasso\engine\src\imbi\process\xmrelprocess.cpp,0x3e1,XMRelationshipProcessorEquiJoin<class XMRelationshipEndpointReaderRawColumn>::Init,FUN_180444f40,180444f40,1804453a4
\Sql\Picasso\engine\src\imbi\process\xmrelprocess.cpp,0x3e0,XMRelationshipProcessorEquiJoin<class XMRelationshipEndpointReaderRawColumn>::Init,FUN_180444f40,180444f40,1804453a4
\Sql\Picasso\engine\src\imbi\process\xmrelprocess.cpp,0x3e1,XMRelationshipProcessorEquiJoin<class XMRelationshipEndpointReaderSparseDatacache<5> >::Init,FUN_180448da0,180448da0,1804491ae
\Sql\Picasso\engine\src\imbi\process\xmrelprocess.cpp,0x3e0,XMRelationshipProcessorEquiJoin<class XMRelationshipEndpointReaderSparseDatacache<5> >::Init,FUN_180448da0,180448da0,1804491ae
\Sql\Picasso\engine\src\imbi\process\xmrelprocess.cpp,0x3e1,XMRelationshipProcessorEquiJoin<class XMRelationshipEndpointReaderSparseDatacache<6> >::Init,FUN_18044cda0,18044cda0,18044d1ae
\Sql\Picasso\engine\src\imbi\process\xmrelprocess.cpp,0x3e0,XMRelationshipProcessorEquiJoin<class XMRelationshipEndpointReaderSparseDatacache<6> >::Init,FUN_18044cda0,18044cda0,18044d1ae
\Sql\Picasso\engine\src\imbi\process\xmrelprocess.cpp,0x3e1,XMRelationshipProcessorEquiJoin<class XMRelationshipEndpointReaderSparseDatacache<7> >::Init,FUN_180450d70,180450d70,18045117e
\Sql\Picasso\engine\src\imbi\process\xmrelprocess.cpp,0x3e0,XMRelationshipProcessorEquiJoin<class XMRelationshipEndpointReaderSparseDatacache<7> >::Init,FUN_180450d70,180450d70,18045117e
\Sql\Picasso\engine\src\imbi\process\xmrelprocess.cpp,0x8df,XMRelationshipProcessorThetaContains::Init,FUN_180439840,180439840,18043a0b9
\Sql\Picasso\engine\src\imbi\process\xmrelprocess.cpp,0x8e4,XMRelationshipProcessorThetaContains::Init,FUN_180439840,180439840,18043a0b9
\Sql\Picasso\engine\src\imbi\process\xmrelprocess.cpp,0x8e5,XMRelationshipProcessorThetaContains::Init,FUN_180439840,180439840,18043a0b9
\Sql\Picasso\engine\src\imbi\process\xmrelprocess.cpp,0x8e7,XMRelationshipProcessorThetaContains::Init,FUN_180439840,180439840,18043a0b9
\Sql\Picasso\engine\src\imbi\process\xmrelprocess.cpp,0x8e8,XMRelationshipProcessorThetaContains::Init,FUN_180439840,180439840,18043a0b9
\Sql\Picasso\engine\src\imbi\process\xmrelprocess.cpp,0x8ea,XMRelationshipProcessorThetaContains::Init,FUN_180439840,180439840,18043a0b9
\Sql\Picasso\engine\src\imbi\process\xmrelprocess.cpp,0x8eb,XMRelationshipProcessorThetaContains::Init,FUN_180439840,180439840,18043a0b9
\Sql\Picasso\engine\src\imbi\process\xmrelprocess.cpp,0x8ed,XMRelationshipProcessorThetaContains::Init,FUN_180439840,180439840,18043a0b9
\Sql\Picasso\engine\src\imbi\process\xmrelprocess.cpp,0x8ee,XMRelationshipProcessorThetaContains::Init,FUN_180439840,180439840,18043a0b9
\Sql\Picasso\engine\src\imbi\process\xmrelprocess.cpp,0xa38,XMRelationshipProcessorThetaContains::MaterializePrimaryIndex,FUN_18043acc0,18043acc0,18043b56f
\Sql\Picasso\engine\src\imbi\process\xmrelprocess.cpp,0xaef,XMRelationshipProcessorThetaContains::PopulateTrie,FUN_18043b6a0,18043b6a0,18043bfc6
\Sql\Picasso\engine\src\imbi\process\xmrelprocess.cpp,0x82,,FUN_1804365b0,1804365b0,18043694f
\Sql\Picasso\engine\src\imbi\process\xmrelprocess.hpp,0x20c,XMRelationshipDateM1Processor<class XMRelationshipEndpointReaderRawColumn,FUN_180443b40,180443b40,180443b44
\Sql\Picasso\engine\src\imbi\process\xmrelprocess.hpp,0x20b,XMRelationshipDateM1Processor<class XMRelationshipEndpointReaderRawColumn,FUN_180443ba0,180443ba0,180443ba4
\Sql\Picasso\engine\src\imbi\process\xmrelprocess.hpp,0x20c,XMRelationshipDateM1Processor<class XMRelationshipEndpointReaderRawColumn,FUN_180443c00,180443c00,180443c04
\Sql\Picasso\engine\src\imbi\process\xmrelprocess.hpp,0x20b,XMRelationshipDateM1Processor<class XMRelationshipEndpointReaderRawColumn,FUN_180443c60,180443c60,180443c64
\Sql\Picasso\engine\src\imbi\process\xmrelprocess.hpp,0x20c,XMRelationshipDateM1Processor<class XMRelationshipEndpointReaderSparseDatacache<5>,FUN_1804439c0,1804439c0,1804439c4
\Sql\Picasso\engine\src\imbi\process\xmrelprocess.hpp,0x20b,XMRelationshipDateM1Processor<class XMRelationshipEndpointReaderSparseDatacache<5>,FUN_180443a20,180443a20,180443a24
\Sql\Picasso\engine\src\imbi\process\xmrelprocess.hpp,0x20c,XMRelationshipDateM1Processor<class XMRelationshipEndpointReaderSparseDatacache<5>,FUN_180443a80,180443a80,180443a84
\Sql\Picasso\engine\src\imbi\process\xmrelprocess.hpp,0x20b,XMRelationshipDateM1Processor<class XMRelationshipEndpointReaderSparseDatacache<5>,FUN_180443ae0,180443ae0,180443ae4
\Sql\Picasso\engine\src\imbi\process\xmrelprocess.hpp,0x20c,XMRelationshipDateM1Processor<class XMRelationshipEndpointReaderSparseDatacache<6>,FUN_180443840,180443840,180443844
\Sql\Picasso\engine\src\imbi\process\xmrelprocess.hpp,0x20b,XMRelationshipDateM1Processor<class XMRelationshipEndpointReaderSparseDatacache<6>,FUN_1804438a0,1804438a0,1804438a4
\Sql\Picasso\engine\src\imbi\process\xmrelprocess.hpp,0x20c,XMRelationshipDateM1Processor<class XMRelationshipEndpointReaderSparseDatacache<6>,FUN_180443900,180443900,180443904
\Sql\Picasso\engine\src\imbi\process\xmrelprocess.hpp,0x20b,XMRelationshipDateM1Processor<class XMRelationshipEndpointReaderSparseDatacache<6>,FUN_180443960,180443960,180443964
\Sql\Picasso\engine\src\imbi\process\xmrelprocess.hpp,0x20c,XMRelationshipDateM1Processor<class XMRelationshipEndpointReaderSparseDatacache<7>,FUN_180443610,180443610,180443614
\Sql\Picasso\engine\src\imbi\process\xmrelprocess.hpp,0x20b,XMRelationshipDateM1Processor<class XMRelationshipEndpointReaderSparseDatacache<7>,FUN_180443670,180443670,180443674
\Sql\Picasso\engine\src\imbi\process\xmrelprocess.hpp,0x20c,XMRelationshipDateM1Processor<class XMRelationshipEndpointReaderSparseDatacache<7>,FUN_180443730,180443730,180443734
\Sql\Picasso\engine\src\imbi\process\xmrelprocess.hpp,0x20b,XMRelationshipDateM1Processor<class XMRelationshipEndpointReaderSparseDatacache<7>,FUN_180443790,180443790,180443794
\Sql\Picasso\engine\src\imbi\process\xmrelprocess.hpp,0x20c,,FUN_180443610,180443610,180443614
\Sql\Picasso\engine\src\imbi\process\xmrelprocess.hpp,0x20b,,FUN_180443670,180443670,180443674
\Sql\Picasso\engine\src\imbi\process\xmrelprocess.hpp,0x20c,,FUN_180443730,180443730,180443734
\Sql\Picasso\engine\src\imbi\process\xmrelprocess.hpp,0x20b,,FUN_180443790,180443790,180443794
\Sql\Picasso\engine\src\imbi\process\xmrelprocess.hpp,0x20c,,FUN_180443840,180443840,180443844
\Sql\Picasso\engine\src\imbi\process\xmrelprocess.hpp,0x20b,,FUN_1804438a0,1804438a0,1804438a4
\Sql\Picasso\engine\src\imbi\process\xmrelprocess.hpp,0x20c,,FUN_180443900,180443900,180443904
\Sql\Picasso\engine\src\imbi\process\xmrelprocess.hpp,0x20b,,FUN_180443960,180443960,180443964
\Sql\Picasso\engine\src\imbi\process\xmrelprocess.hpp,0x20c,,FUN_1804439c0,1804439c0,1804439c4
\Sql\Picasso\engine\src\imbi\process\xmrelprocess.hpp,0x20b,,FUN_180443a20,180443a20,180443a24
\Sql\Picasso\engine\src\imbi\process\xmrelprocess.hpp,0x20c,,FUN_180443a80,180443a80,180443a84
\Sql\Picasso\engine\src\imbi\process\xmrelprocess.hpp,0x20b,,FUN_180443ae0,180443ae0,180443ae4
\Sql\Picasso\engine\src\imbi\process\xmrelprocess.hpp,0x20c,,FUN_180443b40,180443b40,180443b44
\Sql\Picasso\engine\src\imbi\process\xmrelprocess.hpp,0x20b,,FUN_180443ba0,180443ba0,180443ba4
\Sql\Picasso\engine\src\imbi\process\xmrelprocess.hpp,0x20c,,FUN_180443c00,180443c00,180443c04
\Sql\Picasso\engine\src\imbi\process\xmrelprocess.hpp,0x20b,,FUN_180443c60,180443c60,180443c64
\Sql\Picasso\engine\src\imbi\process\xmrowcluster.cpp,0x4e,XMRowClusteringProcessor::Init,FUN_1804e1eb0,1804e1eb0,1804e25f9
\Sql\Picasso\engine\src\imbi\process\xmrowcluster.cpp,0x4f,XMRowClusteringProcessor::Init,FUN_1804e1eb0,1804e1eb0,1804e25f9
\Sql\Picasso\engine\src\imbi\process\xmrowcluster.cpp,0x4f,XMRowClusteringProcessor::Init,FUN_1804e1eb0,1804e1eb0,1804e25f9
\Sql\Picasso\engine\src\imbi\process\xmrowcluster.cpp,0x55,XMRowClusteringProcessor::Init,FUN_1804e1eb0,1804e1eb0,1804e25f9
\Sql\Picasso\engine\src\imbi\process\xmrowcluster.cpp,0x54,XMRowClusteringProcessor::Init,FUN_1804e1eb0,1804e1eb0,1804e25f9
\Sql\Picasso\engine\src\imbi\process\xmsodeltas.cpp,0x667,XMSODeltaColumn::SOMergeDeltaOnM,FUN_1804ea610,1804ea610,1804eb85d
\Sql\Picasso\engine\src\imbi\process\xmsodeltas.cpp,0x661,XMSODeltaColumn::SOMergeDeltaOnM,FUN_1804ea610,1804ea610,1804eb85d
\Sql\Picasso\engine\src\imbi\process\xmsodeltas.cpp,0x5be,XMSODeltaColumn::SOMergeDeltaOnM,FUN_1804ea610,1804ea610,1804eb85d
\Sql\Picasso\engine\src\imbi\process\xmsodeltas.cpp,0x805,XMSODeltaColumn::SOReadDeltaOnM,FUN_1804ebd20,1804ebd20,1804ecc35
\Sql\Picasso\engine\src\imbi\process\xmsodeltas.cpp,0x7fd,XMSODeltaColumn::SOReadDeltaOnM,FUN_1804ebd20,1804ebd20,1804ecc35
\Sql\Picasso\engine\src\imbi\process\xmsodeltas.cpp,0x741,XMSODeltaColumn::SOReadDeltaOnM,FUN_1804ebd20,1804ebd20,1804ecc35
\Sql\Picasso\engine\src\imbi\process\xmsodeltas.cpp,0x897,XMSODeltaColumn::SOReadDeltaOnS,FUN_1804ecdf0,1804ecdf0,1804ed377
\Sql\Picasso\engine\src\imbi\process\xmsodeltas.cpp,0x6d1,XMSODeltaColumn::SOWriteDeltaOnM,FUN_1804eba20,1804eba20,1804ebcad
\Sql\Picasso\engine\src\imbi\process\xmsodeltas.cpp,0x4a2,XMSODeltaColumn::SOWriteDeltaOnS,FUN_1804e9e20,1804e9e20,1804ea55e
\Sql\Picasso\engine\src\imbi\process\xmsodeltas.cpp,0x543,XMSODeltaColumn::SOWriteDeltaOnS,FUN_1804e9e20,1804e9e20,1804ea55e
\Sql\Picasso\engine\src\imbi\process\xmsodeltas.cpp,0x53b,XMSODeltaColumn::SOWriteDeltaOnS,FUN_1804e9e20,1804e9e20,1804ea55e
\Sql\Picasso\engine\src\imbi\process\xmsodeltas.cpp,0x4db,XMSODeltaColumn::SOWriteDeltaOnS,FUN_1804e9e20,1804e9e20,1804ea55e
\Sql\Picasso\engine\src\imbi\process\xmsoendpointprocess.cpp,0x39,XMSOEndpointProcessor::Init,FUN_1800702b0,1800702b0,180070489
\Sql\Picasso\engine\src\imbi\process\xmsoendpointprocess.cpp,0x3a,XMSOEndpointProcessor::Init,FUN_1800702b0,1800702b0,180070489
\Sql\Picasso\engine\src\imbi\process\xmsoendpointprocess.cpp,0x39,XMSOEndpointProcessor::Init,FUN_1800702b0,1800702b0,180070489
\Sql\Picasso\engine\src\imbi\process\xmsoendpointprocess.cpp,0x39,XMSOEndpointProcessor::Init,FUN_180070630,180070630,18007084d
\Sql\Picasso\engine\src\imbi\process\xmsoendpointprocess.cpp,0x3a,XMSOEndpointProcessor::Init,FUN_180070630,180070630,18007084d
\Sql\Picasso\engine\src\imbi\process\xmsoendpointprocess.cpp,0x39,XMSOEndpointProcessor::Init,FUN_180070630,180070630,18007084d
\Sql\Picasso\engine\src\imbi\process\xmsoendpointprocess.cpp,0x39,XMSOEndpointProcessor::Init,FUN_1800709f0,1800709f0,180070bde
\Sql\Picasso\engine\src\imbi\process\xmsoendpointprocess.cpp,0x3a,XMSOEndpointProcessor::Init,FUN_1800709f0,1800709f0,180070bde
\Sql\Picasso\engine\src\imbi\process\xmsoendpointprocess.cpp,0x39,XMSOEndpointProcessor::Init,FUN_1800709f0,1800709f0,180070bde
\Sql\Picasso\engine\src\imbi\process\xmsoendpointprocess.cpp,0x3a,XMSOEndpointProcessor::Init,FUN_180070c90,180070c90,1.80E+33
\Sql\Picasso\engine\src\imbi\process\xmsoendpointprocess.cpp,0x39,XMSOEndpointProcessor::Init,FUN_180070c90,180070c90,1.80E+33
\Sql\Picasso\engine\src\imbi\process\xmsofixupjobs.cpp,0x1c4,XMSOFixupColumnSegmentJob::SOFixupColumnSegment,FUN_1804ee370,1804ee370,1804ee5a9
\Sql\Picasso\engine\src\imbi\process\xmsofixupjobs.cpp,0x2a0,XMSOFixupColumnSegmentJob::SOInternalRecompressUpdate,FUN_1804ee660,1804ee660,1804ee6c1
\Sql\Picasso\engine\src\imbi\process\xmsofixupjobs.cpp,0x118,XMSOFixupEndpointJob::AddParallelChildren,FUN_1804edcf0,1804edcf0,1804ede98
\Sql\Picasso\engine\src\imbi\process\xmsofixupjobs.cpp,0x85,XMSOFixupEndpointJob::Run,FUN_1804edf00,1804edf00,1804edf20
\Sql\Picasso\engine\src\imbi\process\xmsofixupjobs.cpp,0xa8,XMSOFixupEndpointJob::Run,FUN_1804edf00,1804edf00,1804edf20
\Sql\Picasso\engine\src\imbi\process\xmsofixupjobs.cpp,0xa7,XMSOFixupEndpointJob::Run,FUN_1804edf00,1804edf00,1804edf20
\Sql\Picasso\engine\src\imbi\process\xmsofixupjobs.cpp,0x85,,FUN_1804edf00,1804edf00,1804edf20
\Sql\Picasso\engine\src\imbi\process\xmsofixupjobs.cpp,0xa8,,FUN_1804edf00,1804edf00,1804edf20
\Sql\Picasso\engine\src\imbi\process\xmsofixupjobs.cpp,0xa7,,FUN_1804edf00,1804edf00,1804edf20
\Sql\Picasso\engine\src\imbi\process\xmtabledecoder.cpp,0x6e,XMTableDecodeReader::AddColumnBinding,FUN_18006e9e0,18006e9e0,18006f825
\Sql\Picasso\engine\src\imbi\process\xmtabledecoder.cpp,0xad,XMTableDecodeReader::AddColumnBinding,FUN_180482510,180482510,1804826a8
\Sql\Picasso\engine\src\imbi\process\xmtabledecoder.cpp,0x8c,XMTableDecodeReader::AddColumnBinding,FUN_180482510,180482510,1804826a8
\Sql\Picasso\engine\src\imbi\process\xmtabledecoder.cpp,0x19d,XMTableDecodeReader::Next,FUN_180482bb0,180482bb0,1.80E+18
\Sql\Picasso\engine\src\imbi\process\xmtabledecoder.cpp,0x11a,XMTableDecodeReader::Start,FUN_180482760,180482760,180482b4d
\Sql\Picasso\engine\src\imbi\process\xmtabledecoder.cpp,0x11d,XMTableDecodeReader::Start,FUN_180482760,180482760,180482b4d
\Sql\Picasso\engine\src\imbi\process\xmtabledecoder.cpp,0x123,XMTableDecodeReader::Start,FUN_180482760,180482760,180482b4d
\Sql\Picasso\engine\src\imbi\process\xmtkstoreprocess.cpp,0x28b,XMTokenizationGroupCountReader::GetColumnValue,FUN_180fd6b70,180fd6b70,180fd6b91
\Sql\Picasso\engine\src\imbi\process\xmtkstoreprocess.cpp,0x21b,XMTokenizationGroupCountReader::Init,FUN_180fd7a60,180fd7a60,180fd7f3b
\Sql\Picasso\engine\src\imbi\process\xmtkstoreprocess.cpp,0x218,XMTokenizationGroupCountReader::Init,FUN_180fd7a60,180fd7a60,180fd7f3b
\Sql\Picasso\engine\src\imbi\process\xmtkstoreprocess.cpp,0x127,XMTokenizationGroupReader::GetColumnValue,FUN_180fd6500,180fd6500,180fd6595
\Sql\Picasso\engine\src\imbi\process\xmtkstoreprocess.cpp,0x8e,XMTokenizationGroupReader::Init,FUN_180fd7a60,180fd7a60,180fd7f3b
\Sql\Picasso\engine\src\imbi\process\xmtkstoreprocess.cpp,0x1e7,XMTokenizationStatsReader::GetColumnValue,FUN_180fd6770,180fd6770,180fd69cf
\Sql\Picasso\engine\src\imbi\process\xmtkstoreprocess.cpp,0x15d,XMTokenizationStatsReader::Init,FUN_180fd7a60,180fd7a60,180fd7f3b
\Sql\Picasso\engine\src\imbi\process\xmtkstoreprocess.cpp,0x2f1,XMTokenizationStoreProcessor::CreateTokenizationTable,FUN_180fd6fc0,180fd6fc0,180fd762e
\Sql\Picasso\engine\src\imbi\process\xmtkstoreprocess.cpp,0x36d,XMTokenizationStoreProcessor::EncodeTokenizationTable,FUN_180fd7a60,180fd7a60,180fd7f3b
\Sql\Picasso\engine\src\imbi\process\xmtkstoreprocess.cpp,0x377,XMTokenizationStoreProcessor::EncodeTokenizationTable,FUN_180fd7a60,180fd7a60,180fd7f3b
\Sql\Picasso\engine\src\imbi\process\xmtkstoreprocess.cpp,0x385,XMTokenizationStoreProcessor::EncodeTokenizationTable,FUN_180fd7a60,180fd7a60,180fd7f3b
\Sql\Picasso\engine\src\imbi\process\xmtkstoreprocess.cpp,0x35f,XMTokenizationStoreProcessor::EncodeTokenizationTable,FUN_180fd7a60,180fd7a60,180fd7f3b
\Sql\Picasso\engine\src\imbi\process\xmtkstoreprocess.cpp,700,XMTokenizationStoreProcessor::Init,FUN_180fd6da0,180fd6da0,180fd6f5f
\Sql\Picasso\engine\src\imbi\process\xmtkstoreprocess.cpp,0x2bf,XMTokenizationStoreProcessor::Init,FUN_180fd6da0,180fd6da0,180fd6f5f
\Sql\Picasso\engine\src\imbi\process\xmtkstoreprocess.cpp,0x2c0,XMTokenizationStoreProcessor::Init,FUN_180fd6da0,180fd6da0,180fd6f5f
\Sql\Picasso\engine\src\imbi\process\xmtkstoreprocess.cpp,0x2c1,XMTokenizationStoreProcessor::Init,FUN_180fd6da0,180fd6da0,180fd6f5f
\Sql\Picasso\engine\src\imbi\process\xmtkstoreprocess.cpp,0x329,XMTokenizationStoreProcessor::Prepare,FUN_180fd7690,180fd7690,180fd794e
\Sql\Picasso\engine\src\imbi\process\xmtkstoreprocess.cpp,0x32b,XMTokenizationStoreProcessor::Prepare,FUN_180fd7690,180fd7690,180fd794e
\Sql\Picasso\engine\src\imbi\process\xmtkstoreprocess.cpp,0x127,,FUN_180fd6500,180fd6500,180fd6595
\Sql\Picasso\engine\src\imbi\process\xmtkstoreprocess.cpp,0x1e7,,FUN_180fd6770,180fd6770,180fd69cf
\Sql\Picasso\engine\src\imbi\process\xmtkstoreprocess.cpp,0x28b,,FUN_180fd6b70,180fd6b70,180fd6b91
\Sql\Picasso\engine\src\imbi\process\xmtkstoreprocess.cpp,700,,FUN_180fd6da0,180fd6da0,180fd6f5f
\Sql\Picasso\engine\src\imbi\process\xmtkstoreprocess.cpp,0x2bf,,FUN_180fd6da0,180fd6da0,180fd6f5f
\Sql\Picasso\engine\src\imbi\process\xmvalcoltransltr.cpp,0xc9,XMValueColTranslator::Init,FUN_180481140,180481140,180481235
\Sql\Picasso\engine\src\imbi\process\xmvalcoltransltr.cpp,0xca,XMValueColTranslator::Init,FUN_180481140,180481140,180481235
\Sql\Picasso\engine\src\imbi\process\xmvalcoltransltr.cpp,0x178,XMValueColTranslator::MaterializeColumnSegments,FUN_1804e67e0,1804e67e0,1804e6ac2
\Sql\Picasso\engine\src\imbi\process\xmvalcoltransltr.cpp,0x13b,XMValueColTranslator::Rebase,FUN_1804e64b0,1804e64b0,1804e672d
\Sql\Picasso\engine\src\imbi\process\xmvalcoltransltr.cpp,0x13b,XMValueColTranslator::Rebase,FUN_1804e64b0,1804e64b0,1804e672d
\Sql\Picasso\engine\src\imbi\process\xmvalcoltransltr.cpp,0x114,XMValueColTranslator::Rebase,FUN_1804e64b0,1804e64b0,1804e672d
\Sql\Picasso\engine\src\imbi\process\xmvalcoltransltr.cpp,0x3f,XMValueColTranslatorSeg::Init,FUN_180481360,180481360,18048144a
\Sql\Picasso\engine\src\imbi\process\xmvalcoltransltr.cpp,0x40,XMValueColTranslatorSeg::Init,FUN_180481360,180481360,18048144a
\Sql\Picasso\engine\src\imbi\process\xmvalcoltransltr.cpp,0x87,XMValueColTranslatorSeg::RebaseSingleSegment,FUN_1804e6200,1804e6200,1804e6395
\Sql\Picasso\engine\src\imbi\process\xmvalueencoder.inl,0x9b,XMValueEncoder<__int64>::SetCurrentBaseIdAndMagnitude,FUN_1804dad00,1804dad00,1804db3ce
\Sql\Picasso\engine\src\imbi\process\xmvalueencoder.inl,0x9b,XMValueEncoder<double>::SetCurrentBaseIdAndMagnitude,FUN_1804dbcf0,1804dbcf0,1804dc395
\Sql\Picasso\engine\src\imbi\query\_unittest.cxx,200,XME2ETest::CreateEmptySchema,FUN_1805955b0,1805955b0,1805956f2
\Sql\Picasso\engine\src\imbi\query\_unittest.cxx,0xc9,XME2ETest::CreateEmptySchema,FUN_1805955b0,1805955b0,1805956f2
\Sql\Picasso\engine\src\imbi\query\xmdatacache.cpp,0xa31,XMBaseRowIndexCache<struct XMRowIndexCacheEntry>::InitDC,FUN_1805702f0,1805702f0,180570544
\Sql\Picasso\engine\src\imbi\query\xmdatacache.cpp,0xa32,XMBaseRowIndexCache<struct XMRowIndexCacheEntry>::InitDC,FUN_1805702f0,1805702f0,180570544
\Sql\Picasso\engine\src\imbi\query\xmdatacache.cpp,0xa6d,XMBaseRowIndexCache<struct XMRowIndexCacheEntry>::MergeFrom,FUN_180570730,180570730,1805709b3
\Sql\Picasso\engine\src\imbi\query\xmdatacache.cpp,0xa71,XMBaseRowIndexCache<struct XMRowIndexCacheEntry>::MergeFrom,FUN_180570730,180570730,1805709b3
\Sql\Picasso\engine\src\imbi\query\xmdatacache.cpp,0xa75,XMBaseRowIndexCache<struct XMRowIndexCacheEntry>::MergeFrom,FUN_180570730,180570730,1805709b3
\Sql\Picasso\engine\src\imbi\query\xmdatacache.cpp,0xa70,XMBaseRowIndexCache<struct XMRowIndexCacheEntry>::MergeFrom,FUN_180570730,180570730,1805709b3
\Sql\Picasso\engine\src\imbi\query\xmdatacache.cpp,0xa31,XMBaseRowIndexCache<struct XMSequenceIndexCacheEntry>::InitDC,FUN_180570b10,180570b10,180570d7d
\Sql\Picasso\engine\src\imbi\query\xmdatacache.cpp,0xa32,XMBaseRowIndexCache<struct XMSequenceIndexCacheEntry>::InitDC,FUN_180570b10,180570b10,180570d7d
\Sql\Picasso\engine\src\imbi\query\xmdatacache.cpp,0xa6d,XMBaseRowIndexCache<struct XMSequenceIndexCacheEntry>::MergeFrom,FUN_180570fc0,180570fc0,18057127b
\Sql\Picasso\engine\src\imbi\query\xmdatacache.cpp,0xa71,XMBaseRowIndexCache<struct XMSequenceIndexCacheEntry>::MergeFrom,FUN_180570fc0,180570fc0,18057127b
\Sql\Picasso\engine\src\imbi\query\xmdatacache.cpp,0xa75,XMBaseRowIndexCache<struct XMSequenceIndexCacheEntry>::MergeFrom,FUN_180570fc0,180570fc0,18057127b
\Sql\Picasso\engine\src\imbi\query\xmdatacache.cpp,0xa70,XMBaseRowIndexCache<struct XMSequenceIndexCacheEntry>::MergeFrom,FUN_180570fc0,180570fc0,18057127b
\Sql\Picasso\engine\src\imbi\query\xmdatacache.cpp,0x9fb,XMBaseRowIndexCacheStorage<struct XMSequenceIndexCacheEntry>::BuildTransientState,FUN_18056ad40,18056ad40,18056ae83
\Sql\Picasso\engine\src\imbi\query\xmdatacache.cpp,0xf7,XMCacheHelpers::CreateDataCache,FUN_180564600,180564600,1805660f4
\Sql\Picasso\engine\src\imbi\query\xmdatacache.cpp,0x3de,XMDenseDataCache::MergeFrom,FUN_180567cd0,180567cd0,180567e9a
\Sql\Picasso\engine\src\imbi\query\xmdatacache.cpp,0x420,XMDenseDataCache::Unmarshall,FUN_180568000,180568000,1805680fa
\Sql\Picasso\engine\src\imbi\query\xmdatacache.cpp,0x98e,XMJoinBitmapCache::MergeFrom,FUN_180569360,180569360,18056948c
\Sql\Picasso\engine\src\imbi\query\xmdatacache.cpp,0x8c6,XMJoinCache::InitDC,FUN_1805685b0,1805685b0,1805686db
\Sql\Picasso\engine\src\imbi\query\xmdatacache.cpp,0x9b4,XMJoinHashCache::MergeFrom,FUN_1805694f0,1805694f0,1805695f4
\Sql\Picasso\engine\src\imbi\query\xmdatacache.cpp,0x27f,XMRowMeasuresDataCache::InitDC,FUN_180566cd0,180566cd0,1805670af
\Sql\Picasso\engine\src\imbi\query\xmdatacache.cpp,0x270,XMRowMeasuresDataCache::InitDC,FUN_180566cd0,180566cd0,1805670af
\Sql\Picasso\engine\src\imbi\query\xmdatacache.cpp,0x2dc,XMRowMeasuresDataCache::NextEx,FUN_180567130,180567130,18056772c
\Sql\Picasso\engine\src\imbi\query\xmdatacache.cpp,0x30f,XMRowMeasuresDataCache::NextEx,FUN_180567130,180567130,18056772c
\Sql\Picasso\engine\src\imbi\query\xmdatacache.cpp,0x923,XMSimpleIndexBitmapCache::Finalize,FUN_1805689f0,1805689f0,1805691b8
\Sql\Picasso\engine\src\imbi\query\xmdatacache.cpp,0x906,XMSimpleIndexBitmapCache::MergeFrom,FUN_180568860,180568860,18056898c
\Sql\Picasso\engine\src\imbi\query\xmdatacache.cpp,0x8a6,XMSimpleIndexCache::InitDC,FUN_180564600,180564600,1805660f4
\Sql\Picasso\engine\src\imbi\query\xmdatacache.cpp,0x8a6,XMSimpleIndexCache::InitDC,FUN_1805684d0,1805684d0,180568554
\Sql\Picasso\engine\src\imbi\query\xmdatacache.cpp,0x8a6,XMSimpleIndexCache::InitDC,FUN_180568730,180568730,1805687fa
\Sql\Picasso\engine\src\imbi\query\xmdatacache.cpp,0x4fc,XMSparseDataCache<5>::MergeFrom,FUN_18056b470,18056b470,18056b79e
\Sql\Picasso\engine\src\imbi\query\xmdatacache.cpp,0x4fe,XMSparseDataCache<5>::MergeFrom,FUN_18056b470,18056b470,18056b79e
\Sql\Picasso\engine\src\imbi\query\xmdatacache.cpp,0x4fc,XMSparseDataCache<6>::MergeFrom,FUN_18056c110,18056c110,18056c457
\Sql\Picasso\engine\src\imbi\query\xmdatacache.cpp,0x4fe,XMSparseDataCache<6>::MergeFrom,FUN_18056c110,18056c110,18056c457
\Sql\Picasso\engine\src\imbi\query\xmdatacache.cpp,0x4fc,XMSparseDataCache<7>::MergeFrom,FUN_18056cae0,18056cae0,18056cdfa
\Sql\Picasso\engine\src\imbi\query\xmdatacache.cpp,0x4fe,XMSparseDataCache<7>::MergeFrom,FUN_18056cae0,18056cae0,18056cdfa
\Sql\Picasso\engine\src\imbi\query\xmdatacache.cpp,0x5d1,XMSparseDataCacheIterator::GoTo,FUN_180568390,180568390,18056846b
\Sql\Picasso\engine\src\imbi\query\xmdatacache.cpp,0x629,XMSparseExistenceCache<1>::Init,FUN_18051a750,18051a750,18051b081
\Sql\Picasso\engine\src\imbi\query\xmdatacache.cpp,0x27f,,FUN_180566cd0,180566cd0,1805670af
\Sql\Picasso\engine\src\imbi\query\xmdatacache.cpp,0x270,,FUN_180566cd0,180566cd0,1805670af
\Sql\Picasso\engine\src\imbi\query\xmdatacache.cpp,0x5d1,,FUN_180568390,180568390,18056846b
\Sql\Picasso\engine\src\imbi\query\xmdatacache.cpp,0x9fb,,FUN_18056ad40,18056ad40,18056ae83
\Sql\Picasso\engine\src\imbi\query\xmdatacache.cpp,0x4fe,,FUN_18056b470,18056b470,18056b79e
\Sql\Picasso\engine\src\imbi\query\xmdatacache.cpp,0x4fe,,FUN_18056c110,18056c110,18056c457
\Sql\Picasso\engine\src\imbi\query\xmdatacache.cpp,0x4fe,,FUN_18056cae0,18056cae0,18056cdfa
\Sql\Picasso\engine\src\imbi\query\xmdatacache.cpp,0xa71,,FUN_180570730,180570730,1805709b3
\Sql\Picasso\engine\src\imbi\query\xmdatacache.cpp,0xa75,,FUN_180570730,180570730,1805709b3
\Sql\Picasso\engine\src\imbi\query\xmdatacache.cpp,0xa70,,FUN_180570730,180570730,1805709b3
\Sql\Picasso\engine\src\imbi\query\xmdatacache.cpp,0xa71,,FUN_180570fc0,180570fc0,18057127b
\Sql\Picasso\engine\src\imbi\query\xmdatacache.cpp,0xa75,,FUN_180570fc0,180570fc0,18057127b
\Sql\Picasso\engine\src\imbi\query\xmdatacache.cpp,0xa70,,FUN_180570fc0,180570fc0,18057127b
\Sql\Picasso\engine\src\imbi\query\xmdatacache.hpp,0xaa,XMICache::Compare,FUN_180465220,180465220,180465224
\Sql\Picasso\engine\src\imbi\query\xmdatacache.hpp,0xb7,XMICache::GetIterator,FUN_1804652f0,1804652f0,1804652f4
\Sql\Picasso\engine\src\imbi\query\xmdatacache.hpp,0x191,XMIDataCache::MergeFrom,FUN_180465150,180465150,180465154
\Sql\Picasso\engine\src\imbi\query\xmdatacache.hpp,0x6f5,XMRelationshipRegistrationDataCache::Next,FUN_180461f40,180461f40,180461f44
\Sql\Picasso\engine\src\imbi\query\xmdatacache.hpp,0x6f5,,FUN_180461f40,180461f40,180461f44
\Sql\Picasso\engine\src\imbi\query\xmdatacache.hpp,0x191,,FUN_180465150,180465150,180465154
\Sql\Picasso\engine\src\imbi\query\xmdatacache.hpp,0xaa,,FUN_180465220,180465220,180465224
\Sql\Picasso\engine\src\imbi\query\xmdatacache.hpp,0xb7,,FUN_1804652f0,1804652f0,1804652f4
\Sql\Picasso\engine\src\imbi\query\xmdatacache.inl,0xcff,XMBaseRowIndexCache<struct XMRowIndexCacheEntry>::StartEx,FUN_180569990,180569990,1805699b1
\Sql\Picasso\engine\src\imbi\query\xmdatacache.inl,0xcff,XMBaseRowIndexCache<struct XMRowIndexCacheEntry>::StartEx,FUN_180569e60,1.81E+65,1.81E+88
\Sql\Picasso\engine\src\imbi\query\xmdatacache.inl,0xcff,XMBaseRowIndexCache<struct XMSequenceIndexCacheEntry>::StartEx,FUN_180569bf0,180569bf0,180569c11
\Sql\Picasso\engine\src\imbi\query\xmdatacache.inl,0xcff,XMBaseRowIndexCache<struct XMSequenceIndexCacheEntry>::StartEx,FUN_18056a0d0,18056a0d0,18056a0f3
\Sql\Picasso\engine\src\imbi\query\xmdatacache.inl,0x37b,XMIDataCache::AggregateValues,FUN_180567cd0,180567cd0,1.81E+49
\Sql\Picasso\engine\src\imbi\query\xmdatacache.inl,0x37b,XMIDataCache::AggregateValues,FUN_18056b470,18056b470,18056b6f2
\Sql\Picasso\engine\src\imbi\query\xmdatacache.inl,0x37b,XMIDataCache::AggregateValues,FUN_18056c110,18056c110,18056c3ab
\Sql\Picasso\engine\src\imbi\query\xmdatacache.inl,0x37b,XMIDataCache::AggregateValues,FUN_18056cae0,18056cae0,18056cea6
\Sql\Picasso\engine\src\imbi\query\xmdatacache.inl,0x356,XMIDataCache::AggregateValues,FUN_18057ec30,18057ec30,18057ec79
\Sql\Picasso\engine\src\imbi\query\xmdatacache.inl,0x356,XMIDataCache::AggregateValues,FUN_18057ece0,18057ece0,18057ed43
\Sql\Picasso\engine\src\imbi\query\xmdatacache.inl,0x356,XMIDataCache::AggregateValues,FUN_18057eda0,18057eda0,18057ee15
\Sql\Picasso\engine\src\imbi\query\xmdatacache.inl,0x37b,XMIDataCache::AggregateValues,FUN_180590b50,180590b50,180590d9e
\Sql\Picasso\engine\src\imbi\query\xmdatacache.inl,0x37b,XMIDataCache::AggregateValues,FUN_1805920d0,1805920d0,18059232c
\Sql\Picasso\engine\src\imbi\query\xmdatacache.inl,0x37b,XMIDataCache::AggregateValues,FUN_180593620,180593620,18059390b
\Sql\Picasso\engine\src\imbi\query\xmdatacache.inl,0x37b,,FUN_180567cd0,180567cd0,1.81E+49
\Sql\Picasso\engine\src\imbi\query\xmdatacache.inl,0xcff,,FUN_180569990,180569990,1805699b1
\Sql\Picasso\engine\src\imbi\query\xmdatacache.inl,0xcff,,FUN_180569bf0,180569bf0,180569c11
\Sql\Picasso\engine\src\imbi\query\xmdatacache.inl,0xcff,,FUN_180569e60,1.81E+65,1.81E+88
\Sql\Picasso\engine\src\imbi\query\xmdatacache.inl,0xcff,,FUN_18056a0d0,18056a0d0,18056a0f3
\Sql\Picasso\engine\src\imbi\query\xmdatacache.inl,0x37b,,FUN_18056b470,18056b470,18056b6f2
\Sql\Picasso\engine\src\imbi\query\xmdatacache.inl,0x37b,,FUN_18056c110,18056c110,18056c3ab
\Sql\Picasso\engine\src\imbi\query\xmdatacache.inl,0x37b,,FUN_18056cae0,18056cae0,18056cea6
\Sql\Picasso\engine\src\imbi\query\xmdatacache.inl,0x356,,FUN_18057ec30,18057ec30,18057ec79
\Sql\Picasso\engine\src\imbi\query\xmdatacache.inl,0x356,,FUN_18057ece0,18057ece0,18057ed43
\Sql\Picasso\engine\src\imbi\query\xmdatacache.inl,0x356,,FUN_18057eda0,18057eda0,18057ee15
\Sql\Picasso\engine\src\imbi\query\xmdatacache.inl,0x37b,,FUN_180590b50,180590b50,180590d9e
\Sql\Picasso\engine\src\imbi\query\xmdatacache.inl,0x37b,,FUN_1805920d0,1805920d0,18059232c
\Sql\Picasso\engine\src\imbi\query\xmdatacache.inl,0x37b,,FUN_180593620,180593620,18059390b
\Sql\Picasso\engine\src\imbi\query\xmdcmapper.cpp,0x24,XMDCRowMapper::Init,FUN_180781db0,180781db0,1807823c6
\Sql\Picasso\engine\src\imbi\query\xmdcmapper.cpp,0x2c,XMDCRowMapper::Init,FUN_180781db0,180781db0,1807823c6
\Sql\Picasso\engine\src\imbi\query\xmdcmapper.cpp,0x3d,XMDCRowMapper::Init,FUN_180781db0,180781db0,1807823c6
\Sql\Picasso\engine\src\imbi\query\xmdcmapper.cpp,0x40,XMDCRowMapper::Init,FUN_180781db0,180781db0,1807823c6
\Sql\Picasso\engine\src\imbi\query\xmdcmapper.cpp,0x46,XMDCRowMapper::Init,FUN_180781db0,180781db0,1807823c6
\Sql\Picasso\engine\src\imbi\query\xmdcmapper.cpp,0x55,XMDCRowMapper::Init,FUN_180781db0,180781db0,1807823c6
\Sql\Picasso\engine\src\imbi\query\xmdcmapper.cpp,0x54,XMDCRowMapper::Init,FUN_180781db0,180781db0,1807823c6
\Sql\Picasso\engine\src\imbi\query\xmdcmapper.cpp,0x58,XMDCRowMapper::Init,FUN_180781db0,180781db0,1807823c6
\Sql\Picasso\engine\src\imbi\query\xmdcmapper.cpp,0x5f,XMDCRowMapper::Init,FUN_180781db0,180781db0,1807823c6
\Sql\Picasso\engine\src\imbi\query\xmdcmapper.cpp,100,XMDCRowMapper::Init,FUN_180781db0,180781db0,1807823c6
\Sql\Picasso\engine\src\imbi\query\xmdcmapper.cpp,0x65,XMDCRowMapper::Init,FUN_180781db0,180781db0,1807823c6
\Sql\Picasso\engine\src\imbi\query\xmdcmapper.cpp,0x2d,XMDCRowMapper::Init,FUN_180781db0,180781db0,1807823c6
\Sql\Picasso\engine\src\imbi\query\xmdcmapper.cpp,0x54,,FUN_180781db0,180781db0,1807823c6
\Sql\Picasso\engine\src\imbi\query\xmdcmapper.cpp,0x5f,,FUN_180781db0,180781db0,1807823c6
\Sql\Picasso\engine\src\imbi\query\xmdcmapper.inl,0xe8,XMDCRowMapper::CopyMeasureFields,FUN_180590160,180590160,180590200
\Sql\Picasso\engine\src\imbi\query\xmdcmapper.inl,0x1e1,XMDCRowMapper::ExpandMapRows,FUN_180590a40,180590a40,180590ae7
\Sql\Picasso\engine\src\imbi\query\xmdcmapper.inl,0x1e1,XMDCRowMapper::ExpandMapRows,FUN_180591fc0,180591fc0,180592067
\Sql\Picasso\engine\src\imbi\query\xmdcmapper.inl,0x1e1,XMDCRowMapper::ExpandMapRows,FUN_180593510,180593510,1805935b7
\Sql\Picasso\engine\src\imbi\query\xmdcmapper.inl,0x176,XMDCRowMapper::MapMainRemoteRows,FUN_18058b070,18058b070,18058b2f4
\Sql\Picasso\engine\src\imbi\query\xmdcmapper.inl,0x187,XMDCRowMapper::MapMainRemoteRows,FUN_18058b070,18058b070,18058b2f4
\Sql\Picasso\engine\src\imbi\query\xmdcmapper.inl,0x35,XMDCRowMapper::MeasureArrayOffset,FUN_180781db0,180781db0,180782472
\Sql\Picasso\engine\src\imbi\query\xmdcmapper.inl,0xe8,,FUN_180590160,180590160,180590200
\Sql\Picasso\engine\src\imbi\query\xmdcmapper.inl,0x1e1,,FUN_180590a40,180590a40,180590ae7
\Sql\Picasso\engine\src\imbi\query\xmdcmapper.inl,0x1e1,,FUN_180591fc0,180591fc0,180592067
\Sql\Picasso\engine\src\imbi\query\xmdcmapper.inl,0x1e1,,FUN_180593510,180593510,1805935b7
\Sql\Picasso\engine\src\imbi\query\xmdcmapper.inl,0x35,,FUN_180781db0,180781db0,180782472
\Sql\Picasso\engine\src\imbi\query\xmdcmm.cpp,0x34,XMDCMMProcessor::AddJoinTable,FUN_180753dc0,180753dc0,1807541bb
\Sql\Picasso\engine\src\imbi\query\xmdcmm.cpp,0x38,XMDCMMProcessor::AddJoinTable,FUN_180753dc0,180753dc0,1807541bb
\Sql\Picasso\engine\src\imbi\query\xmdcmm.cpp,0x53,XMDCMMProcessor::Init,FUN_180753dc0,180753dc0,1807541bb
\Sql\Picasso\engine\src\imbi\query\xmdcmm.cpp,0x60,XMDCMMProcessor::Init,FUN_180753dc0,180753dc0,1807541bb
\Sql\Picasso\engine\src\imbi\query\xmg_vertiscan_ArbShpFinalizeBuildBitmap.cpp,0x4b,XMVertiScanJob::ASDataScanBuildBitmap,FUN_18075b150,18075b150,18075b2ac
\Sql\Picasso\engine\src\imbi\query\xmg_vertiscan_ArbShpFinalizeBuildBitmap.cpp,0x4b,,FUN_18075b150,18075b150,18075b2ac
\Sql\Picasso\engine\src\imbi\query\xmg_vertiscan_ArbShpFinalizeSimpleMatch.cpp,0x37,XMVertiScanJob::ASDataScanSimpleMatch,FUN_18075b040,18075b040,18075b0ef
\Sql\Picasso\engine\src\imbi\query\xmg_vertiscan_ArbShpFinalizeSimpleMatch.cpp,0x37,,FUN_18075b040,18075b040,18075b0ef
\Sql\Picasso\engine\src\imbi\query\xmg_vertiscan_BinaryOpPrefetch.cpp,0x504,XMVertiScanJob::VBinaryOpPrefetch,FUN_180587280,180587280,1805887b0
\Sql\Picasso\engine\src\imbi\query\xmg_vertiscan_BinaryOpPrefetch.cpp,0x504,,FUN_180587280,180587280,1805887b0
\Sql\Picasso\engine\src\imbi\query\xmg_vertiscan_BuildArbShpKey.cpp,0x18b,XMVertiScanJob::ASBuildGroups,FUN_18075a3d0,18075a3d0,18075aced
\Sql\Picasso\engine\src\imbi\query\xmg_vertiscan_BuildArbShpKey.cpp,0x18b,,FUN_18075a3d0,18075a3d0,18075aced
\Sql\Picasso\engine\src\imbi\query\xmg_vertiscan_BuildLookupVector.cpp,0x35,XMVertiScanJob::BuildLookupVector,FUN_1807546c0,1807546c0,18075472f
\Sql\Picasso\engine\src\imbi\query\xmg_vertiscan_BuildLookupVector.cpp,0x35,,FUN_1807546c0,1807546c0,18075472f
\Sql\Picasso\engine\src\imbi\query\xmg_vertiscan_CallbackPrefetch_All.cpp,0x34,XMVertiScanJob::VCallbackPrefetch_Int_BNo,FUN_180752570,180752570,18075267a
\Sql\Picasso\engine\src\imbi\query\xmg_vertiscan_CallbackPrefetch_All.cpp,0xa9,XMVertiScanJob::VCallbackPrefetch_Int_BYes,FUN_180752860,180752860,1807532bb
\Sql\Picasso\engine\src\imbi\query\xmg_vertiscan_CallbackPrefetch_All.cpp,0xc4,XMVertiScanJob::VCallbackPrefetch_Int_BYes,FUN_180752860,180752860,1807532bb
\Sql\Picasso\engine\src\imbi\query\xmg_vertiscan_CallbackPrefetch_All.cpp,0xdf,XMVertiScanJob::VCallbackPrefetch_Int_BYes,FUN_180752860,180752860,1807532bb
\Sql\Picasso\engine\src\imbi\query\xmg_vertiscan_CallbackPrefetch_All.cpp,0xfa,XMVertiScanJob::VCallbackPrefetch_Int_BYes,FUN_180752860,180752860,1807532bb
\Sql\Picasso\engine\src\imbi\query\xmg_vertiscan_CallbackPrefetch_All.cpp,0x115,XMVertiScanJob::VCallbackPrefetch_Int_BYes,FUN_180752860,180752860,1807532bb
\Sql\Picasso\engine\src\imbi\query\xmg_vertiscan_CallbackPrefetch_All.cpp,0x130,XMVertiScanJob::VCallbackPrefetch_Int_BYes,FUN_180752860,180752860,1807532bb
\Sql\Picasso\engine\src\imbi\query\xmg_vertiscan_CallbackPrefetch_All.cpp,0x14b,XMVertiScanJob::VCallbackPrefetch_Int_BYes,FUN_180752860,180752860,1807532bb
\Sql\Picasso\engine\src\imbi\query\xmg_vertiscan_CallbackPrefetch_All.cpp,0x166,XMVertiScanJob::VCallbackPrefetch_Int_BYes,FUN_180752860,180752860,1807532bb
\Sql\Picasso\engine\src\imbi\query\xmg_vertiscan_CallbackPrefetch_All.cpp,400,XMVertiScanJob::VCallbackPrefetch_Int_BYes,FUN_180752860,180752860,1807532bb
\Sql\Picasso\engine\src\imbi\query\xmg_vertiscan_CallbackPrefetch_All.cpp,0x65,XMVertiScanJob::VCallbackPrefetch_Real_BNo,FUN_1807526e0,1.81E+06,1807527fe
\Sql\Picasso\engine\src\imbi\query\xmg_vertiscan_CallbackPrefetch_All.cpp,0x1d8,XMVertiScanJob::VCallbackPrefetch_Real_BYes,FUN_180753320,180753320,180753d5c
\Sql\Picasso\engine\src\imbi\query\xmg_vertiscan_CallbackPrefetch_All.cpp,499,XMVertiScanJob::VCallbackPrefetch_Real_BYes,FUN_180753320,180753320,180753d5c
\Sql\Picasso\engine\src\imbi\query\xmg_vertiscan_CallbackPrefetch_All.cpp,0x20e,XMVertiScanJob::VCallbackPrefetch_Real_BYes,FUN_180753320,180753320,180753d5c
\Sql\Picasso\engine\src\imbi\query\xmg_vertiscan_CallbackPrefetch_All.cpp,0x229,XMVertiScanJob::VCallbackPrefetch_Real_BYes,FUN_180753320,180753320,180753d5c
\Sql\Picasso\engine\src\imbi\query\xmg_vertiscan_CallbackPrefetch_All.cpp,0x244,XMVertiScanJob::VCallbackPrefetch_Real_BYes,FUN_180753320,180753320,180753d5c
\Sql\Picasso\engine\src\imbi\query\xmg_vertiscan_CallbackPrefetch_All.cpp,0x25f,XMVertiScanJob::VCallbackPrefetch_Real_BYes,FUN_180753320,180753320,180753d5c
\Sql\Picasso\engine\src\imbi\query\xmg_vertiscan_CallbackPrefetch_All.cpp,0x27a,XMVertiScanJob::VCallbackPrefetch_Real_BYes,FUN_180753320,180753320,180753d5c
\Sql\Picasso\engine\src\imbi\query\xmg_vertiscan_CallbackPrefetch_All.cpp,0x295,XMVertiScanJob::VCallbackPrefetch_Real_BYes,FUN_180753320,180753320,180753d5c
\Sql\Picasso\engine\src\imbi\query\xmg_vertiscan_CallbackPrefetch_All.cpp,0x2bf,XMVertiScanJob::VCallbackPrefetch_Real_BYes,FUN_180753320,180753320,180753d5c
\Sql\Picasso\engine\src\imbi\query\xmg_vertiscan_CallbackPrefetch_All.cpp,0x34,,FUN_180752570,180752570,18075267a
\Sql\Picasso\engine\src\imbi\query\xmg_vertiscan_CallbackPrefetch_All.cpp,0x65,,FUN_1807526e0,1.81E+06,1807527fe
\Sql\Picasso\engine\src\imbi\query\xmg_vertiscan_CallbackPrefetch_All.cpp,0xa9,,FUN_180752860,180752860,1807532bb
\Sql\Picasso\engine\src\imbi\query\xmg_vertiscan_CallbackPrefetch_All.cpp,0xc4,,FUN_180752860,180752860,1807532bb
\Sql\Picasso\engine\src\imbi\query\xmg_vertiscan_CallbackPrefetch_All.cpp,0xdf,,FUN_180752860,180752860,1807532bb
\Sql\Picasso\engine\src\imbi\query\xmg_vertiscan_CallbackPrefetch_All.cpp,0xfa,,FUN_180752860,180752860,1807532bb
\Sql\Picasso\engine\src\imbi\query\xmg_vertiscan_CallbackPrefetch_All.cpp,0x115,,FUN_180752860,180752860,1807532bb
\Sql\Picasso\engine\src\imbi\query\xmg_vertiscan_CallbackPrefetch_All.cpp,0x130,,FUN_180752860,180752860,1807532bb
\Sql\Picasso\engine\src\imbi\query\xmg_vertiscan_CallbackPrefetch_All.cpp,0x14b,,FUN_180752860,180752860,1807532bb
\Sql\Picasso\engine\src\imbi\query\xmg_vertiscan_CallbackPrefetch_All.cpp,0x166,,FUN_180752860,180752860,1807532bb
\Sql\Picasso\engine\src\imbi\query\xmg_vertiscan_CallbackPrefetch_All.cpp,400,,FUN_180752860,180752860,1807532bb
\Sql\Picasso\engine\src\imbi\query\xmg_vertiscan_CallbackPrefetch_All.cpp,0x1d8,,FUN_180753320,180753320,180753d5c
\Sql\Picasso\engine\src\imbi\query\xmg_vertiscan_CallbackPrefetch_All.cpp,499,,FUN_180753320,180753320,180753d5c
\Sql\Picasso\engine\src\imbi\query\xmg_vertiscan_CallbackPrefetch_All.cpp,0x20e,,FUN_180753320,180753320,180753d5c
\Sql\Picasso\engine\src\imbi\query\xmg_vertiscan_CallbackPrefetch_All.cpp,0x229,,FUN_180753320,180753320,180753d5c
\Sql\Picasso\engine\src\imbi\query\xmg_vertiscan_CallbackPrefetch_All.cpp,0x244,,FUN_180753320,180753320,180753d5c
\Sql\Picasso\engine\src\imbi\query\xmg_vertiscan_CallbackPrefetch_All.cpp,0x25f,,FUN_180753320,180753320,180753d5c
\Sql\Picasso\engine\src\imbi\query\xmg_vertiscan_CallbackPrefetch_All.cpp,0x27a,,FUN_180753320,180753320,180753d5c
\Sql\Picasso\engine\src\imbi\query\xmg_vertiscan_CallbackPrefetch_All.cpp,0x295,,FUN_180753320,180753320,180753d5c
\Sql\Picasso\engine\src\imbi\query\xmg_vertiscan_CallbackPrefetch_All.cpp,0x2bf,,FUN_180753320,180753320,180753d5c
\Sql\Picasso\engine\src\imbi\query\xmg_vertiscan_CallbackPrefetch.cpp,0x49,XMVertiScanJob::VCallbackPrefetch,FUN_1805895b0,1805895b0,18058968d
\Sql\Picasso\engine\src\imbi\query\xmg_vertiscan_CallbackPrefetch.cpp,0x49,,FUN_1805895b0,1805895b0,18058968d
\Sql\Picasso\engine\src\imbi\query\xmg_vertiscan_CastPrefetch.cpp,99,XMVertiScanJob::VCastPrefetch,FUN_180586fa0,180586fa0,18058710e
\Sql\Picasso\engine\src\imbi\query\xmg_vertiscan_CastPrefetch.cpp,99,,FUN_180586fa0,180586fa0,18058710e
\Sql\Picasso\engine\src\imbi\query\xmg_vertiscan_ExtColumnPrefetch.cpp,0x10f,XMVertiScanJob::ExtColPrefetch,FUN_180594410,180594410,180594a20
\Sql\Picasso\engine\src\imbi\query\xmg_vertiscan_ExtColumnPrefetch.cpp,0x10f,,FUN_180594410,180594410,180594a20
\Sql\Picasso\engine\src\imbi\query\xmg_vertiscan_IBuildBitmap.cpp,0x6d7,XMVertiScanJob::IPPBuildBitmap,FUN_18075dc60,18075dc60,180763270
\Sql\Picasso\engine\src\imbi\query\xmg_vertiscan_IBuildBitmap.cpp,0x6d7,,FUN_18075dc60,18075dc60,180763270
\Sql\Picasso\engine\src\imbi\query\xmg_vertiscan_IBuildGB.cpp,0x656,XMVertiScanJob::BuildGroupBy,FUN_1807547c0,1807547c0,180757a9d
\Sql\Picasso\engine\src\imbi\query\xmg_vertiscan_IBuildGB.cpp,0x656,,FUN_1807547c0,1807547c0,180757a9d
\Sql\Picasso\engine\src\imbi\query\xmg_vertiscan_InsertHistogram.cpp,0x2d,XMVertiScanJob::InsertHistogram,FUN_180758890,180758890,1807588cf
\Sql\Picasso\engine\src\imbi\query\xmg_vertiscan_InsertHistogram.cpp,0x2d,,FUN_180758890,180758890,1807588cf
\Sql\Picasso\engine\src\imbi\query\xmg_vertiscan_ISimpleMatch.cpp,0x389,XMVertiScanJob::IPPSimpleMatchCount,FUN_18075b380,18075b380,18075d0c1
\Sql\Picasso\engine\src\imbi\query\xmg_vertiscan_ISimpleMatch.cpp,0x389,,FUN_18075b380,18075b380,18075d0c1
\Sql\Picasso\engine\src\imbi\query\xmg_vertiscan_JoinPrefetch.cpp,0x2de,XMVertiScanJob::VJPrefetch,FUN_1805806e0,1.81E+06,1805815dc
\Sql\Picasso\engine\src\imbi\query\xmg_vertiscan_JoinPrefetch.cpp,0x2de,,FUN_1805806e0,1.81E+06,1805815dc
\Sql\Picasso\engine\src\imbi\query\xmg_vertiscan_PFPrefetch.cpp,0x4e5,XMVertiScanJob::VPFPrefetch,FUN_180583e80,1.81E+85,18058615c
\Sql\Picasso\engine\src\imbi\query\xmg_vertiscan_PFPrefetch.cpp,0x4e5,,FUN_180583e80,1.81E+85,18058615c
\Sql\Picasso\engine\src\imbi\query\xmg_vertiscan_UnaryOpPrefetch.cpp,0x96,XMVertiScanJob::VUnaryOpPrefetch,FUN_180589100,180589100,1805893ed
\Sql\Picasso\engine\src\imbi\query\xmg_vertiscan_UnaryOpPrefetch.cpp,0x96,,FUN_180589100,180589100,1805893ed
\Sql\Picasso\engine\src\imbi\query\xmg_vertiscan_Val_IBuildBitmap.cpp,0x5e,XMVertiScanJob::ValIPPBuildBitmap,FUN_180764ff0,180764ff0,18076525c
\Sql\Picasso\engine\src\imbi\query\xmg_vertiscan_Val_IBuildBitmap.cpp,0x5e,,FUN_180764ff0,180764ff0,18076525c
\Sql\Picasso\engine\src\imbi\query\xmg_vertiscan_Val_ISimpleMatch.cpp,0x41,XMVertiScanJob::ValIPPSimpleMatchCount,FUN_18075dae0,18075dae0,18075dc02
\Sql\Picasso\engine\src\imbi\query\xmg_vertiscan_Val_ISimpleMatch.cpp,0x41,,FUN_18075dae0,18075dae0,18075dc02
\Sql\Picasso\engine\src\imbi\query\xmg_vertiscan_Val_xHPAgg.cpp,0xd6,XMVertiScanJob::ValAggHP,FUN_180765ec0,180765ec0,18076640d
\Sql\Picasso\engine\src\imbi\query\xmg_vertiscan_Val_xHPAgg.cpp,0xd6,,FUN_180765ec0,180765ec0,18076640d
\Sql\Picasso\engine\src\imbi\query\xmg_vertiscan_Val_xIIAgg.cpp,0xab,XMVertiScanJob::ValAggXII,FUN_180777f70,180777f70,18077826f
\Sql\Picasso\engine\src\imbi\query\xmg_vertiscan_Val_xIIAgg.cpp,0xab,,FUN_180777f70,180777f70,18077826f
\Sql\Picasso\engine\src\imbi\query\xmg_vertiscan_Val_xIPAgg.cpp,0xa7,XMVertiScanJob::ValAggXIP,FUN_180766e90,1.81E+95,180767191
\Sql\Picasso\engine\src\imbi\query\xmg_vertiscan_Val_xIPAgg.cpp,0xa7,,FUN_180766e90,1.81E+95,180767191
\Sql\Picasso\engine\src\imbi\query\xmg_vertiscan_Val_xPIAgg.cpp,0xab,XMVertiScanJob::ValAggXPI,FUN_18076f760,18076f760,18076fa5f
\Sql\Picasso\engine\src\imbi\query\xmg_vertiscan_Val_xPIAgg.cpp,0xab,,FUN_18076f760,18076f760,18076fa5f
\Sql\Picasso\engine\src\imbi\query\xmg_vertiscan_xHPAgg.cpp,0x12f,XMVertiScanJob::AggHP,FUN_1807652c0,1807652c0,180765a49
\Sql\Picasso\engine\src\imbi\query\xmg_vertiscan_xHPAgg.cpp,0x12f,,FUN_1807652c0,1807652c0,180765a49
\Sql\Picasso\engine\src\imbi\query\xmg_vertiscan_xIPAgg.cpp,0xe4,XMVertiScanJob::AggXIP,FUN_1807667e0,1.81E+06,180766bfc
\Sql\Picasso\engine\src\imbi\query\xmg_vertiscan_xIPAgg.cpp,0xe4,,FUN_1807667e0,1.81E+06,180766bfc
\Sql\Picasso\engine\src\imbi\query\xmkqueryagg.cpp,0x1c5,XMAggQueryJob::DoesNeedExtraCount,FUN_18053ffa0,18053ffa0,1805400fd
\Sql\Picasso\engine\src\imbi\query\xmkqueryagg.cpp,0xa9c,XMAggQueryJob::DumpToOutput,FUN_1805447f0,1805447f0,180544f6d
\Sql\Picasso\engine\src\imbi\query\xmkqueryagg.cpp,0xada,XMAggQueryJob::DumpToOutput,FUN_1805447f0,1805447f0,180544f6d
\Sql\Picasso\engine\src\imbi\query\xmkqueryagg.cpp,0xaf7,XMAggQueryJob::DumpToOutput,FUN_1805447f0,1805447f0,180544f6d
\Sql\Picasso\engine\src\imbi\query\xmkqueryagg.cpp,0xb0c,XMAggQueryJob::DumpToOutput,FUN_1805447f0,1805447f0,180544f6d
\Sql\Picasso\engine\src\imbi\query\xmkqueryagg.cpp,0xb13,XMAggQueryJob::DumpToOutput,FUN_1805447f0,1805447f0,180544f6d
\Sql\Picasso\engine\src\imbi\query\xmkqueryagg.cpp,0x1dd,XMAggQueryJob::GetDataCacheShape,FUN_18053cc60,18053cc60,18053d777
\Sql\Picasso\engine\src\imbi\query\xmkqueryagg.cpp,0x1eb,XMAggQueryJob::GetDataCacheShape,FUN_18053cc60,18053cc60,18053d777
\Sql\Picasso\engine\src\imbi\query\xmkqueryagg.cpp,0x209,XMAggQueryJob::GetDataCacheShape,FUN_18053cc60,18053cc60,18053d777
\Sql\Picasso\engine\src\imbi\query\xmkqueryagg.cpp,0x298,XMAggQueryJob::GetDataCacheShape,FUN_18053cc60,18053cc60,18053d777
\Sql\Picasso\engine\src\imbi\query\xmkqueryagg.cpp,0x211,XMAggQueryJob::GetDataCacheShape,FUN_18053cc60,18053cc60,18053d777
\Sql\Picasso\engine\src\imbi\query\xmkqueryagg.cpp,0x2a4,XMAggQueryJob::GetDataCacheShape,FUN_18053cc60,18053cc60,18053d777
\Sql\Picasso\engine\src\imbi\query\xmkqueryagg.cpp,0x2a5,XMAggQueryJob::GetDataCacheShape,FUN_18053cc60,18053cc60,18053d777
\Sql\Picasso\engine\src\imbi\query\xmkqueryagg.cpp,0x2a6,XMAggQueryJob::GetDataCacheShape,FUN_18053cc60,18053cc60,18053d777
\Sql\Picasso\engine\src\imbi\query\xmkqueryagg.cpp,0x2a7,XMAggQueryJob::GetDataCacheShape,FUN_18053cc60,18053cc60,18053d777
\Sql\Picasso\engine\src\imbi\query\xmkqueryagg.cpp,0x2a8,XMAggQueryJob::GetDataCacheShape,FUN_18053cc60,18053cc60,18053d777
\Sql\Picasso\engine\src\imbi\query\xmkqueryagg.cpp,0x2a9,XMAggQueryJob::GetDataCacheShape,FUN_18053cc60,18053cc60,18053d777
\Sql\Picasso\engine\src\imbi\query\xmkqueryagg.cpp,0x2aa,XMAggQueryJob::GetDataCacheShape,FUN_18053cc60,18053cc60,18053d777
\Sql\Picasso\engine\src\imbi\query\xmkqueryagg.cpp,0x1ff,XMAggQueryJob::GetDataCacheShape,FUN_18053cc60,18053cc60,18053d777
\Sql\Picasso\engine\src\imbi\query\xmkqueryagg.cpp,0x1f5,XMAggQueryJob::GetDataCacheShape,FUN_18053cc60,18053cc60,18053d777
\Sql\Picasso\engine\src\imbi\query\xmkqueryagg.cpp,0x2ea,XMAggQueryJob::GetMeasureEncoding,FUN_18053d950,18053d950,18053db63
\Sql\Picasso\engine\src\imbi\query\xmkqueryagg.cpp,0x2ef,XMAggQueryJob::GetMeasureEncoding,FUN_18053d950,18053d950,18053db63
\Sql\Picasso\engine\src\imbi\query\xmkqueryagg.cpp,0x32e,XMAggQueryJob::Init,FUN_18053dbf0,18053dbf0,18053df17
\Sql\Picasso\engine\src\imbi\query\xmkqueryagg.cpp,0x332,XMAggQueryJob::Init,FUN_18053dbf0,18053dbf0,18053df17
\Sql\Picasso\engine\src\imbi\query\xmkqueryagg.cpp,0x31c,XMAggQueryJob::Init,FUN_18053dbf0,18053dbf0,18053df17
\Sql\Picasso\engine\src\imbi\query\xmkqueryagg.cpp,0x8e3,XMAggQueryJob::MergeResults,FUN_180543940,180543940,18054406c
\Sql\Picasso\engine\src\imbi\query\xmkqueryagg.cpp,0x8db,XMAggQueryJob::MergeResults,FUN_180543940,180543940,18054406c
\Sql\Picasso\engine\src\imbi\query\xmkqueryagg.cpp,0x943,XMAggQueryJob::MergeResults,FUN_180543940,180543940,18054406c
\Sql\Picasso\engine\src\imbi\query\xmkqueryagg.cpp,0x36b,XMAggQueryJob::Run,FUN_18053e040,1.81E+44,1.81E+172
\Sql\Picasso\engine\src\imbi\query\xmkqueryagg.cpp,0x4f5,XMAggQueryJob::Run_Dispatch,FUN_18053fbe0,18053fbe0,18053fe99
\Sql\Picasso\engine\src\imbi\query\xmkqueryagg.cpp,0x50e,XMAggQueryJob::Run_Dispatch,FUN_18053fbe0,18053fbe0,18053fe99
\Sql\Picasso\engine\src\imbi\query\xmkqueryagg.cpp,0x518,XMAggQueryJob::Run_Dispatch,FUN_18053fbe0,18053fbe0,18053fe99
\Sql\Picasso\engine\src\imbi\query\xmkqueryagg.cpp,0x81c,XMAggQueryJob::Run_Done,FUN_180542a70,180542a70,180542c76
\Sql\Picasso\engine\src\imbi\query\xmkqueryagg.cpp,0x820,XMAggQueryJob::Run_Done,FUN_180542a70,180542a70,180542c76
\Sql\Picasso\engine\src\imbi\query\xmkqueryagg.cpp,0x822,XMAggQueryJob::Run_Done,FUN_180542a70,180542a70,180542c76
\Sql\Picasso\engine\src\imbi\query\xmkqueryagg.cpp,0x824,XMAggQueryJob::Run_Done,FUN_180542a70,180542a70,180542c76
\Sql\Picasso\engine\src\imbi\query\xmkqueryagg.cpp,0x3a2,XMAggQueryJob::Run_Init,FUN_18053e1d0,18053e1d0,18053e75a
\Sql\Picasso\engine\src\imbi\query\xmkqueryagg.cpp,0x3d8,XMAggQueryJob::Run_Init,FUN_18053e1d0,18053e1d0,18053e75a
\Sql\Picasso\engine\src\imbi\query\xmkqueryagg.cpp,0x3f3,XMAggQueryJob::Run_Init,FUN_18053e1d0,18053e1d0,18053e75a
\Sql\Picasso\engine\src\imbi\query\xmkqueryagg.cpp,0x61e,XMAggQueryJob::Run_SecondaryQueriesFinished,FUN_180540ae0,180540ae0,180541a41
\Sql\Picasso\engine\src\imbi\query\xmkqueryagg.cpp,0x62e,XMAggQueryJob::Run_SecondaryQueriesFinished,FUN_180540ae0,180540ae0,180541a41
\Sql\Picasso\engine\src\imbi\query\xmkqueryagg.cpp,0x626,XMAggQueryJob::Run_SecondaryQueriesFinished,FUN_180540ae0,180540ae0,180541a41
\Sql\Picasso\engine\src\imbi\query\xmkqueryagg.cpp,0x690,XMAggQueryJob::Run_SecondaryQueriesFinished,FUN_180540ae0,180540ae0,180541a41
\Sql\Picasso\engine\src\imbi\query\xmkqueryagg.cpp,0x691,XMAggQueryJob::Run_SecondaryQueriesFinished,FUN_180540ae0,180540ae0,180541a41
\Sql\Picasso\engine\src\imbi\query\xmkqueryagg.cpp,0x692,XMAggQueryJob::Run_SecondaryQueriesFinished,FUN_180540ae0,180540ae0,180541a41
\Sql\Picasso\engine\src\imbi\query\xmkqueryagg.cpp,0x6ac,XMAggQueryJob::Run_SecondaryQueriesFinished,FUN_180540ae0,180540ae0,180541a41
\Sql\Picasso\engine\src\imbi\query\xmkqueryagg.cpp,0x6c2,XMAggQueryJob::Run_SecondaryQueriesFinished,FUN_180540ae0,180540ae0,180541a41
\Sql\Picasso\engine\src\imbi\query\xmkqueryagg.cpp,0x415,XMAggQueryJob::Run_SOCoordDispatch,FUN_18053e870,18053e870,18053eba8
\Sql\Picasso\engine\src\imbi\query\xmkqueryagg.cpp,0x43f,XMAggQueryJob::Run_SOCoordFinished,FUN_18053ec10,18053ec10,18053f3d1
\Sql\Picasso\engine\src\imbi\query\xmkqueryagg.cpp,0x460,XMAggQueryJob::Run_SOCoordFinished,FUN_18053ec10,18053ec10,18053f3d1
\Sql\Picasso\engine\src\imbi\query\xmkqueryagg.cpp,0x480,XMAggQueryJob::Run_SOCoordFinished,FUN_18053ec10,18053ec10,18053f3d1
\Sql\Picasso\engine\src\imbi\query\xmkqueryagg.cpp,0x475,XMAggQueryJob::Run_SOCoordFinished,FUN_18053ec10,18053ec10,18053f3d1
\Sql\Picasso\engine\src\imbi\query\xmkqueryagg.cpp,0x5bf,XMAggQueryJob::ScheduleSecondaryRewriteQueryJob,FUN_180540380,180540380,180540869
\Sql\Picasso\engine\src\imbi\query\xmkqueryagg.cpp,0x5ef,XMAggQueryJob::ScheduleSecondaryRewriteQueryJob,FUN_180540380,180540380,180540869
\Sql\Picasso\engine\src\imbi\query\xmkqueryagg.cpp,0x5f2,XMAggQueryJob::ScheduleSecondaryRewriteQueryJob,FUN_180540380,180540380,180540869
\Sql\Picasso\engine\src\imbi\query\xmkqueryagg.cpp,0x5f5,XMAggQueryJob::ScheduleSecondaryRewriteQueryJob,FUN_180540380,180540380,180540869
\Sql\Picasso\engine\src\imbi\query\xmkqueryagg.cpp,0x5f9,XMAggQueryJob::ScheduleSecondaryRewriteQueryJob,FUN_180540380,180540380,180540869
\Sql\Picasso\engine\src\imbi\query\xmkqueryagg.cpp,0x5fc,XMAggQueryJob::ScheduleSecondaryRewriteQueryJob,FUN_180540380,180540380,180540869
\Sql\Picasso\engine\src\imbi\query\xmkqueryagg.cpp,0x5ae,XMAggQueryJob::ScheduleSecondaryRewriteQueryJob,FUN_180540380,180540380,180540869
\Sql\Picasso\engine\src\imbi\query\xmkqueryagg.cpp,0x145,XMBatchAggQueryJob::LastRunJobHasResult,FUN_18053c720,18053c720,18053c7bb
\Sql\Picasso\engine\src\imbi\query\xmkqueryagg.cpp,0x11b,XMBatchAggQueryJob::Run_JobFromBatch,FUN_18053c400,18053c400,18053c6b5
\Sql\Picasso\engine\src\imbi\query\xmkqueryagg.cpp,0xbdb,XMExternalCoordinationQueryJob::Run,FUN_180545500,180545500,18054562a
\Sql\Picasso\engine\src\imbi\query\xmkqueryagg.cpp,0xcf3,XMExternalEndPointQueryJob::Run,FUN_180545f90,180545f90,1805460a2
\Sql\Picasso\engine\src\imbi\query\xmkqueryagg.cpp,0xd2c,XMExternalEndPointQueryJob::Run_RemoteJobFinished,FUN_180546100,180546100,1805464ed
\Sql\Picasso\engine\src\imbi\query\xmkqueryagg.cpp,0xdab,XMExternalEndPointQueryJob::UnmarshallResponse,FUN_180546760,180546760,18054694f
\Sql\Picasso\engine\src\imbi\query\xmkqueryagg.cpp,0xdb2,XMExternalEndPointQueryJob::UnmarshallResponse,FUN_180546760,180546760,18054694f
\Sql\Picasso\engine\src\imbi\query\xmkqueryagg.cpp,0x11b,,FUN_18053c400,18053c400,18053c6b5
\Sql\Picasso\engine\src\imbi\query\xmkqueryagg.cpp,0x145,,FUN_18053c720,18053c720,18053c7bb
\Sql\Picasso\engine\src\imbi\query\xmkqueryagg.cpp,0x32e,,FUN_18053dbf0,18053dbf0,18053df17
\Sql\Picasso\engine\src\imbi\query\xmkqueryagg.cpp,0x1c5,,FUN_18053ffa0,18053ffa0,1805400fd
\Sql\Picasso\engine\src\imbi\query\xmkqueryagg.cpp,0xbdb,,FUN_180545500,180545500,18054562a
\Sql\Picasso\engine\src\imbi\query\xmkqueryagg.cpp,0xcf3,,FUN_180545f90,180545f90,1805460a2
\Sql\Picasso\engine\src\imbi\query\xmkqueryagg.hpp,0xf1,XMBatchAggQueryJob::Run,FUN_180061150,180061150,180061167
\Sql\Picasso\engine\src\imbi\query\xmkqueryagg.hpp,0xf1,,FUN_180061150,180061150,180061167
\Sql\Picasso\engine\src\imbi\query\xmkqueryagg.inl,0x2e9,XMExternalEndPointQueryJob::ConvertSOQueryPlanType,FUN_18053ec10,18053ec10,18053f427
\Sql\Picasso\engine\src\imbi\query\xmkqueryreg.cpp,0xe5,XMQueryRegistry::ClearAllEntriesForSchema,FUN_180560990,180560990,180560b30
\Sql\Picasso\engine\src\imbi\query\xmqtable.cpp,0x102,XMDCColumn::GetLookup,FUN_1805825a0,1805825a0,180582787
\Sql\Picasso\engine\src\imbi\query\xmqtable.cpp,0xa9,XMDCColumn::Init,FUN_180582060,180582060,180582477
\Sql\Picasso\engine\src\imbi\query\xmqtable.cpp,0xaa,XMDCColumn::Init,FUN_180582060,180582060,180582477
\Sql\Picasso\engine\src\imbi\query\xmqtable.cpp,0x120,XMLightDCColumnEnumerator::Init,FUN_180582830,180582830,180582b19
\Sql\Picasso\engine\src\imbi\query\xmqtable.cpp,0x123,XMLightDCColumnEnumerator::Init,FUN_180582830,180582830,180582b19
\Sql\Picasso\engine\src\imbi\query\xmqtable.cpp,0x125,XMLightDCColumnEnumerator::Init,FUN_180582830,180582830,180582b19
\Sql\Picasso\engine\src\imbi\query\xmqtable.cpp,0x155,XMLightDCColumnEnumerator::Prefetch,FUN_180582c30,180582c30,180582ccc
\Sql\Picasso\engine\src\imbi\query\xmqtable.cpp,0x155,,FUN_180582c30,180582c30,180582ccc
\Sql\Picasso\engine\src\imbi\query\xmqtable.hpp,0xc2,XMDCColumn::CreateStorageArtifacts,FUN_180583be0,180583be0,180583be4
\Sql\Picasso\engine\src\imbi\query\xmqtable.hpp,0xae,XMDCColumn::EditableColumnStats,FUN_1805839e0,1.81E+06,1.81E+10
\Sql\Picasso\engine\src\imbi\query\xmqtable.hpp,0xc6,XMDCColumn::ForceFlushColumnData,FUN_180583d60,180583d60,180583d64
\Sql\Picasso\engine\src\imbi\query\xmqtable.hpp,0xb2,XMDCColumn::GetEnumerator,FUN_180583a40,180583a40,180583a44
\Sql\Picasso\engine\src\imbi\query\xmqtable.hpp,0xb3,XMDCColumn::GetIterator,FUN_180583aa0,180583aa0,180583aa4
\Sql\Picasso\engine\src\imbi\query\xmqtable.hpp,0xcb,XMDCColumn::Metrics,FUN_180583b10,180583b10,180583b25
\Sql\Picasso\engine\src\imbi\query\xmqtable.hpp,0xc5,XMDCColumn::PersistColumnData,FUN_180583d00,180583d00,180583d04
\Sql\Picasso\engine\src\imbi\query\xmqtable.hpp,199,XMDCColumn::PropagateStatesForTMUpgrade,FUN_180583dc0,180583dc0,180583dc4
\Sql\Picasso\engine\src\imbi\query\xmqtable.hpp,0xc1,XMDCColumn::SegmentCount,FUN_180583b80,180583b80,180583b84
\Sql\Picasso\engine\src\imbi\query\xmqtable.hpp,200,XMDCColumn::SetSkipDataFilesPersistence,FUN_180583e20,1.81E+25,1.81E+29
\Sql\Picasso\engine\src\imbi\query\xmqtable.hpp,0xc3,XMDCColumn::SynchronizeColumnStorage,FUN_180583c40,180583c40,180583c44
\Sql\Picasso\engine\src\imbi\query\xmqtable.hpp,0xc4,XMDCColumn::SynchronizeColumnStorageForTMUpgrade,FUN_180583ca0,180583ca0,180583ca4
\Sql\Picasso\engine\src\imbi\query\xmqtable.hpp,0x70,XMDCTable::CreateStorageArtifactsForTMUpgradeTable,FUN_18054a940,18054a940,18054a944
\Sql\Picasso\engine\src\imbi\query\xmqtable.hpp,0x74,XMDCTable::ForceFlushTableData,FUN_18054aac0,18054aac0,18054aac4
\Sql\Picasso\engine\src\imbi\query\xmqtable.hpp,0x73,XMDCTable::PersistTableData,FUN_18054aa60,18054aa60,18054aa64
\Sql\Picasso\engine\src\imbi\query\xmqtable.hpp,0x75,XMDCTable::PropagateStatesForTMUpgrade,FUN_18054ab20,18054ab20,18054ab24
\Sql\Picasso\engine\src\imbi\query\xmqtable.hpp,0x76,XMDCTable::SetTMIDForTracing,FUN_18054ab80,18054ab80,18054ab84
\Sql\Picasso\engine\src\imbi\query\xmqtable.hpp,0x72,XMDCTable::SynchronizeTableStorage,FUN_18054aa00,18054aa00,18054aa04
\Sql\Picasso\engine\src\imbi\query\xmqtable.hpp,0x71,XMDCTable::SynchronizeTableStorageForTMUpgrade,FUN_18054a9a0,18054a9a0,18054a9a4
\Sql\Picasso\engine\src\imbi\query\xmqtable.hpp,0x77,XMDCTable::TMIDForTracing,FUN_18054abe0,18054abe0,18054abf5
\Sql\Picasso\engine\src\imbi\query\xmqtable.hpp,0x13d,XMVSSyntheticColumn::CreateStorageArtifacts,FUN_18052f710,18052f710,18052f714
\Sql\Picasso\engine\src\imbi\query\xmqtable.hpp,0x129,XMVSSyntheticColumn::EditableColumnStats,FUN_18052f490,18052f490,18052f494
\Sql\Picasso\engine\src\imbi\query\xmqtable.hpp,0x141,XMVSSyntheticColumn::ForceFlushColumnData,FUN_18052f890,18052f890,18052f894
\Sql\Picasso\engine\src\imbi\query\xmqtable.hpp,0x12d,XMVSSyntheticColumn::GetEnumerator,FUN_18052f550,18052f550,18052f554
\Sql\Picasso\engine\src\imbi\query\xmqtable.hpp,0x12e,XMVSSyntheticColumn::GetIterator,FUN_18052f5b0,18052f5b0,18052f5b4
\Sql\Picasso\engine\src\imbi\query\xmqtable.hpp,300,XMVSSyntheticColumn::GetLookup,FUN_18052f4f0,18052f4f0,18052f4f4
\Sql\Picasso\engine\src\imbi\query\xmqtable.hpp,0x146,XMVSSyntheticColumn::Metrics,FUN_18052f640,18052f640,18052f655
\Sql\Picasso\engine\src\imbi\query\xmqtable.hpp,0x140,XMVSSyntheticColumn::PersistColumnData,FUN_18052f830,18052f830,18052f834
\Sql\Picasso\engine\src\imbi\query\xmqtable.hpp,0x142,XMVSSyntheticColumn::PropagateStatesForTMUpgrade,FUN_18052f8f0,18052f8f0,18052f8f4
\Sql\Picasso\engine\src\imbi\query\xmqtable.hpp,0x13c,XMVSSyntheticColumn::SegmentCount,FUN_18052f6b0,18052f6b0,18052f6b4
\Sql\Picasso\engine\src\imbi\query\xmqtable.hpp,0x143,XMVSSyntheticColumn::SetSkipDataFilesPersistence,FUN_18052f950,18052f950,18052f954
\Sql\Picasso\engine\src\imbi\query\xmqtable.hpp,0x13f,XMVSSyntheticColumn::SynchronizeColumnStorage,FUN_18052f770,18052f770,18052f774
\Sql\Picasso\engine\src\imbi\query\xmqtable.hpp,0x13e,XMVSSyntheticColumn::SynchronizeColumnStorageForTMUpgrade,FUN_18052f7d0,18052f7d0,18052f7d4
\Sql\Picasso\engine\src\imbi\query\xmqtable.hpp,0x129,,FUN_18052f490,18052f490,18052f494
\Sql\Picasso\engine\src\imbi\query\xmqtable.hpp,300,,FUN_18052f4f0,18052f4f0,18052f4f4
\Sql\Picasso\engine\src\imbi\query\xmqtable.hpp,0x12d,,FUN_18052f550,18052f550,18052f554
\Sql\Picasso\engine\src\imbi\query\xmqtable.hpp,0x12e,,FUN_18052f5b0,18052f5b0,18052f5b4
\Sql\Picasso\engine\src\imbi\query\xmqtable.hpp,0x146,,FUN_18052f640,18052f640,18052f655
\Sql\Picasso\engine\src\imbi\query\xmqtable.hpp,0x13c,,FUN_18052f6b0,18052f6b0,18052f6b4
\Sql\Picasso\engine\src\imbi\query\xmqtable.hpp,0x13d,,FUN_18052f710,18052f710,18052f714
\Sql\Picasso\engine\src\imbi\query\xmqtable.hpp,0x13f,,FUN_18052f770,18052f770,18052f774
\Sql\Picasso\engine\src\imbi\query\xmqtable.hpp,0x13e,,FUN_18052f7d0,18052f7d0,18052f7d4
\Sql\Picasso\engine\src\imbi\query\xmqtable.hpp,0x140,,FUN_18052f830,18052f830,18052f834
\Sql\Picasso\engine\src\imbi\query\xmqtable.hpp,0x141,,FUN_18052f890,18052f890,18052f894
\Sql\Picasso\engine\src\imbi\query\xmqtable.hpp,0x142,,FUN_18052f8f0,18052f8f0,18052f8f4
\Sql\Picasso\engine\src\imbi\query\xmqtable.hpp,0x143,,FUN_18052f950,18052f950,18052f954
\Sql\Picasso\engine\src\imbi\query\xmqtable.hpp,0x70,,FUN_18054a940,18054a940,18054a944
\Sql\Picasso\engine\src\imbi\query\xmqtable.hpp,0x71,,FUN_18054a9a0,18054a9a0,18054a9a4
\Sql\Picasso\engine\src\imbi\query\xmqtable.hpp,0x72,,FUN_18054aa00,18054aa00,18054aa04
\Sql\Picasso\engine\src\imbi\query\xmqtable.hpp,0x73,,FUN_18054aa60,18054aa60,18054aa64
\Sql\Picasso\engine\src\imbi\query\xmqtable.hpp,0x74,,FUN_18054aac0,18054aac0,18054aac4
\Sql\Picasso\engine\src\imbi\query\xmqtable.hpp,0x75,,FUN_18054ab20,18054ab20,18054ab24
\Sql\Picasso\engine\src\imbi\query\xmqtable.hpp,0x76,,FUN_18054ab80,18054ab80,18054ab84
\Sql\Picasso\engine\src\imbi\query\xmqtable.hpp,0x77,,FUN_18054abe0,18054abe0,18054abf5
\Sql\Picasso\engine\src\imbi\query\xmqtable.hpp,0xae,,FUN_1805839e0,1.81E+06,1.81E+10
\Sql\Picasso\engine\src\imbi\query\xmqtable.hpp,0xb2,,FUN_180583a40,180583a40,180583a44
\Sql\Picasso\engine\src\imbi\query\xmqtable.hpp,0xb3,,FUN_180583aa0,180583aa0,180583aa4
\Sql\Picasso\engine\src\imbi\query\xmqtable.hpp,0xcb,,FUN_180583b10,180583b10,180583b25
\Sql\Picasso\engine\src\imbi\query\xmqtable.hpp,0xc1,,FUN_180583b80,180583b80,180583b84
\Sql\Picasso\engine\src\imbi\query\xmqtable.hpp,0xc2,,FUN_180583be0,180583be0,180583be4
\Sql\Picasso\engine\src\imbi\query\xmqtable.hpp,0xc3,,FUN_180583c40,180583c40,180583c44
\Sql\Picasso\engine\src\imbi\query\xmqtable.hpp,0xc4,,FUN_180583ca0,180583ca0,180583ca4
\Sql\Picasso\engine\src\imbi\query\xmqtable.hpp,0xc5,,FUN_180583d00,180583d00,180583d04
\Sql\Picasso\engine\src\imbi\query\xmqtable.hpp,0xc6,,FUN_180583d60,180583d60,180583d64
\Sql\Picasso\engine\src\imbi\query\xmqtable.hpp,199,,FUN_180583dc0,180583dc0,180583dc4
\Sql\Picasso\engine\src\imbi\query\xmqtable.hpp,200,,FUN_180583e20,1.81E+25,1.81E+29
\Sql\Picasso\engine\src\imbi\query\xmqtable.inl,0xaf,XMLightDCColumnEnumerator::Prefetch,FUN_180582ef0,180582ef0,180583183
\Sql\Picasso\engine\src\imbi\query\xmqtable.inl,0xaf,XMLightDCColumnEnumerator::Prefetch,FUN_1805831e0,1.81E+06,180583476
\Sql\Picasso\engine\src\imbi\query\xmqtable.inl,0xaf,XMLightDCColumnEnumerator::Prefetch,FUN_1805834e0,1.81E+06,180583773
\Sql\Picasso\engine\src\imbi\query\xmqtable.inl,0xaf,,FUN_180582ef0,180582ef0,180583183
\Sql\Picasso\engine\src\imbi\query\xmqtable.inl,0xaf,,FUN_1805831e0,1.81E+06,180583476
\Sql\Picasso\engine\src\imbi\query\xmqtable.inl,0xaf,,FUN_1805834e0,1.81E+06,180583773
\Sql\Picasso\engine\src\imbi\query\xmsdqueryjob.cpp,0x51,XMSelectDistinctQueryJob::Init,FUN_180019220,180019220,18001a45a
\Sql\Picasso\engine\src\imbi\query\xmsdqueryjob.cpp,0x78,XMSelectDistinctQueryJob::Run,FUN_18054ae60,18054ae60,18054ae85
\Sql\Picasso\engine\src\imbi\query\xmsdqueryjob.cpp,0xa8,XMSelectDistinctQueryJob::Run_ReturnQKSelectedDistinct,FUN_18054aef0,18054aef0,18054bb8c
\Sql\Picasso\engine\src\imbi\query\xmsdqueryjob.cpp,0xaf,XMSelectDistinctQueryJob::Run_ReturnQKSelectedDistinct,FUN_18054aef0,18054aef0,18054bb8c
\Sql\Picasso\engine\src\imbi\query\xmsdqueryjob.cpp,0xb1,XMSelectDistinctQueryJob::Run_ReturnQKSelectedDistinct,FUN_18054aef0,18054aef0,18054bb8c
\Sql\Picasso\engine\src\imbi\query\xmsdqueryjob.cpp,0xb6,XMSelectDistinctQueryJob::Run_ReturnQKSelectedDistinct,FUN_18054aef0,18054aef0,18054bb8c
\Sql\Picasso\engine\src\imbi\query\xmsdqueryjob.cpp,0xbb,XMSelectDistinctQueryJob::Run_ReturnQKSelectedDistinct,FUN_18054aef0,18054aef0,18054bb8c
\Sql\Picasso\engine\src\imbi\query\xmsdqueryjob.cpp,0xc2,XMSelectDistinctQueryJob::Run_ReturnQKSelectedDistinct,FUN_18054aef0,18054aef0,18054bb8c
\Sql\Picasso\engine\src\imbi\query\xmsdqueryjob.cpp,0xa9,XMSelectDistinctQueryJob::Run_ReturnQKSelectedDistinct,FUN_18054aef0,18054aef0,18054bb8c
\Sql\Picasso\engine\src\imbi\query\xmsdqueryjob.cpp,0xae,XMSelectDistinctQueryJob::Run_ReturnQKSelectedDistinct,FUN_18054aef0,18054aef0,18054bb8c
\Sql\Picasso\engine\src\imbi\query\xmsdqueryjob.cpp,0x2bd,XMSelectDistinctRowset::GetColumnInfo,FUN_18054c840,18054c840,18054c85a
\Sql\Picasso\engine\src\imbi\query\xmsdqueryjob.cpp,0x243,XMSelectDistinctRowset::Init,FUN_18054c4f0,18054c4f0,18054c6de
\Sql\Picasso\engine\src\imbi\query\xmsdqueryjob.cpp,0x78,,FUN_18054ae60,18054ae60,18054ae85
\Sql\Picasso\engine\src\imbi\query\xmsdqueryjob.cpp,0x2bd,,FUN_18054c840,18054c840,18054c85a
\Sql\Picasso\engine\src\imbi\query\xmtwdatacache.cpp,0x8a7,PFQSortDataManipRes::Compare,FUN_18055cd20,18055cd20,18055cd24
\Sql\Picasso\engine\src\imbi\query\xmtwdatacache.cpp,0xcb,XMFastWindowDataCache::InitDC,FUN_18055a850,18055a850,18055acaf
\Sql\Picasso\engine\src\imbi\query\xmtwdatacache.cpp,0x57e,XMFastWindowDataCache::ProjectVertiScannedBucket,FUN_18055b630,18055b630,18055bb6b
\Sql\Picasso\engine\src\imbi\query\xmtwdatacache.cpp,0x4ee,XMFastWindowDataCache::ReBuildTransientOrderByLookup,FUN_18055b440,18055b440,18055b57a
\Sql\Picasso\engine\src\imbi\query\xmtwdatacache.cpp,0x7c4,XMFastWindowDataCache::RecordsToKeepFromLowerBuffers,FUN_18055ce80,18055ce80,18055dde8
\Sql\Picasso\engine\src\imbi\query\xmtwdatacache.cpp,0x7a9,XMFastWindowDataCache::RecordsToKeepFromMiddleBuffers,FUN_18055c960,18055c960,18055ca6a
\Sql\Picasso\engine\src\imbi\query\xmtwdatacache.cpp,0x765,XMFastWindowDataCache::RecordsToKeepFromUpperBuffers,FUN_18055ce80,18055ce80,18055dde8
\Sql\Picasso\engine\src\imbi\query\xmtwdatacache.cpp,0x786,XMFastWindowDataCache::RecordsToSkipFromMiddleBuffers,FUN_18055c760,18055c760,18055c8e4
\Sql\Picasso\engine\src\imbi\query\xmtwdatacache.cpp,0x891,XMIQueryColumn::InitColumnInfoFromColumn,FUN_18055cc00,18055cc00,18055ccc2
\Sql\Picasso\engine\src\imbi\query\xmtwdatacache.cpp,0x6e,XMWindowingBuffer::Init,FUN_18055a6b0,18055a6b0,18055a73a
\Sql\Picasso\engine\src\imbi\query\xmtwdatacache.cpp,0x6d,XMWindowingBuffer::Init,FUN_18055a6b0,18055a6b0,18055a73a
\Sql\Picasso\engine\src\imbi\query\xmtwdatacache.cpp,0x6c,XMWindowingBuffer::Init,FUN_18055a6b0,18055a6b0,18055a73a
\Sql\Picasso\engine\src\imbi\query\xmtwdatacache.cpp,0x946,XMWindowingIterator::Init,FUN_18055ce80,18055ce80,18055dde8
\Sql\Picasso\engine\src\imbi\query\xmtwdatacache.cpp,0x99b,XMWindowingIterator::Init,FUN_18055ce80,18055ce80,18055dde8
\Sql\Picasso\engine\src\imbi\query\xmtwdatacache.cpp,0x99c,XMWindowingIterator::Init,FUN_18055ce80,18055ce80,18055dde8
\Sql\Picasso\engine\src\imbi\query\xmtwdatacache.cpp,0x99f,XMWindowingIterator::Init,FUN_18055ce80,18055ce80,18055dde8
\Sql\Picasso\engine\src\imbi\query\xmtwdatacache.cpp,0x9a0,XMWindowingIterator::Init,FUN_18055ce80,18055ce80,18055dde8
\Sql\Picasso\engine\src\imbi\query\xmtwdatacache.cpp,0x9a1,XMWindowingIterator::Init,FUN_18055ce80,18055ce80,18055dde8
\Sql\Picasso\engine\src\imbi\query\xmtwdatacache.cpp,0x900,XMWindowingIterator::Init,FUN_18055ce80,18055ce80,18055dde8
\Sql\Picasso\engine\src\imbi\query\xmtwdatacache.cpp,0x963,XMWindowingIterator::Init,FUN_18055ce80,18055ce80,18055dde8
\Sql\Picasso\engine\src\imbi\query\xmtwdatacache.cpp,0x921,XMWindowingIterator::Init,FUN_18055ce80,18055ce80,18055dde8
\Sql\Picasso\engine\src\imbi\query\xmtwdatacache.cpp,0xcb,,FUN_18055a850,18055a850,18055acaf
\Sql\Picasso\engine\src\imbi\query\xmtwdatacache.cpp,0x4ee,,FUN_18055b440,18055b440,18055b57a
\Sql\Picasso\engine\src\imbi\query\xmtwdatacache.cpp,0x57e,,FUN_18055b630,18055b630,18055bb6b
\Sql\Picasso\engine\src\imbi\query\xmtwdatacache.cpp,0x786,,FUN_18055c760,18055c760,18055c8e4
\Sql\Picasso\engine\src\imbi\query\xmtwdatacache.cpp,0x7a9,,FUN_18055c960,18055c960,18055ca6a
\Sql\Picasso\engine\src\imbi\query\xmtwdatacache.cpp,0x891,,FUN_18055cc00,18055cc00,18055ccc2
\Sql\Picasso\engine\src\imbi\query\xmtwdatacache.cpp,0x8a7,,FUN_18055cd20,18055cd20,18055cd24
\Sql\Picasso\engine\src\imbi\query\xmtwdatacache.inl,0x48,XMWindowingBuffer::RecordsCount,FUN_18055eb60,18055eb60,18055eba2
\Sql\Picasso\engine\src\imbi\query\xmtwdatacache.inl,0xd0,XMWindowingBuffer::TryToInsertNV,FUN_18055b630,18055b630,18055bb15
\Sql\Picasso\engine\src\imbi\query\xmtwdatacache.inl,0xd0,XMWindowingBuffer::TryToInsertNV,FUN_18055bbd0,18055bbd0,18055c03d
\Sql\Picasso\engine\src\imbi\query\xmtwdatacache.inl,0xd0,XMWindowingBuffer::TryToInsertNV,FUN_18055c0a0,18055c0a0,18055c2b0
\Sql\Picasso\engine\src\imbi\query\xmtwdatacache.inl,0xd0,XMWindowingBuffer::TryToInsertNV,FUN_18055c310,18055c310,18055c6fb
\Sql\Picasso\engine\src\imbi\query\xmtwdatacache.inl,0xd0,,FUN_18055b630,18055b630,18055bb15
\Sql\Picasso\engine\src\imbi\query\xmtwdatacache.inl,0xd0,,FUN_18055bbd0,18055bbd0,18055c03d
\Sql\Picasso\engine\src\imbi\query\xmtwdatacache.inl,0xd0,,FUN_18055c0a0,18055c0a0,18055c2b0
\Sql\Picasso\engine\src\imbi\query\xmtwdatacache.inl,0xd0,,FUN_18055c310,18055c310,18055c6fb
\Sql\Picasso\engine\src\imbi\query\xmtwdatacache.inl,0x48,,FUN_18055eb60,18055eb60,18055eba2
\Sql\Picasso\engine\src\imbi\query\xmtwdiscretization.cpp,0x1fa,XMDiscretizationColumn::ConvertToGroupID,FUN_18057fb70,18057fb70,18057fbd1
\Sql\Picasso\engine\src\imbi\query\xmtwdiscretization.cpp,0x71,XMDiscretizationColumn::GetLightEnumerator,FUN_180507f50,180507f50,1805083bb
\Sql\Picasso\engine\src\imbi\query\xmtwdiscretization.cpp,0x2b,XMDiscretizationColumn::InitDiscretizationByOrder,FUN_18057f1e0,18057f1e0,18057f48e
\Sql\Picasso\engine\src\imbi\query\xmtwdiscretization.cpp,0x2c,XMDiscretizationColumn::InitDiscretizationByOrder,FUN_18057f1e0,18057f1e0,18057f48e
\Sql\Picasso\engine\src\imbi\query\xmtwdiscretization.cpp,0xad,XMDiscretizationColumn::PersistColumnData,FUN_18057f8e0,18057f8e0,18057f8e4
\Sql\Picasso\engine\src\imbi\query\xmtwdiscretization.cpp,0xb6,XMDiscretizationColumn::PropagateStatesForTMUpgrade,FUN_18057f940,18057f940,18057f944
\Sql\Picasso\engine\src\imbi\query\xmtwdiscretization.cpp,0xa4,XMDiscretizationColumn::SetSkipDataFilesPersistence,FUN_18057f880,18057f880,18057f884
\Sql\Picasso\engine\src\imbi\query\xmtwdiscretization.cpp,0x90,XMDiscretizationColumn::SynchronizeColumnStorage,FUN_18057f7c0,18057f7c0,18057f7c4
\Sql\Picasso\engine\src\imbi\query\xmtwdiscretization.cpp,0x9a,XMDiscretizationColumn::SynchronizeColumnStorageForTMUpgrade,FUN_18057f820,18057f820,18057f824
\Sql\Picasso\engine\src\imbi\query\xmtwdiscretization.cpp,0x277,XMLightDiscretizationEnumerator::Prefetch,FUN_18057fcd0,18057fcd0,18057fcd4
\Sql\Picasso\engine\src\imbi\query\xmtwdiscretization.cpp,0x2b,,FUN_18057f1e0,18057f1e0,18057f48e
\Sql\Picasso\engine\src\imbi\query\xmtwdiscretization.cpp,0x90,,FUN_18057f7c0,18057f7c0,18057f7c4
\Sql\Picasso\engine\src\imbi\query\xmtwdiscretization.cpp,0x9a,,FUN_18057f820,18057f820,18057f824
\Sql\Picasso\engine\src\imbi\query\xmtwdiscretization.cpp,0xa4,,FUN_18057f880,18057f880,18057f884
\Sql\Picasso\engine\src\imbi\query\xmtwdiscretization.cpp,0xad,,FUN_18057f8e0,18057f8e0,18057f8e4
\Sql\Picasso\engine\src\imbi\query\xmtwdiscretization.cpp,0xb6,,FUN_18057f940,18057f940,18057f944
\Sql\Picasso\engine\src\imbi\query\xmtwdiscretization.cpp,0x1fa,,FUN_18057fb70,18057fb70,18057fbd1
\Sql\Picasso\engine\src\imbi\query\xmtwdiscretization.hpp,0x6e,XMDiscretizationColumn::CreateStorageArtifacts,FUN_180550db0,180550db0,180550db4
\Sql\Picasso\engine\src\imbi\query\xmtwdiscretization.hpp,99,XMDiscretizationColumn::EditableColumnStats,FUN_180550b90,180550b90,180550b94
\Sql\Picasso\engine\src\imbi\query\xmtwdiscretization.hpp,0x73,XMDiscretizationColumn::ForceFlushColumnData,FUN_180550e10,1.81E+15,1.81E+19
\Sql\Picasso\engine\src\imbi\query\xmtwdiscretization.hpp,0x79,XMDiscretizationColumn::Metrics,FUN_180550ce0,180550ce0,180550cf5
\Sql\Picasso\engine\src\imbi\query\xmtwdiscretization.hpp,0x6c,XMDiscretizationColumn::SegmentCount,FUN_180550d50,180550d50,180550d54
\Sql\Picasso\engine\src\imbi\query\xmtwdiscretization.hpp,99,,FUN_180550b90,180550b90,180550b94
\Sql\Picasso\engine\src\imbi\query\xmtwdiscretization.hpp,0x79,,FUN_180550ce0,180550ce0,180550cf5
\Sql\Picasso\engine\src\imbi\query\xmtwdiscretization.hpp,0x6c,,FUN_180550d50,180550d50,180550d54
\Sql\Picasso\engine\src\imbi\query\xmtwdiscretization.hpp,0x6e,,FUN_180550db0,180550db0,180550db4
\Sql\Picasso\engine\src\imbi\query\xmtwdiscretization.hpp,0x73,,FUN_180550e10,1.81E+15,1.81E+19
\Sql\Picasso\engine\src\imbi\query\xmtwhistogram.cpp,0x30,XMHistogram::Init,FUN_1805951a0,1805951a0,1805952df
\Sql\Picasso\engine\src\imbi\query\xmtwhistogram.cpp,0x31,XMHistogram::Init,FUN_1805951a0,1805951a0,1805952df
\Sql\Picasso\engine\src\imbi\query\xmtwhistogram.cpp,0x30,,FUN_1805951a0,1805951a0,1805952df
\Sql\Picasso\engine\src\imbi\query\xmtwhistogram.cpp,0x31,,FUN_1805951a0,1805951a0,1805952df
\Sql\Picasso\engine\src\imbi\query\xmtwqueryjobs.cpp,0x117,XMTableWindowingQueryJob::ChooseDiscretization,FUN_18054dbc0,18054dbc0,18054dead
\Sql\Picasso\engine\src\imbi\query\xmtwqueryjobs.cpp,0x116,XMTableWindowingQueryJob::ChooseDiscretization,FUN_18054dbc0,18054dbc0,18054dead
\Sql\Picasso\engine\src\imbi\query\xmtwqueryjobs.cpp,0x2af,XMTableWindowingQueryJob::ConstructHistogramFromDataCaches,FUN_18054e760,18054e760,18054eed0
\Sql\Picasso\engine\src\imbi\query\xmtwqueryjobs.cpp,0x2b4,XMTableWindowingQueryJob::ConstructHistogramFromDataCaches,FUN_18054e760,18054e760,18054eed0
\Sql\Picasso\engine\src\imbi\query\xmtwqueryjobs.cpp,0x2b5,XMTableWindowingQueryJob::ConstructHistogramFromDataCaches,FUN_18054e760,18054e760,18054eed0
\Sql\Picasso\engine\src\imbi\query\xmtwqueryjobs.cpp,0x2b6,XMTableWindowingQueryJob::ConstructHistogramFromDataCaches,FUN_18054e760,18054e760,18054eed0
\Sql\Picasso\engine\src\imbi\query\xmtwqueryjobs.cpp,699,XMTableWindowingQueryJob::ConstructHistogramFromDataCaches,FUN_18054e760,18054e760,18054eed0
\Sql\Picasso\engine\src\imbi\query\xmtwqueryjobs.cpp,0x2dd,XMTableWindowingQueryJob::ConstructHistogramFromDataCaches,FUN_18054e760,18054e760,18054eed0
\Sql\Picasso\engine\src\imbi\query\xmtwqueryjobs.cpp,0x2ea,XMTableWindowingQueryJob::ConstructHistogramFromDataCaches,FUN_18054e760,18054e760,18054eed0
\Sql\Picasso\engine\src\imbi\query\xmtwqueryjobs.cpp,0x2ae,XMTableWindowingQueryJob::ConstructHistogramFromDataCaches,FUN_18054e760,18054e760,18054eed0
\Sql\Picasso\engine\src\imbi\query\xmtwqueryjobs.cpp,0x208,XMTableWindowingQueryJob::CreateDiscretizationColumn,FUN_18054dbc0,18054dbc0,18054dead
\Sql\Picasso\engine\src\imbi\query\xmtwqueryjobs.cpp,0x31,XMTableWindowingQueryJob::Init,FUN_18054d720,18054d720,18054d870
\Sql\Picasso\engine\src\imbi\query\xmtwqueryjobs.cpp,0x23a,XMTableWindowingQueryJob::QueryForCountOfEachGroupID,FUN_18054dfc0,18054dfc0,18054e6b3
\Sql\Picasso\engine\src\imbi\query\xmtwqueryjobs.cpp,0x241,XMTableWindowingQueryJob::QueryForCountOfEachGroupID,FUN_18054dfc0,18054dfc0,18054e6b3
\Sql\Picasso\engine\src\imbi\query\xmtwqueryjobs.cpp,0x3b4,XMTableWindowingQueryJob::QueryForSelectedWindow,FUN_18054f030,18054f030,18054fef1
\Sql\Picasso\engine\src\imbi\query\xmtwqueryjobs.cpp,0x472,XMTableWindowingQueryJob::QueryForSelectedWindow,FUN_18054f030,18054f030,18054fef1
\Sql\Picasso\engine\src\imbi\query\xmtwqueryjobs.cpp,0x3d8,XMTableWindowingQueryJob::QueryForSelectedWindow,FUN_18054f030,18054f030,18054fef1
\Sql\Picasso\engine\src\imbi\query\xmtwqueryjobs.cpp,0x3c5,XMTableWindowingQueryJob::QueryForSelectedWindow,FUN_18054f030,18054f030,18054fef1
\Sql\Picasso\engine\src\imbi\query\xmtwqueryjobs.cpp,0x66,XMTableWindowingQueryJob::Run,FUN_18054d8d0,18054d8d0,18054d9a9
\Sql\Picasso\engine\src\imbi\query\xmtwqueryjobs.cpp,0x208,,FUN_18054dbc0,18054dbc0,18054dead
\Sql\Picasso\engine\src\imbi\query\xmtwquerytest.cxx,0x77,XMQueryFileReader::Init,FUN_180552c50,180552c50,180553937
\Sql\Picasso\engine\src\imbi\query\xmtwquerytest.cxx,0xa2,XMQueryFileReader::ReadRowsetHeader,FUN_180551140,180551140,18055134f
\Sql\Picasso\engine\src\imbi\query\xmtwquerytest.cxx,0xa8,XMQueryFileReader::ReadRowsetHeader,FUN_180551140,180551140,18055134f
\Sql\Picasso\engine\src\imbi\query\xmtwquerytest.cxx,0xb4,XMQueryFileReader::ReadRowsetHeader,FUN_180551140,180551140,18055134f
\Sql\Picasso\engine\src\imbi\query\xmtwquerytest.cxx,0x279,XMTableWidgetQueryTest::BasicQueryTest,FUN_180553a10,180553a10,180553f29
\Sql\Picasso\engine\src\imbi\query\xmtwquerytest.cxx,0x27b,XMTableWidgetQueryTest::BasicQueryTest,FUN_180553a10,180553a10,180553f29
\Sql\Picasso\engine\src\imbi\query\xmtwquerytest.cxx,0x27e,XMTableWidgetQueryTest::BasicQueryTest,FUN_180553a10,180553a10,180553f29
\Sql\Picasso\engine\src\imbi\query\xmtwquerytest.cxx,0x280,XMTableWidgetQueryTest::BasicQueryTest,FUN_180553a10,180553a10,180553f29
\Sql\Picasso\engine\src\imbi\query\xmtwquerytest.cxx,0x282,XMTableWidgetQueryTest::BasicQueryTest,FUN_180553a10,180553a10,180553f29
\Sql\Picasso\engine\src\imbi\query\xmtwquerytest.cxx,0x284,XMTableWidgetQueryTest::BasicQueryTest,FUN_180553a10,180553a10,180553f29
\Sql\Picasso\engine\src\imbi\query\xmtwquerytest.cxx,0x287,XMTableWidgetQueryTest::BasicQueryTest,FUN_180553a10,180553a10,180553f29
\Sql\Picasso\engine\src\imbi\query\xmtwquerytest.cxx,0x288,XMTableWidgetQueryTest::BasicQueryTest,FUN_180553a10,180553a10,180553f29
\Sql\Picasso\engine\src\imbi\query\xmtwquerytest.cxx,0x28f,XMTableWidgetQueryTest::BasicQueryTest,FUN_180553a10,180553a10,180553f29
\Sql\Picasso\engine\src\imbi\query\xmtwquerytest.cxx,0x290,XMTableWidgetQueryTest::BasicQueryTest,FUN_180553a10,180553a10,180553f29
\Sql\Picasso\engine\src\imbi\query\xmtwquerytest.cxx,0x291,XMTableWidgetQueryTest::BasicQueryTest,FUN_180553a10,180553a10,180553f29
\Sql\Picasso\engine\src\imbi\query\xmtwquerytest.cxx,0x296,XMTableWidgetQueryTest::BasicQueryTest,FUN_180553a10,180553a10,180553f29
\Sql\Picasso\engine\src\imbi\query\xmtwquerytest.cxx,0x297,XMTableWidgetQueryTest::BasicQueryTest,FUN_180553a10,180553a10,180553f29
\Sql\Picasso\engine\src\imbi\query\xmtwquerytest.cxx,0x298,XMTableWidgetQueryTest::BasicQueryTest,FUN_180553a10,180553a10,180553f29
\Sql\Picasso\engine\src\imbi\query\xmtwquerytest.cxx,0x299,XMTableWidgetQueryTest::BasicQueryTest,FUN_180553a10,180553a10,180553f29
\Sql\Picasso\engine\src\imbi\query\xmtwquerytest.cxx,0x29a,XMTableWidgetQueryTest::BasicQueryTest,FUN_180553a10,180553a10,180553f29
\Sql\Picasso\engine\src\imbi\query\xmtwquerytest.cxx,0x46d,XMTableWidgetQueryTest::CheckCachedHistogram,FUN_180556440,180556440,1805564c8
\Sql\Picasso\engine\src\imbi\query\xmtwquerytest.cxx,0x46d,XMTableWidgetQueryTest::CheckCachedHistogram,FUN_180556520,180556520,180557641
\Sql\Picasso\engine\src\imbi\query\xmtwquerytest.cxx,0x1a5,XMTableWidgetQueryTest::CompareColumns,FUN_1805524e0,1.81E+06,1805526ff
\Sql\Picasso\engine\src\imbi\query\xmtwquerytest.cxx,0x1b0,XMTableWidgetQueryTest::CompareColumns,FUN_1805524e0,1.81E+06,1805526ff
\Sql\Picasso\engine\src\imbi\query\xmtwquerytest.cxx,0x1b9,XMTableWidgetQueryTest::CompareColumns,FUN_1805524e0,1.81E+06,1805526ff
\Sql\Picasso\engine\src\imbi\query\xmtwquerytest.cxx,0x1c0,XMTableWidgetQueryTest::CompareColumns,FUN_1805524e0,1.81E+06,1805526ff
\Sql\Picasso\engine\src\imbi\query\xmtwquerytest.cxx,0x1c7,XMTableWidgetQueryTest::CompareColumns,FUN_1805524e0,1.81E+06,1805526ff
\Sql\Picasso\engine\src\imbi\query\xmtwquerytest.cxx,0x1f0,XMTableWidgetQueryTest::CompareRowValues,FUN_180552830,180552830,180552b56
\Sql\Picasso\engine\src\imbi\query\xmtwquerytest.cxx,0x1f7,XMTableWidgetQueryTest::CompareRowValues,FUN_180552830,180552830,180552b56
\Sql\Picasso\engine\src\imbi\query\xmtwquerytest.cxx,0x1e9,XMTableWidgetQueryTest::CompareRowValues,FUN_180552830,180552830,180552b56
\Sql\Picasso\engine\src\imbi\query\xmtwquerytest.cxx,0x451,XMTableWidgetQueryTest::CreateStatementRequest,FUN_1805562c0,1805562c0,1.81E+11
\Sql\Picasso\engine\src\imbi\query\xmtwquerytest.cxx,0x48c,XMTableWidgetQueryTest::HistogramCachingTest,FUN_180556520,180556520,180557641
\Sql\Picasso\engine\src\imbi\query\xmtwquerytest.cxx,0x48e,XMTableWidgetQueryTest::HistogramCachingTest,FUN_180556520,180556520,180557641
\Sql\Picasso\engine\src\imbi\query\xmtwquerytest.cxx,0x490,XMTableWidgetQueryTest::HistogramCachingTest,FUN_180556520,180556520,180557641
\Sql\Picasso\engine\src\imbi\query\xmtwquerytest.cxx,0x492,XMTableWidgetQueryTest::HistogramCachingTest,FUN_180556520,180556520,180557641
\Sql\Picasso\engine\src\imbi\query\xmtwquerytest.cxx,0x495,XMTableWidgetQueryTest::HistogramCachingTest,FUN_180556520,180556520,180557641
\Sql\Picasso\engine\src\imbi\query\xmtwquerytest.cxx,0x4cb,XMTableWidgetQueryTest::HistogramCachingTest,FUN_180556520,180556520,180557641
\Sql\Picasso\engine\src\imbi\query\xmtwquerytest.cxx,0x4cc,XMTableWidgetQueryTest::HistogramCachingTest,FUN_180556520,180556520,180557641
\Sql\Picasso\engine\src\imbi\query\xmtwquerytest.cxx,0x4cd,XMTableWidgetQueryTest::HistogramCachingTest,FUN_180556520,180556520,180557641
\Sql\Picasso\engine\src\imbi\query\xmtwquerytest.cxx,0x5c2,XMTableWidgetQueryTest::PrintColumnInfo,FUN_180557950,180557950,180557b14
\Sql\Picasso\engine\src\imbi\query\xmtwquerytest.cxx,0x5d0,XMTableWidgetQueryTest::PrintColumnInfo,FUN_180557950,180557950,180557b14
\Sql\Picasso\engine\src\imbi\query\xmtwquerytest.cxx,0x2ff,XMTableWidgetQueryTest::RunBaselineTWQueryTests,FUN_180554490,180554490,18055496e
\Sql\Picasso\engine\src\imbi\query\xmtwquerytest.cxx,0x301,XMTableWidgetQueryTest::RunBaselineTWQueryTests,FUN_180554490,180554490,18055496e
\Sql\Picasso\engine\src\imbi\query\xmtwquerytest.cxx,0x303,XMTableWidgetQueryTest::RunBaselineTWQueryTests,FUN_180554490,180554490,18055496e
\Sql\Picasso\engine\src\imbi\query\xmtwquerytest.cxx,0x305,XMTableWidgetQueryTest::RunBaselineTWQueryTests,FUN_180554490,180554490,18055496e
\Sql\Picasso\engine\src\imbi\query\xmtwquerytest.cxx,0x307,XMTableWidgetQueryTest::RunBaselineTWQueryTests,FUN_180554490,180554490,18055496e
\Sql\Picasso\engine\src\imbi\query\xmtwquerytest.cxx,0x309,XMTableWidgetQueryTest::RunBaselineTWQueryTests,FUN_180554490,180554490,18055496e
\Sql\Picasso\engine\src\imbi\query\xmtwquerytest.cxx,0x30e,XMTableWidgetQueryTest::RunBaselineTWQueryTests,FUN_180554490,180554490,18055496e
\Sql\Picasso\engine\src\imbi\query\xmtwquerytest.cxx,0x30f,XMTableWidgetQueryTest::RunBaselineTWQueryTests,FUN_180554490,180554490,18055496e
\Sql\Picasso\engine\src\imbi\query\xmtwquerytest.cxx,0x340,XMTableWidgetQueryTest::RunBaselineTWQueryTests,FUN_180554490,180554490,18055496e
\Sql\Picasso\engine\src\imbi\query\xmtwquerytest.cxx,0x341,XMTableWidgetQueryTest::RunBaselineTWQueryTests,FUN_180554490,180554490,18055496e
\Sql\Picasso\engine\src\imbi\query\xmtwquerytest.cxx,0x342,XMTableWidgetQueryTest::RunBaselineTWQueryTests,FUN_180554490,180554490,18055496e
\Sql\Picasso\engine\src\imbi\query\xmtwquerytest.cxx,0x343,XMTableWidgetQueryTest::RunBaselineTWQueryTests,FUN_180554490,180554490,18055496e
\Sql\Picasso\engine\src\imbi\query\xmtwquerytest.cxx,0x344,XMTableWidgetQueryTest::RunBaselineTWQueryTests,FUN_180554490,180554490,18055496e
\Sql\Picasso\engine\src\imbi\query\xmtwquerytest.cxx,0x24f,XMTableWidgetQueryTest::RunTestsFromFile,FUN_180552c50,180552c50,180553937
\Sql\Picasso\engine\src\imbi\query\xmtwquerytest.cxx,0x21f,XMTableWidgetQueryTest::RunTestsFromFile,FUN_180552c50,180552c50,180553937
\Sql\Picasso\engine\src\imbi\query\xmtwquerytest.cxx,0x227,XMTableWidgetQueryTest::RunTestsFromFile,FUN_180552c50,180552c50,180553937
\Sql\Picasso\engine\src\imbi\query\xmtwquerytest.cxx,0x249,XMTableWidgetQueryTest::RunTestsFromFile,FUN_180552c50,180552c50,180553937
\Sql\Picasso\engine\src\imbi\query\xmtwquerytest.cxx,0x36d,XMTableWidgetQueryTest::RunThetaJoinContainsTests,FUN_180554dd0,180554dd0,18055579d
\Sql\Picasso\engine\src\imbi\query\xmtwquerytest.cxx,0x36f,XMTableWidgetQueryTest::RunThetaJoinContainsTests,FUN_180554dd0,180554dd0,18055579d
\Sql\Picasso\engine\src\imbi\query\xmtwquerytest.cxx,0x372,XMTableWidgetQueryTest::RunThetaJoinContainsTests,FUN_180554dd0,180554dd0,18055579d
\Sql\Picasso\engine\src\imbi\query\xmtwquerytest.cxx,0x374,XMTableWidgetQueryTest::RunThetaJoinContainsTests,FUN_180554dd0,180554dd0,18055579d
\Sql\Picasso\engine\src\imbi\query\xmtwquerytest.cxx,0x377,XMTableWidgetQueryTest::RunThetaJoinContainsTests,FUN_180554dd0,180554dd0,18055579d
\Sql\Picasso\engine\src\imbi\query\xmtwquerytest.cxx,0x379,XMTableWidgetQueryTest::RunThetaJoinContainsTests,FUN_180554dd0,180554dd0,18055579d
\Sql\Picasso\engine\src\imbi\query\xmtwquerytest.cxx,0x37c,XMTableWidgetQueryTest::RunThetaJoinContainsTests,FUN_180554dd0,180554dd0,18055579d
\Sql\Picasso\engine\src\imbi\query\xmtwquerytest.cxx,0x37e,XMTableWidgetQueryTest::RunThetaJoinContainsTests,FUN_180554dd0,180554dd0,18055579d
\Sql\Picasso\engine\src\imbi\query\xmtwquerytest.cxx,0x381,XMTableWidgetQueryTest::RunThetaJoinContainsTests,FUN_180554dd0,180554dd0,18055579d
\Sql\Picasso\engine\src\imbi\query\xmtwquerytest.cxx,899,XMTableWidgetQueryTest::RunThetaJoinContainsTests,FUN_180554dd0,180554dd0,18055579d
\Sql\Picasso\engine\src\imbi\query\xmtwquerytest.cxx,0x386,XMTableWidgetQueryTest::RunThetaJoinContainsTests,FUN_180554dd0,180554dd0,18055579d
\Sql\Picasso\engine\src\imbi\query\xmtwquerytest.cxx,0x388,XMTableWidgetQueryTest::RunThetaJoinContainsTests,FUN_180554dd0,180554dd0,18055579d
\Sql\Picasso\engine\src\imbi\query\xmtwquerytest.cxx,0x38d,XMTableWidgetQueryTest::RunThetaJoinContainsTests,FUN_180554dd0,180554dd0,18055579d
\Sql\Picasso\engine\src\imbi\query\xmtwquerytest.cxx,0x38f,XMTableWidgetQueryTest::RunThetaJoinContainsTests,FUN_180554dd0,180554dd0,18055579d
\Sql\Picasso\engine\src\imbi\query\xmtwquerytest.cxx,0x391,XMTableWidgetQueryTest::RunThetaJoinContainsTests,FUN_180554dd0,180554dd0,18055579d
\Sql\Picasso\engine\src\imbi\query\xmtwquerytest.cxx,0x39d,XMTableWidgetQueryTest::RunThetaJoinContainsTests,FUN_180554dd0,180554dd0,18055579d
\Sql\Picasso\engine\src\imbi\query\xmtwquerytest.cxx,0x39e,XMTableWidgetQueryTest::RunThetaJoinContainsTests,FUN_180554dd0,180554dd0,18055579d
\Sql\Picasso\engine\src\imbi\query\xmtwquerytest.cxx,0x39f,XMTableWidgetQueryTest::RunThetaJoinContainsTests,FUN_180554dd0,180554dd0,18055579d
\Sql\Picasso\engine\src\imbi\query\xmtwquerytest.cxx,0x3a1,XMTableWidgetQueryTest::RunThetaJoinContainsTests,FUN_180554dd0,180554dd0,18055579d
\Sql\Picasso\engine\src\imbi\query\xmtwquerytest.cxx,0x3a2,XMTableWidgetQueryTest::RunThetaJoinContainsTests,FUN_180554dd0,180554dd0,18055579d
\Sql\Picasso\engine\src\imbi\query\xmtwquerytest.cxx,0x3a3,XMTableWidgetQueryTest::RunThetaJoinContainsTests,FUN_180554dd0,180554dd0,18055579d
\Sql\Picasso\engine\src\imbi\query\xmtwquerytest.cxx,0x3a4,XMTableWidgetQueryTest::RunThetaJoinContainsTests,FUN_180554dd0,180554dd0,18055579d
\Sql\Picasso\engine\src\imbi\query\xmtwquerytest.cxx,0x3a5,XMTableWidgetQueryTest::RunThetaJoinContainsTests,FUN_180554dd0,180554dd0,18055579d
\Sql\Picasso\engine\src\imbi\query\xmtwquerytest.cxx,0x3a6,XMTableWidgetQueryTest::RunThetaJoinContainsTests,FUN_180554dd0,180554dd0,18055579d
\Sql\Picasso\engine\src\imbi\query\xmtwquerytest.cxx,0x3ba,XMTableWidgetQueryTest::RunThetaJoinContainsTests,FUN_180554dd0,180554dd0,18055579d
\Sql\Picasso\engine\src\imbi\query\xmtwquerytest.cxx,0x3bb,XMTableWidgetQueryTest::RunThetaJoinContainsTests,FUN_180554dd0,180554dd0,18055579d
\Sql\Picasso\engine\src\imbi\query\xmtwquerytest.cxx,0x3bc,XMTableWidgetQueryTest::RunThetaJoinContainsTests,FUN_180554dd0,180554dd0,18055579d
\Sql\Picasso\engine\src\imbi\query\xmtwquerytest.cxx,0x3be,XMTableWidgetQueryTest::RunThetaJoinContainsTests,FUN_180554dd0,180554dd0,18055579d
\Sql\Picasso\engine\src\imbi\query\xmtwquerytest.cxx,0x3bf,XMTableWidgetQueryTest::RunThetaJoinContainsTests,FUN_180554dd0,180554dd0,18055579d
\Sql\Picasso\engine\src\imbi\query\xmtwquerytest.cxx,0x3c0,XMTableWidgetQueryTest::RunThetaJoinContainsTests,FUN_180554dd0,180554dd0,18055579d
\Sql\Picasso\engine\src\imbi\query\xmtwquerytest.cxx,0x3c2,XMTableWidgetQueryTest::RunThetaJoinContainsTests,FUN_180554dd0,180554dd0,18055579d
\Sql\Picasso\engine\src\imbi\query\xmtwquerytest.cxx,0x3c3,XMTableWidgetQueryTest::RunThetaJoinContainsTests,FUN_180554dd0,180554dd0,18055579d
\Sql\Picasso\engine\src\imbi\query\xmtwquerytest.cxx,0x3c4,XMTableWidgetQueryTest::RunThetaJoinContainsTests,FUN_180554dd0,180554dd0,18055579d
\Sql\Picasso\engine\src\imbi\query\xmtwquerytest.cxx,0xa2,,FUN_180551140,180551140,18055134f
\Sql\Picasso\engine\src\imbi\query\xmtwquerytest.cxx,0xa8,,FUN_180551140,180551140,18055134f
\Sql\Picasso\engine\src\imbi\query\xmtwquerytest.cxx,0xb4,,FUN_180551140,180551140,18055134f
\Sql\Picasso\engine\src\imbi\query\xmuhdatacache.cpp,0x5f,XMUserHierarchyLevelAggDataCache::InitDC,FUN_1805960e0,1.81E+06,18059637e
\Sql\Picasso\engine\src\imbi\query\xmuhdatacache.cpp,0x60,XMUserHierarchyLevelAggDataCache::InitDC,FUN_1805960e0,1.81E+06,18059637e
\Sql\Picasso\engine\src\imbi\query\xmuhdatacache.cpp,0x61,XMUserHierarchyLevelAggDataCache::InitDC,FUN_1805960e0,1.81E+06,18059637e
\Sql\Picasso\engine\src\imbi\query\xmuhdatacache.cpp,0x62,XMUserHierarchyLevelAggDataCache::InitDC,FUN_1805960e0,1.81E+06,18059637e
\Sql\Picasso\engine\src\imbi\query\xmuhdatacache.cpp,0x295,XMUserHierarchyLevelAggDataCache::MergeFrom,FUN_180561e60,1.81E+65,180562012
\Sql\Picasso\engine\src\imbi\query\xmuhdatacache.cpp,0x295,XMUserHierarchyLevelAggDataCache::MergeFrom,FUN_180596a70,180596a70,180596aeb
\Sql\Picasso\engine\src\imbi\query\xmuhdatacache.cpp,0x172,XMUserHierarchyLevelAggDataCache::ProjectVertiScannedBucket,FUN_1805968b0,1805968b0,180596a0c
\Sql\Picasso\engine\src\imbi\query\xmuhdatacache.cpp,0x10c,XMUserHierarchyLevelAggDataCache::ReBuildTransientLevelLookups,FUN_180596640,180596640,180596809
\Sql\Picasso\engine\src\imbi\query\xmuhdatacache.cpp,0x172,,FUN_1805968b0,1805968b0,180596a0c
\Sql\Picasso\engine\src\imbi\query\xmuhqueryjobs.cpp,0x128,XMUserHierarchyQueryJob::EnqueueQueryForLevelAgg,FUN_180561710,180561710,180561a25
\Sql\Picasso\engine\src\imbi\query\xmuhqueryjobs.cpp,0x35,XMUserHierarchyQueryJob::Init,FUN_180561320,180561320,1805614aa
\Sql\Picasso\engine\src\imbi\query\xmuhqueryjobs.cpp,0x68,XMUserHierarchyQueryJob::Run,FUN_180561500,180561500,18056165b
\Sql\Picasso\engine\src\imbi\query\xmuhqueryjobs.cpp,0x93,XMUserHierarchyQueryJob::Run_Initial,FUN_180561500,180561500,18056165b
\Sql\Picasso\engine\src\imbi\query\xmuhqueryjobs.cpp,0xbf,XMUserHierarchyQueryJob::Run_ProcessLevelAggResults,FUN_180561500,180561500,18056165b
\Sql\Picasso\engine\src\imbi\query\xmuhqueryjobs.cpp,0x388,XMUserHierarchyQueryJob::SetMaterializeContext,FUN_180072ee0,180072ee0,180073fc7
\Sql\Picasso\engine\src\imbi\query\xmuhqueryjobs.cpp,0x389,XMUserHierarchyQueryJob::SetMaterializeContext,FUN_180072ee0,180072ee0,180073fc7
\Sql\Picasso\engine\src\imbi\query\xmuhqueryjobs.cpp,0x38a,XMUserHierarchyQueryJob::SetMaterializeContext,FUN_180072ee0,180072ee0,180073fc7
\Sql\Picasso\engine\src\imbi\query\xmuhqueryjobs.cpp,0x93,,FUN_180561500,180561500,18056165b
\Sql\Picasso\engine\src\imbi\query\xmuhqueryjobs.cpp,0xbf,,FUN_180561500,180561500,18056165b
\Sql\Picasso\engine\src\imbi\query\xmuhqueryjobs.cpp,0x68,,FUN_180561500,180561500,18056165b
\Sql\Picasso\engine\src\imbi\query\xmvertiscan.cpp,0x56,XMVertiScanGroupState::~XMVertiScanGroupState,FUN_18058b560,18058b560,18058bebb
\Sql\Picasso\engine\src\imbi\query\xmvertiscan.cpp,0xb9,XMVertiScanGroupState::Init,FUN_180589870,180589870,180589be0
\Sql\Picasso\engine\src\imbi\query\xmvertiscan.cpp,0x9a,XMVertiScanGroupState::Init,FUN_180589870,180589870,180589be0
\Sql\Picasso\engine\src\imbi\query\xmvertiscan.cpp,0x5b1,XMVertiScanJob::ComputeGroupBys,FUN_18058cc70,18058cc70,18058d880
\Sql\Picasso\engine\src\imbi\query\xmvertiscan.cpp,0x5ca,XMVertiScanJob::ComputeGroupBys,FUN_18058cc70,18058cc70,18058d880
\Sql\Picasso\engine\src\imbi\query\xmvertiscan.cpp,0x64a,XMVertiScanJob::ComputeGroupBys,FUN_18058cc70,18058cc70,18058d880
\Sql\Picasso\engine\src\imbi\query\xmvertiscan.cpp,0x5dc,XMVertiScanJob::ComputeGroupBys,FUN_18058cc70,18058cc70,18058d880
\Sql\Picasso\engine\src\imbi\query\xmvertiscan.cpp,0x6af,XMVertiScanJob::ComputeMeasures,FUN_18058d9e0,18058d9e0,18058e330
\Sql\Picasso\engine\src\imbi\query\xmvertiscan.cpp,0x6eb,XMVertiScanJob::ComputeMeasures,FUN_18058d9e0,18058d9e0,18058e330
\Sql\Picasso\engine\src\imbi\query\xmvertiscan.cpp,0x6cd,XMVertiScanJob::ComputeMeasures,FUN_18058d9e0,18058d9e0,18058e330
\Sql\Picasso\engine\src\imbi\query\xmvertiscan.cpp,0x56f,XMVertiScanJob::ComputeProjections,FUN_18058b560,18058b560,18058bebb
\Sql\Picasso\engine\src\imbi\query\xmvertiscan.cpp,0x46e,XMVertiScanJob::ComputePureWhere,FUN_18058c6d0,18058c6d0,18058c802
\Sql\Picasso\engine\src\imbi\query\xmvertiscan.cpp,0x15b,XMVertiScanJob::Init,FUN_18058a560,18058a560,18058a789
\Sql\Picasso\engine\src\imbi\query\xmvertiscan.cpp,0x150,XMVertiScanJob::Init,FUN_18058a560,18058a560,18058a789
\Sql\Picasso\engine\src\imbi\query\xmvertiscan.cpp,0x171,XMVertiScanJob::Run,FUN_18058a840,18058a840,18058af18
\Sql\Picasso\engine\src\imbi\query\xmvertiscan.cpp,0x17b,XMVertiScanJob::Run,FUN_18058a840,18058a840,18058af18
\Sql\Picasso\engine\src\imbi\query\xmvertiscan.cpp,0x171,XMVertiScanJob::Run,FUN_18058a840,18058a840,18058af18
\Sql\Picasso\engine\src\imbi\query\xmvertiscan.cpp,0x21c,XMVertiScanJob::RunImpl,FUN_18058b070,18058b070,18058b34a
\Sql\Picasso\engine\src\imbi\query\xmvertiscan.cpp,0x26b,XMVertiScanJob::RunInternal,FUN_18058b560,18058b560,18058bebb
\Sql\Picasso\engine\src\imbi\query\xmvertiscan.cpp,0x26c,XMVertiScanJob::RunInternal,FUN_18058b560,18058b560,18058bebb
\Sql\Picasso\engine\src\imbi\query\xmvertiscan.cpp,0x2ff,XMVertiScanJob::RunInternal,FUN_18058b560,18058b560,18058bebb
\Sql\Picasso\engine\src\imbi\query\xmvertiscan.cpp,0x2ff,XMVertiScanJob::RunInternal,FUN_18058b560,18058b560,18058bebb
\Sql\Picasso\engine\src\imbi\query\xmvertiscan.cpp,0x336,XMVertiScanJob::RunInternalReaggregate,FUN_18058c090,18058c090,18058c42d
\Sql\Picasso\engine\src\imbi\query\xmvertiscan.cpp,0x340,XMVertiScanJob::RunInternalReaggregate,FUN_18058c090,18058c090,18058c42d
\Sql\Picasso\engine\src\imbi\query\xmvertiscan.cpp,0xe2,XMVertiScanState::Init,FUN_180589e80,1.81E+85,18058a17e
\Sql\Picasso\engine\src\imbi\query\xmvertiscan.cpp,0xb9,,FUN_180589870,180589870,180589be0
\Sql\Picasso\engine\src\imbi\query\xmvertiscan.cpp,0xe2,,FUN_180589e80,1.81E+85,18058a17e
\Sql\Picasso\engine\src\imbi\query\xmvertiscan.cpp,0x15b,,FUN_18058a560,18058a560,18058a789
\Sql\Picasso\engine\src\imbi\query\xmvertiscan.cpp,0x336,,FUN_18058c090,18058c090,18058c42d
\Sql\Picasso\engine\src\imbi\query\xmvertiscan.cpp,0x340,,FUN_18058c090,18058c090,18058c42d
\Sql\Picasso\engine\src\imbi\query\xmvertiscan.cpp,0x46e,,FUN_18058c6d0,18058c6d0,18058c802
\Sql\Picasso\engine\src\imbi\query\xmvertiscan.cpp,0x5b1,,FUN_18058cc70,18058cc70,18058d880
\Sql\Picasso\engine\src\imbi\query\xmvertiscan.cpp,0x5ca,,FUN_18058cc70,18058cc70,18058d880
\Sql\Picasso\engine\src\imbi\query\xmvertiscan.cpp,0x64a,,FUN_18058cc70,18058cc70,18058d880
\Sql\Picasso\engine\src\imbi\query\xmvertiscan.cpp,0x5dc,,FUN_18058cc70,18058cc70,18058d880
\Sql\Picasso\engine\src\imbi\query\xmvertiscanarbshpscan.cpp,0xb3,XMVertiScanJob::ComputeArbShapeWhere,FUN_180594020,180594020,18059428b
\Sql\Picasso\engine\src\imbi\query\xmvertiscanarbshpscan.cpp,0x40,XMVertiScanJob::ComputeArbShapeWherePhase1,FUN_180593c50,180593c50,180593fb9
\Sql\Picasso\engine\src\imbi\query\xmvertiscanarbshpscan.cpp,0x55,XMVertiScanJob::ComputeArbShapeWherePhase1,FUN_180593c50,180593c50,180593fb9
\Sql\Picasso\engine\src\imbi\query\xmvertiscanarbshpscan.cpp,0x68,XMVertiScanJob::ComputeArbShapeWherePhase1,FUN_180593c50,180593c50,180593fb9
\Sql\Picasso\engine\src\imbi\query\xmvertiscanarbshpscan.cpp,0x40,,FUN_180593c50,180593c50,180593fb9
\Sql\Picasso\engine\src\imbi\query\xmvertiscanarbshpscan.cpp,0x55,,FUN_180593c50,180593c50,180593fb9
\Sql\Picasso\engine\src\imbi\query\xmvertiscanarbshpscan.cpp,0x68,,FUN_180593c50,180593c50,180593fb9
\Sql\Picasso\engine\src\imbi\query\xmvertiscanarbshpscan.cpp,0xb3,,FUN_180594020,180594020,18059428b
\Sql\Picasso\engine\src\imbi\query\xmvsquery.cpp,0x6a1,XMLightBaseValueEnumerator::Init,FUN_180508db0,180508db0,1.81E+83
\Sql\Picasso\engine\src\imbi\query\xmvsquery.cpp,0x6a1,XMLightBaseValueEnumerator::Init,FUN_18050d8b0,18050d8b0,18050da80
\Sql\Picasso\engine\src\imbi\query\xmvsquery.cpp,0x789,XMLightBaseValueEnumerator::IsInvariant,FUN_1805092a0,1805092a0,1805093db
\Sql\Picasso\engine\src\imbi\query\xmvsquery.cpp,0x782,XMLightBaseValueEnumerator::IsInvariant,FUN_1805092a0,1805092a0,1805093db
\Sql\Picasso\engine\src\imbi\query\xmvsquery.cpp,0x775,XMLightBaseValueEnumerator::IsInvariant,FUN_1805092a0,1805092a0,1805093db
\Sql\Picasso\engine\src\imbi\query\xmvsquery.cpp,0x775,XMLightBaseValueEnumerator::IsInvariant,FUN_1805102b0,1805102b0,1805115b8
\Sql\Picasso\engine\src\imbi\query\xmvsquery.cpp,0x782,XMLightBaseValueEnumerator::IsInvariant,FUN_180511a30,180511a30,180511f76
\Sql\Picasso\engine\src\imbi\query\xmvsquery.cpp,0x717,XMLightBaseValueEnumerator::SetPureNull,FUN_180509020,180509020,1805090a1
\Sql\Picasso\engine\src\imbi\query\xmvsquery.cpp,0x735,XMLightBaseValueEnumerator::SetPureValue,FUN_180509100,180509100,180509242
\Sql\Picasso\engine\src\imbi\query\xmvsquery.cpp,0x753,XMLightBaseValueEnumerator::SetPureValueNeg,FUN_1805102b0,1805102b0,1805115b8
\Sql\Picasso\engine\src\imbi\query\xmvsquery.cpp,0x13e8,XMLightBinaryOpEnumerator::ComputePurityInternal,FUN_1805102b0,1805102b0,1805115b8
\Sql\Picasso\engine\src\imbi\query\xmvsquery.cpp,0x143c,XMLightBinaryOpEnumerator::ComputePurityInternal,FUN_1805102b0,1805102b0,1805115b8
\Sql\Picasso\engine\src\imbi\query\xmvsquery.cpp,0x129a,XMLightBinaryOpEnumerator::ComputePurityInternal,FUN_1805102b0,1805102b0,1805115b8
\Sql\Picasso\engine\src\imbi\query\xmvsquery.cpp,0x12b1,XMLightBinaryOpEnumerator::ComputePurityInternal,FUN_1805102b0,1805102b0,1805115b8
\Sql\Picasso\engine\src\imbi\query\xmvsquery.cpp,0x12c4,XMLightBinaryOpEnumerator::ComputePurityInternal,FUN_1805102b0,1805102b0,1805115b8
\Sql\Picasso\engine\src\imbi\query\xmvsquery.cpp,0x12f1,XMLightBinaryOpEnumerator::ComputePurityInternal,FUN_1805102b0,1805102b0,1805115b8
\Sql\Picasso\engine\src\imbi\query\xmvsquery.cpp,0x133c,XMLightBinaryOpEnumerator::ComputePurityInternal,FUN_1805102b0,1805102b0,1805115b8
\Sql\Picasso\engine\src\imbi\query\xmvsquery.cpp,0x135f,XMLightBinaryOpEnumerator::ComputePurityInternal,FUN_1805102b0,1805102b0,1805115b8
\Sql\Picasso\engine\src\imbi\query\xmvsquery.cpp,0x136b,XMLightBinaryOpEnumerator::ComputePurityInternal,FUN_1805102b0,1805102b0,1805115b8
\Sql\Picasso\engine\src\imbi\query\xmvsquery.cpp,0x1319,XMLightBinaryOpEnumerator::ComputePurityInternal,FUN_1805102b0,1805102b0,1805115b8
\Sql\Picasso\engine\src\imbi\query\xmvsquery.cpp,0x13bd,XMLightBinaryOpEnumerator::ComputePurityInternal,FUN_1805102b0,1805102b0,1805115b8
\Sql\Picasso\engine\src\imbi\query\xmvsquery.cpp,0x1394,XMLightBinaryOpEnumerator::ComputePurityInternal,FUN_1805102b0,1805102b0,1805115b8
\Sql\Picasso\engine\src\imbi\query\xmvsquery.cpp,0x13c6,XMLightBinaryOpEnumerator::ComputePurityInternal,FUN_1805102b0,1805102b0,1805115b8
\Sql\Picasso\engine\src\imbi\query\xmvsquery.cpp,0x1260,XMLightBinaryOpEnumerator::Init,FUN_18050fa00,18050fa00,18050fba7
\Sql\Picasso\engine\src\imbi\query\xmvsquery.cpp,0x14fc,XMLightBinaryOpEnumerator::PrefetchInternal,FUN_180511a30,180511a30,180511f76
\Sql\Picasso\engine\src\imbi\query\xmvsquery.cpp,0x1cd1,XMLightCallbackEnumerator::ComputePurityInternal,FUN_1805168a0,1805168a0,180516af4
\Sql\Picasso\engine\src\imbi\query\xmvsquery.cpp,0xfd0,XMLightCastEnumerator::ComputePurityInternal,FUN_18050eb50,18050eb50,18050ed23
\Sql\Picasso\engine\src\imbi\query\xmvsquery.cpp,0x1afc,XMLightConstEnumerator::Init,FUN_1805151c0,1805151c0,1805153f5
\Sql\Picasso\engine\src\imbi\query\xmvsquery.cpp,0xe12,XMLightPrefetchEnumerator::ComputePurityInternal,FUN_18050e090,1.81E+94,1.81E+269
\Sql\Picasso\engine\src\imbi\query\xmvsquery.cpp,0xe32,XMLightPrefetchEnumerator::ComputePurityInternal,FUN_18050e090,1.81E+94,1.81E+269
\Sql\Picasso\engine\src\imbi\query\xmvsquery.cpp,0x18a4,XMLightUnaryOpEnumerator::ComputePurityInternal,FUN_180514500,180514500,1805148a8
\Sql\Picasso\engine\src\imbi\query\xmvsquery.cpp,0x18ba,XMLightUnaryOpEnumerator::ComputePurityInternal,FUN_180514500,180514500,1805148a8
\Sql\Picasso\engine\src\imbi\query\xmvsquery.cpp,0x18e3,XMLightUnaryOpEnumerator::ComputePurityInternal,FUN_180514500,180514500,1805148a8
\Sql\Picasso\engine\src\imbi\query\xmvsquery.cpp,0x1868,XMLightUnaryOpEnumerator::Init,FUN_180514310,180514310,180514466
\Sql\Picasso\engine\src\imbi\query\xmvsquery.cpp,0x187f,XMLightUnaryOpEnumerator::Init,FUN_180514310,180514310,180514466
\Sql\Picasso\engine\src\imbi\query\xmvsquery.cpp,0x197b,XMLightUnaryOpEnumerator::PrefetchInternal,FUN_180514a80,180514a80,180514c70
\Sql\Picasso\engine\src\imbi\query\xmvsquery.cpp,0x1e61,XMLightVCWhereWrapperEnumerator::Init,FUN_180516fc0,180516fc0,1805171c1
\Sql\Picasso\engine\src\imbi\query\xmvsquery.cpp,0x1077,XMVSAliasRef::Bind,FUN_18050efb0,18050efb0,18050f12a
\Sql\Picasso\engine\src\imbi\query\xmvsquery.cpp,0x1075,XMVSAliasRef::Bind,FUN_18050efb0,18050efb0,18050f12a
\Sql\Picasso\engine\src\imbi\query\xmvsquery.cpp,0x2da3,XMVSAliasVector::PopulateHash,FUN_180520980,180520980,180520a6c
\Sql\Picasso\engine\src\imbi\query\xmvsquery.cpp,0x1802,XMVSAsDataID::Bind,FUN_1805140a0,1805140a0,1805140d3
\Sql\Picasso\engine\src\imbi\query\xmvsquery.cpp,0x66e,XMVSBaseExpression::CreateInstance,FUN_180508880,180508880,180508bdf
\Sql\Picasso\engine\src\imbi\query\xmvsquery.cpp,0x1ad,XMVSBaseSupport::SerializeDCShape,FUN_1805053a0,1805053a0,18050550f
\Sql\Picasso\engine\src\imbi\query\xmvsquery.cpp,0x1c6,XMVSBaseSupport::SerializeRawValue,FUN_1805055c0,1805055c0,1805059a9
\Sql\Picasso\engine\src\imbi\query\xmvsquery.cpp,0x1d2,XMVSBaseSupport::SerializeRawValue,FUN_1805055c0,1805055c0,1805059a9
\Sql\Picasso\engine\src\imbi\query\xmvsquery.cpp,0x1d4,XMVSBaseSupport::SerializeRawValue,FUN_1805055c0,1805055c0,1805059a9
\Sql\Picasso\engine\src\imbi\query\xmvsquery.cpp,0x1ea,XMVSBaseSupport::SerializeRawValue,FUN_1805055c0,1805055c0,1805059a9
\Sql\Picasso\engine\src\imbi\query\xmvsquery.cpp,0x112d,XMVSBinaryOp::Bind,FUN_18050f6b0,18050f6b0,18050f8bb
\Sql\Picasso\engine\src\imbi\query\xmvsquery.cpp,0x112e,XMVSBinaryOp::Bind,FUN_18050f6b0,18050f6b0,18050f8bb
\Sql\Picasso\engine\src\imbi\query\xmvsquery.cpp,0x1135,XMVSBinaryOp::Bind,FUN_18050f6b0,18050f6b0,18050f8bb
\Sql\Picasso\engine\src\imbi\query\xmvsquery.cpp,0x114f,XMVSBinaryOp::Bind,FUN_18050f6b0,18050f6b0,18050f8bb
\Sql\Picasso\engine\src\imbi\query\xmvsquery.cpp,0x114b,XMVSBinaryOp::Bind,FUN_18050f6b0,18050f6b0,18050f8bb
\Sql\Picasso\engine\src\imbi\query\xmvsquery.cpp,0x11e4,XMVSBinaryOp::Serialize,FUN_18050fe10,18050fe10,18050ffaf
\Sql\Picasso\engine\src\imbi\query\xmvsquery.cpp,0x1b9c,XMVSCallback::DuplicateSinkFrom,FUN_180515c10,180515c10,180515da3
\Sql\Picasso\engine\src\imbi\query\xmvsquery.cpp,0xee0,XMVSCast::Bind,FUN_18050e5f0,18050e5f0,18050e68d
\Sql\Picasso\engine\src\imbi\query\xmvsquery.cpp,0xedd,XMVSCast::Bind,FUN_18050e5f0,18050e5f0,18050e68d
\Sql\Picasso\engine\src\imbi\query\xmvsquery.cpp,0xf3c,XMVSCast::Serialize,FUN_18050e840,18050e840,18050e94d
\Sql\Picasso\engine\src\imbi\query\xmvsquery.cpp,0x852,XMVSColumn::Bind,FUN_18050a090,18050a090,18050a6e9
\Sql\Picasso\engine\src\imbi\query\xmvsquery.cpp,0x856,XMVSColumn::Bind,FUN_18050a090,18050a090,18050a6e9
\Sql\Picasso\engine\src\imbi\query\xmvsquery.cpp,0x8a2,XMVSColumn::Bind,FUN_18050a090,18050a090,18050a6e9
\Sql\Picasso\engine\src\imbi\query\xmvsquery.cpp,0x8c9,XMVSColumn::Bind,FUN_18050a090,18050a090,18050a6e9
\Sql\Picasso\engine\src\imbi\query\xmvsquery.cpp,0x920,XMVSColumn::BuildTransientState,FUN_18050aa80,18050aa80,18050ae44
\Sql\Picasso\engine\src\imbi\query\xmvsquery.cpp,0x935,XMVSColumn::BuildTransientState,FUN_18050aa80,18050aa80,18050ae44
\Sql\Picasso\engine\src\imbi\query\xmvsquery.cpp,0xb10,XMVSColumn::GetForwardReferencedIndex,FUN_18050c730,18050c730,18050c9ea
\Sql\Picasso\engine\src\imbi\query\xmvsquery.cpp,0xb1e,XMVSColumn::GetForwardReferencedIndex,FUN_18050c730,18050c730,18050c9ea
\Sql\Picasso\engine\src\imbi\query\xmvsquery.cpp,0x81a,XMVSColumn::ResolveLazyBinding,FUN_180509c10,180509c10,180509f22
\Sql\Picasso\engine\src\imbi\query\xmvsquery.cpp,0x83d,XMVSColumn::ResolveLazyBinding,FUN_180509c10,180509c10,180509f22
\Sql\Picasso\engine\src\imbi\query\xmvsquery.cpp,0x979,XMVSColumn::SerializeWithRLS,FUN_18050b010,18050b010,18050b0e2
\Sql\Picasso\engine\src\imbi\query\xmvsquery.cpp,0xa0d,XMVSColumn::Unmarshall,FUN_18050b6a0,18050b6a0,18050bc3d
\Sql\Picasso\engine\src\imbi\query\xmvsquery.cpp,0xa14,XMVSColumn::Unmarshall,FUN_18050b6a0,18050b6a0,18050bc3d
\Sql\Picasso\engine\src\imbi\query\xmvsquery.cpp,0xb75,XMVSColumnSet::Bind,FUN_18050cb60,18050cb60,18050cb93
\Sql\Picasso\engine\src\imbi\query\xmvsquery.cpp,0x1a54,XMVSConst::BuildCompareHash,FUN_180515450,180515450,18051554f
\Sql\Picasso\engine\src\imbi\query\xmvsquery.cpp,0x1a76,XMVSConst::ForceCompare,FUN_1805155b0,1805155b0,180515767
\Sql\Picasso\engine\src\imbi\query\xmvsquery.cpp,0x1aa9,XMVSConst::Marshall,FUN_180515830,180515830,1805158ce
\Sql\Picasso\engine\src\imbi\query\xmvsquery.cpp,0x1739,XMVSDiscretize::Bind,FUN_180513350,180513350,1805135f4
\Sql\Picasso\engine\src\imbi\query\xmvsquery.cpp,0x173a,XMVSDiscretize::Bind,FUN_180513350,180513350,1805135f4
\Sql\Picasso\engine\src\imbi\query\xmvsquery.cpp,0x173b,XMVSDiscretize::Bind,FUN_180513350,180513350,1805135f4
\Sql\Picasso\engine\src\imbi\query\xmvsquery.cpp,0x173c,XMVSDiscretize::Bind,FUN_180513350,180513350,1805135f4
\Sql\Picasso\engine\src\imbi\query\xmvsquery.cpp,0x173d,XMVSDiscretize::Bind,FUN_180513350,180513350,1805135f4
\Sql\Picasso\engine\src\imbi\query\xmvsquery.cpp,0x173e,XMVSDiscretize::Bind,FUN_180513350,180513350,1805135f4
\Sql\Picasso\engine\src\imbi\query\xmvsquery.cpp,0x173e,XMVSDiscretize::Bind,FUN_180513350,180513350,1805135f4
\Sql\Picasso\engine\src\imbi\query\xmvsquery.cpp,0x1741,XMVSDiscretize::Bind,FUN_180513350,180513350,1805135f4
\Sql\Picasso\engine\src\imbi\query\xmvsquery.cpp,0x7ab,XMVSExpressionVector::Bind,FUN_1805094f0,1805094f0,180509592
\Sql\Picasso\engine\src\imbi\query\xmvsquery.cpp,0x7ab,XMVSExpressionVector::Bind,FUN_180515e90,1.81E+95,180515fb9
\Sql\Picasso\engine\src\imbi\query\xmvsquery.cpp,0x2282,XMVSMeasure::Accept,FUN_180519290,180519290,180519309
\Sql\Picasso\engine\src\imbi\query\xmvsquery.cpp,0x21ed,XMVSMeasure::Bind,FUN_180518b20,180518b20,180518dfa
\Sql\Picasso\engine\src\imbi\query\xmvsquery.cpp,0x21ee,XMVSMeasure::Bind,FUN_180518b20,180518b20,180518dfa
\Sql\Picasso\engine\src\imbi\query\xmvsquery.cpp,0x21ef,XMVSMeasure::Bind,FUN_180518b20,180518b20,180518dfa
\Sql\Picasso\engine\src\imbi\query\xmvsquery.cpp,0x21f6,XMVSMeasure::Bind,FUN_180518b20,180518b20,180518dfa
\Sql\Picasso\engine\src\imbi\query\xmvsquery.cpp,0x21fb,XMVSMeasure::Bind,FUN_180518b20,180518b20,180518dfa
\Sql\Picasso\engine\src\imbi\query\xmvsquery.cpp,0x220e,XMVSMeasure::Bind,FUN_180518b20,180518b20,180518dfa
\Sql\Picasso\engine\src\imbi\query\xmvsquery.cpp,0x223f,XMVSMeasure::PostBind,FUN_180518f70,180518f70,180518fe7
\Sql\Picasso\engine\src\imbi\query\xmvsquery.cpp,0x22d4,XMVSMeasure::Serialize,FUN_180519450,180519450,180519630
\Sql\Picasso\engine\src\imbi\query\xmvsquery.cpp,0x2253,XMVSMeasure::Validate,FUN_180519080,180519080,1805191d3
\Sql\Picasso\engine\src\imbi\query\xmvsquery.cpp,0x2256,XMVSMeasure::Validate,FUN_180519080,180519080,1805191d3
\Sql\Picasso\engine\src\imbi\query\xmvsquery.cpp,0x2259,XMVSMeasure::Validate,FUN_180519080,180519080,1805191d3
\Sql\Picasso\engine\src\imbi\query\xmvsquery.cpp,0x225d,XMVSMeasure::Validate,FUN_180519080,180519080,1805191d3
\Sql\Picasso\engine\src\imbi\query\xmvsquery.cpp,0x2253,XMVSMeasure::Validate,FUN_1805348c0,1805348c0,180534a05
\Sql\Picasso\engine\src\imbi\query\xmvsquery.cpp,0x2256,XMVSMeasure::Validate,FUN_1805348c0,1805348c0,180534a05
\Sql\Picasso\engine\src\imbi\query\xmvsquery.cpp,0x2259,XMVSMeasure::Validate,FUN_1805348c0,1805348c0,180534a05
\Sql\Picasso\engine\src\imbi\query\xmvsquery.cpp,0x225d,XMVSMeasure::Validate,FUN_1805348c0,1805348c0,180534a05
\Sql\Picasso\engine\src\imbi\query\xmvsquery.cpp,0xcf0,XMVSPrefetch::Bind,FUN_18050d530,18050d530,18050d7e9
\Sql\Picasso\engine\src\imbi\query\xmvsquery.cpp,0xcf4,XMVSPrefetch::Bind,FUN_18050d530,18050d530,18050d7e9
\Sql\Picasso\engine\src\imbi\query\xmvsquery.cpp,0xcf1,XMVSPrefetch::Bind,FUN_18050d530,18050d530,18050d7e9
\Sql\Picasso\engine\src\imbi\query\xmvsquery.cpp,0xcf2,XMVSPrefetch::Bind,FUN_18050d530,18050d530,18050d7e9
\Sql\Picasso\engine\src\imbi\query\xmvsquery.cpp,0xcf3,XMVSPrefetch::Bind,FUN_18050d530,18050d530,18050d7e9
\Sql\Picasso\engine\src\imbi\query\xmvsquery.cpp,0xcf3,XMVSPrefetch::Bind,FUN_18050d530,18050d530,18050d7e9
\Sql\Picasso\engine\src\imbi\query\xmvsquery.cpp,0xcf5,XMVSPrefetch::Bind,FUN_18050d530,18050d530,18050d7e9
\Sql\Picasso\engine\src\imbi\query\xmvsquery.cpp,0xcf8,XMVSPrefetch::Bind,FUN_18050d530,18050d530,18050d7e9
\Sql\Picasso\engine\src\imbi\query\xmvsquery.cpp,0xd6b,XMVSPrefetch::Serialize,FUN_18050db30,18050db30,18050dcd0
\Sql\Picasso\engine\src\imbi\query\xmvsquery.cpp,0x32b0,XMVSQuerySpec::AddPartitioning,FUN_1805244e0,1.81E+06,1805246f9
\Sql\Picasso\engine\src\imbi\query\xmvsquery.cpp,0x30cd,XMVSQuerySpec::BuildCompareHash,FUN_180523090,180523090,180523369
\Sql\Picasso\engine\src\imbi\query\xmvsquery.cpp,0x32f9,XMVSQuerySpec::BuildTransientState,FUN_180524be0,180524be0,180524c8b
\Sql\Picasso\engine\src\imbi\query\xmvsquery.cpp,0x3132,XMVSQuerySpec::ForceCompare,FUN_1805233d0,1805233d0,180523789
\Sql\Picasso\engine\src\imbi\query\xmvsquery.cpp,0x3133,XMVSQuerySpec::ForceCompare,FUN_1805233d0,1805233d0,180523789
\Sql\Picasso\engine\src\imbi\query\xmvsquery.cpp,0x3274,XMVSQuerySpec::Rewrite,FUN_180524020,180524020,18052447d
\Sql\Picasso\engine\src\imbi\query\xmvsquery.cpp,0x30a4,XMVSQuerySpec::Validate,FUN_180522d20,180522d20,180522f3f
\Sql\Picasso\engine\src\imbi\query\xmvsquery.cpp,0x2eb7,XMVSQuerySpecDO::Init,FUN_1805213d0,1805213d0,1.81E+08
\Sql\Picasso\engine\src\imbi\query\xmvsquery.cpp,0x2ef1,XMVSQuerySpecDO::Unmarshall,FUN_180521550,180521550,180521554
\Sql\Picasso\engine\src\imbi\query\xmvsquery.cpp,0x582,XMVSRelationshipResolver::BuildStorageCompressionInfo,FUN_180507e70,1.81E+75,180507ef6
\Sql\Picasso\engine\src\imbi\query\xmvsquery.cpp,0x562,XMVSRelationshipResolver::Marshall,FUN_180507db0,180507db0,180507db4
\Sql\Picasso\engine\src\imbi\query\xmvsquery.cpp,0x570,XMVSRelationshipResolver::Unmarshall,FUN_180507e10,1.81E+15,1.81E+19
\Sql\Picasso\engine\src\imbi\query\xmvsquery.cpp,0x5a4,XMVSRelationshipResolverVector::BuildTransientState,FUN_180507f50,180507f50,180508365
\Sql\Picasso\engine\src\imbi\query\xmvsquery.cpp,0x5ac,XMVSRelationshipResolverVector::BuildTransientState,FUN_180507f50,180507f50,180508365
\Sql\Picasso\engine\src\imbi\query\xmvsquery.cpp,0x5a8,XMVSRelationshipResolverVector::BuildTransientState,FUN_180507f50,180507f50,180508365
\Sql\Picasso\engine\src\imbi\query\xmvsquery.cpp,0x16a0,XMVSSynthesizeDO::Init,FUN_180512f10,180512f10,180512f22
\Sql\Picasso\engine\src\imbi\query\xmvsquery.cpp,0x16e9,XMVSSynthesizeDO::Marshall,FUN_180513170,180513170,180513174
\Sql\Picasso\engine\src\imbi\query\xmvsquery.cpp,0x16f3,XMVSSynthesizeDO::Unmarshall,FUN_1805131d0,1805131d0,1805131d4
\Sql\Picasso\engine\src\imbi\query\xmvsquery.cpp,0x3f5,XMVSTable::ResolveLazyBinding,FUN_1805066f0,1805066f0,1805067d0
\Sql\Picasso\engine\src\imbi\query\xmvsquery.cpp,0x4a6,XMVSTable::Unmarshall,FUN_180507390,180507390,180507653
\Sql\Picasso\engine\src\imbi\query\xmvsquery.cpp,0x3bb,XMVSTable::Validate,FUN_1805068c0,1805068c0,180506b1e
\Sql\Picasso\engine\src\imbi\query\xmvsquery.cpp,0x3be,XMVSTable::Validate,FUN_1805068c0,1805068c0,180506b1e
\Sql\Picasso\engine\src\imbi\query\xmvsquery.cpp,0x3c0,XMVSTable::Validate,FUN_1805068c0,1805068c0,180506b1e
\Sql\Picasso\engine\src\imbi\query\xmvsquery.cpp,0x3c3,XMVSTable::Validate,FUN_1805068c0,1805068c0,180506b1e
\Sql\Picasso\engine\src\imbi\query\xmvsquery.cpp,0x269,XMVSTableDO::Bind,FUN_180505e00,1.81E+05,180505f78
\Sql\Picasso\engine\src\imbi\query\xmvsquery.cpp,0x26b,XMVSTableDO::Bind,FUN_180505e00,1.81E+05,180505f78
\Sql\Picasso\engine\src\imbi\query\xmvsquery.cpp,0x26d,XMVSTableDO::Bind,FUN_180505e00,1.81E+05,180505f78
\Sql\Picasso\engine\src\imbi\query\xmvsquery.cpp,0x329,XMVSTableDO::Unmarshall,FUN_180506310,180506310,180506314
\Sql\Picasso\engine\src\imbi\query\xmvsquery.cpp,0x1541,XMVSUnaryOp::Bind,FUN_1805121c0,1805121c0,18051240f
\Sql\Picasso\engine\src\imbi\query\xmvsquery.cpp,0x156d,XMVSUnaryOp::Bind,FUN_1805121c0,1805121c0,18051240f
\Sql\Picasso\engine\src\imbi\query\xmvsquery.cpp,0x1571,XMVSUnaryOp::Bind,FUN_1805121c0,1805121c0,18051240f
\Sql\Picasso\engine\src\imbi\query\xmvsquery.cpp,0x1563,XMVSUnaryOp::Bind,FUN_1805121c0,1805121c0,18051240f
\Sql\Picasso\engine\src\imbi\query\xmvsquery.cpp,0x1563,XMVSUnaryOp::Bind,FUN_1805121c0,1805121c0,18051240f
\Sql\Picasso\engine\src\imbi\query\xmvsquery.cpp,0x1568,XMVSUnaryOp::Bind,FUN_1805121c0,1805121c0,18051240f
\Sql\Picasso\engine\src\imbi\query\xmvsquery.cpp,0x1553,XMVSUnaryOp::Bind,FUN_1805121c0,1805121c0,18051240f
\Sql\Picasso\engine\src\imbi\query\xmvsquery.cpp,0x1559,XMVSUnaryOp::Bind,FUN_1805121c0,1805121c0,18051240f
\Sql\Picasso\engine\src\imbi\query\xmvsquery.cpp,0x162f,XMVSUnaryOp::Serialize,FUN_180512980,180512980,180512b9d
\Sql\Picasso\engine\src\imbi\query\xmvsquery.cpp,0x24a5,XMVSWhereDO::AddContainsSequence,FUN_180034800,180034800,1800348ac
\Sql\Picasso\engine\src\imbi\query\xmvsquery.cpp,0x23c1,XMVSWhereDO::AddRange,FUN_180519db0,180519db0,18051a4d4
\Sql\Picasso\engine\src\imbi\query\xmvsquery.cpp,0x23f9,XMVSWhereDO::AddRange,FUN_180519db0,180519db0,18051a4d4
\Sql\Picasso\engine\src\imbi\query\xmvsquery.cpp,0x242b,XMVSWhereDO::AddRange,FUN_180519db0,180519db0,18051a4d4
\Sql\Picasso\engine\src\imbi\query\xmvsquery.cpp,0x2424,XMVSWhereDO::AddRange,FUN_180519db0,180519db0,18051a4d4
\Sql\Picasso\engine\src\imbi\query\xmvsquery.cpp,0x240b,XMVSWhereDO::AddRange,FUN_180519db0,180519db0,18051a4d4
\Sql\Picasso\engine\src\imbi\query\xmvsquery.cpp,0x25b3,XMVSWhereDO::Bind,FUN_18051c070,18051c070,18051c48f
\Sql\Picasso\engine\src\imbi\query\xmvsquery.cpp,0x2490,XMVSWhereDO::BindArbShape,FUN_18051a750,18051a750,18051b0df
\Sql\Picasso\engine\src\imbi\query\xmvsquery.cpp,0x2545,XMVSWhereDO::BindContainsInformation,FUN_18051ba00,18051ba00,18051bb4c
\Sql\Picasso\engine\src\imbi\query\xmvsquery.cpp,0x256c,XMVSWhereDO::BindIndexRef,FUN_18051bba0,18051bba0,18051bf04
\Sql\Picasso\engine\src\imbi\query\xmvsquery.cpp,0x256e,XMVSWhereDO::BindIndexRef,FUN_18051bba0,18051bba0,18051bf04
\Sql\Picasso\engine\src\imbi\query\xmvsquery.cpp,0x2588,XMVSWhereDO::BindIndexRef,FUN_18051bba0,18051bba0,18051bf04
\Sql\Picasso\engine\src\imbi\query\xmvsquery.cpp,0x258e,XMVSWhereDO::BindIndexRef,FUN_18051bba0,18051bba0,18051bf04
\Sql\Picasso\engine\src\imbi\query\xmvsquery.cpp,0x2599,XMVSWhereDO::BindIndexRef,FUN_18051bba0,18051bba0,18051bf04
\Sql\Picasso\engine\src\imbi\query\xmvsquery.cpp,0x259f,XMVSWhereDO::BindIndexRef,FUN_18051bba0,18051bba0,18051bf04
\Sql\Picasso\engine\src\imbi\query\xmvsquery.cpp,0x2576,XMVSWhereDO::BindIndexRef,FUN_18051bba0,18051bba0,18051bf04
\Sql\Picasso\engine\src\imbi\query\xmvsquery.cpp,0x257f,XMVSWhereDO::BindIndexRef,FUN_18051bba0,18051bba0,18051bf04
\Sql\Picasso\engine\src\imbi\query\xmvsquery.cpp,0x2570,XMVSWhereDO::BindIndexRef,FUN_18051bba0,18051bba0,18051bf04
\Sql\Picasso\engine\src\imbi\query\xmvsquery.cpp,0x2832,XMVSWhereDO::BuildCompareHash,FUN_18051d770,18051d770,18051d95a
\Sql\Picasso\engine\src\imbi\query\xmvsquery.cpp,0x24d2,XMVSWhereDO::GetECShape,FUN_18051a750,18051a750,18051b0df
\Sql\Picasso\engine\src\imbi\query\xmvsquery.cpp,0x24b8,XMVSWhereDO::GetECShape,FUN_18051a750,18051a750,18051b0df
\Sql\Picasso\engine\src\imbi\query\xmvsquery.cpp,0x24d1,XMVSWhereDO::GetECShape,FUN_18051a750,18051a750,18051b0df
\Sql\Picasso\engine\src\imbi\query\xmvsquery.cpp,0x24e0,XMVSWhereDO::Init,FUN_18051b310,18051b310,18051b33c
\Sql\Picasso\engine\src\imbi\query\xmvsquery.cpp,0x28cf,XMVSWhereDO::IsEqualAux,FUN_18051da90,18051da90,18051dd29
\Sql\Picasso\engine\src\imbi\query\xmvsquery.cpp,0x27cf,XMVSWhereDO::IsMatch,FUN_1805376f0,1805376f0,18053784e
\Sql\Picasso\engine\src\imbi\query\xmvsquery.cpp,0x24f0,XMVSWhereDO::PreBind,FUN_18051b3a0,18051b3a0,18051b8f9
\Sql\Picasso\engine\src\imbi\query\xmvsquery.cpp,0x24f1,XMVSWhereDO::PreBind,FUN_18051b3a0,18051b3a0,18051b8f9
\Sql\Picasso\engine\src\imbi\query\xmvsquery.cpp,0x24f6,XMVSWhereDO::PreBind,FUN_18051b3a0,18051b3a0,18051b8f9
\Sql\Picasso\engine\src\imbi\query\xmvsquery.cpp,0x264d,XMVSWhereDO::Serialize,FUN_18051c4f0,18051c4f0,18051d03a
\Sql\Picasso\engine\src\imbi\query\xmvsquery.cpp,0x2667,XMVSWhereDO::Serialize,FUN_18051c4f0,18051c4f0,18051d03a
\Sql\Picasso\engine\src\imbi\query\xmvsquery.cpp,0x2733,XMVSWhereDO::Serialize,FUN_18051c4f0,18051c4f0,18051d03a
\Sql\Picasso\engine\src\imbi\query\xmvsquery.cpp,0x26a4,XMVSWhereDO::Serialize,FUN_18051c4f0,18051c4f0,18051d03a
\Sql\Picasso\engine\src\imbi\query\xmvsquery.cpp,0x26b5,XMVSWhereDO::Serialize,FUN_18051c4f0,18051c4f0,18051d03a
\Sql\Picasso\engine\src\imbi\query\xmvsquery.cpp,0x2687,XMVSWhereDO::Serialize,FUN_18051c4f0,18051c4f0,18051d03a
\Sql\Picasso\engine\src\imbi\query\xmvsquery.cpp,0x2764,XMVSWhereDO::SerializeArbShape,FUN_18051d1f0,18051d1f0,18051d70e
\Sql\Picasso\engine\src\imbi\query\xmvsquery.cpp,0x2922,XMVSWhereDO::Unmarshall,FUN_18051df40,18051df40,18051df44
\Sql\Picasso\engine\src\imbi\query\xmvsquery.cpp,0x2df1,XMVSWhereVector::Validate,FUN_180520ba0,180520ba0,180520c3a
\Sql\Picasso\engine\src\imbi\query\xmvsquery.cpp,0x2df1,XMVSWhereVector::Validate,FUN_180522d20,180522d20,180522f3f
\Sql\Picasso\engine\src\imbi\query\xmvsquery.cpp,0x2df1,XMVSWhereVector::Validate,FUN_180522d20,180522d20,180522f3f
\Sql\Picasso\engine\src\imbi\query\xmvsquery.cpp,0x2c2d,XMVSXJoin::BuildRelationships,FUN_18051f5a0,18051f5a0,18051f895
\Sql\Picasso\engine\src\imbi\query\xmvsquery.cpp,0x2c41,XMVSXJoin::BuildRelationships,FUN_18051f5a0,18051f5a0,18051f895
\Sql\Picasso\engine\src\imbi\query\xmvsquery.cpp,0x2c46,XMVSXJoin::BuildRelationships,FUN_18051f5a0,18051f5a0,18051f895
\Sql\Picasso\engine\src\imbi\query\xmvsquery.cpp,0x2cc0,XMVSXJoin::Serialize,FUN_18051fd70,18051fd70,18052020c
\Sql\Picasso\engine\src\imbi\query\xmvsquery.cpp,0x2cc1,XMVSXJoin::Serialize,FUN_18051fd70,18051fd70,18052020c
\Sql\Picasso\engine\src\imbi\query\xmvsquery.cpp,0x2cd2,XMVSXJoin::Serialize,FUN_18051fd70,18051fd70,18052020c
\Sql\Picasso\engine\src\imbi\query\xmvsquery.cpp,0x2cd5,XMVSXJoin::Serialize,FUN_18051fd70,18051fd70,18052020c
\Sql\Picasso\engine\src\imbi\query\xmvsquery.cpp,0x2c66,XMVSXJoin::Validate,FUN_18051fa40,18051fa40,18051fc47
\Sql\Picasso\engine\src\imbi\query\xmvsquery.cpp,0x2c6e,XMVSXJoin::Validate,FUN_18051fa40,18051fa40,18051fc47
\Sql\Picasso\engine\src\imbi\query\xmvsquery.cpp,0x2c71,XMVSXJoin::Validate,FUN_18051fa40,18051fa40,18051fc47
\Sql\Picasso\engine\src\imbi\query\xmvsquery.cpp,0x2c7c,XMVSXJoin::Validate,FUN_18051fa40,18051fa40,18051fc47
\Sql\Picasso\engine\src\imbi\query\xmvsquery.cpp,0x2ea2,XMVSXJoinVector::FindReverseJoin,FUN_1805212e0,1.81E+06,18052137c
\Sql\Picasso\engine\src\imbi\query\xmvsquery.cpp,0x2e66,XMVSXJoinVector::PopulateHash,FUN_180520fb0,180520fb0,1805210f1
\Sql\Picasso\engine\src\imbi\query\xmvsquery.cpp,0x2e76,XMVSXJoinVector::Validate,FUN_180521150,180521150,1805211ea
\Sql\Picasso\engine\src\imbi\query\xmvsquery.cpp,0x2e76,XMVSXJoinVector::Validate,FUN_180522d20,180522d20,180522f3f
\Sql\Picasso\engine\src\imbi\query\xmvsquery.cpp,0x1ad,,FUN_1805053a0,1805053a0,18050550f
\Sql\Picasso\engine\src\imbi\query\xmvsquery.cpp,0x329,,FUN_180506310,180506310,180506314
\Sql\Picasso\engine\src\imbi\query\xmvsquery.cpp,0x3f5,,FUN_1805066f0,1805066f0,1805067d0
\Sql\Picasso\engine\src\imbi\query\xmvsquery.cpp,0x3bb,,FUN_1805068c0,1805068c0,180506b1e
\Sql\Picasso\engine\src\imbi\query\xmvsquery.cpp,0x562,,FUN_180507db0,180507db0,180507db4
\Sql\Picasso\engine\src\imbi\query\xmvsquery.cpp,0x570,,FUN_180507e10,1.81E+15,1.81E+19
\Sql\Picasso\engine\src\imbi\query\xmvsquery.cpp,0x582,,FUN_180507e70,1.81E+75,180507ef6
\Sql\Picasso\engine\src\imbi\query\xmvsquery.cpp,0x66e,,FUN_180508880,180508880,180508bdf
\Sql\Picasso\engine\src\imbi\query\xmvsquery.cpp,0x6a1,,FUN_180508db0,180508db0,1.81E+83
\Sql\Picasso\engine\src\imbi\query\xmvsquery.cpp,0x717,,FUN_180509020,180509020,1805090a1
\Sql\Picasso\engine\src\imbi\query\xmvsquery.cpp,0x735,,FUN_180509100,180509100,180509242
\Sql\Picasso\engine\src\imbi\query\xmvsquery.cpp,0x789,,FUN_1805092a0,1805092a0,1805093db
\Sql\Picasso\engine\src\imbi\query\xmvsquery.cpp,0x782,,FUN_1805092a0,1805092a0,1805093db
\Sql\Picasso\engine\src\imbi\query\xmvsquery.cpp,0x775,,FUN_1805092a0,1805092a0,1805093db
\Sql\Picasso\engine\src\imbi\query\xmvsquery.cpp,0xb1e,,FUN_18050c730,18050c730,18050c9ea
\Sql\Picasso\engine\src\imbi\query\xmvsquery.cpp,0xb75,,FUN_18050cb60,18050cb60,18050cb93
\Sql\Picasso\engine\src\imbi\query\xmvsquery.cpp,0xcf0,,FUN_18050d530,18050d530,18050d7e9
\Sql\Picasso\engine\src\imbi\query\xmvsquery.cpp,0xcf1,,FUN_18050d530,18050d530,18050d7e9
\Sql\Picasso\engine\src\imbi\query\xmvsquery.cpp,0xcf2,,FUN_18050d530,18050d530,18050d7e9
\Sql\Picasso\engine\src\imbi\query\xmvsquery.cpp,0xcf3,,FUN_18050d530,18050d530,18050d7e9
\Sql\Picasso\engine\src\imbi\query\xmvsquery.cpp,0xcf8,,FUN_18050d530,18050d530,18050d7e9
\Sql\Picasso\engine\src\imbi\query\xmvsquery.cpp,0xd6b,,FUN_18050db30,18050db30,18050dcd0
\Sql\Picasso\engine\src\imbi\query\xmvsquery.cpp,0xe12,,FUN_18050e090,1.81E+94,1.81E+269
\Sql\Picasso\engine\src\imbi\query\xmvsquery.cpp,0xe32,,FUN_18050e090,1.81E+94,1.81E+269
\Sql\Picasso\engine\src\imbi\query\xmvsquery.cpp,0xee0,,FUN_18050e5f0,18050e5f0,18050e68d
\Sql\Picasso\engine\src\imbi\query\xmvsquery.cpp,0xf3c,,FUN_18050e840,18050e840,18050e94d
\Sql\Picasso\engine\src\imbi\query\xmvsquery.cpp,0xfd0,,FUN_18050eb50,18050eb50,18050ed23
\Sql\Picasso\engine\src\imbi\query\xmvsquery.cpp,0x1077,,FUN_18050efb0,18050efb0,18050f12a
\Sql\Picasso\engine\src\imbi\query\xmvsquery.cpp,0x114f,,FUN_18050f6b0,18050f6b0,18050f8bb
\Sql\Picasso\engine\src\imbi\query\xmvsquery.cpp,0x114b,,FUN_18050f6b0,18050f6b0,18050f8bb
\Sql\Picasso\engine\src\imbi\query\xmvsquery.cpp,0x11e4,,FUN_18050fe10,18050fe10,18050ffaf
\Sql\Picasso\engine\src\imbi\query\xmvsquery.cpp,0x782,,FUN_180511a30,180511a30,180511f76
\Sql\Picasso\engine\src\imbi\query\xmvsquery.cpp,0x14fc,,FUN_180511a30,180511a30,180511f76
\Sql\Picasso\engine\src\imbi\query\xmvsquery.cpp,0x156d,,FUN_1805121c0,1805121c0,18051240f
\Sql\Picasso\engine\src\imbi\query\xmvsquery.cpp,0x1571,,FUN_1805121c0,1805121c0,18051240f
\Sql\Picasso\engine\src\imbi\query\xmvsquery.cpp,0x162f,,FUN_180512980,180512980,180512b9d
\Sql\Picasso\engine\src\imbi\query\xmvsquery.cpp,0x16a0,,FUN_180512f10,180512f10,180512f22
\Sql\Picasso\engine\src\imbi\query\xmvsquery.cpp,0x16e9,,FUN_180513170,180513170,180513174
\Sql\Picasso\engine\src\imbi\query\xmvsquery.cpp,0x16f3,,FUN_1805131d0,1805131d0,1805131d4
\Sql\Picasso\engine\src\imbi\query\xmvsquery.cpp,0x1739,,FUN_180513350,180513350,1805135f4
\Sql\Picasso\engine\src\imbi\query\xmvsquery.cpp,0x173a,,FUN_180513350,180513350,1805135f4
\Sql\Picasso\engine\src\imbi\query\xmvsquery.cpp,0x173b,,FUN_180513350,180513350,1805135f4
\Sql\Picasso\engine\src\imbi\query\xmvsquery.cpp,0x173c,,FUN_180513350,180513350,1805135f4
\Sql\Picasso\engine\src\imbi\query\xmvsquery.cpp,0x173d,,FUN_180513350,180513350,1805135f4
\Sql\Picasso\engine\src\imbi\query\xmvsquery.cpp,0x173e,,FUN_180513350,180513350,1805135f4
\Sql\Picasso\engine\src\imbi\query\xmvsquery.cpp,0x1868,,FUN_180514310,180514310,180514466
\Sql\Picasso\engine\src\imbi\query\xmvsquery.cpp,0x187f,,FUN_180514310,180514310,180514466
\Sql\Picasso\engine\src\imbi\query\xmvsquery.cpp,0x197b,,FUN_180514a80,180514a80,180514c70
\Sql\Picasso\engine\src\imbi\query\xmvsquery.cpp,0x1a54,,FUN_180515450,180515450,18051554f
\Sql\Picasso\engine\src\imbi\query\xmvsquery.cpp,0x1a76,,FUN_1805155b0,1805155b0,180515767
\Sql\Picasso\engine\src\imbi\query\xmvsquery.cpp,0x1aa9,,FUN_180515830,180515830,1805158ce
\Sql\Picasso\engine\src\imbi\query\xmvsquery.cpp,0x1b9c,,FUN_180515c10,180515c10,180515da3
\Sql\Picasso\engine\src\imbi\query\xmvsquery.cpp,0x220e,,FUN_180518b20,180518b20,180518dfa
\Sql\Picasso\engine\src\imbi\query\xmvsquery.cpp,0x223f,,FUN_180518f70,180518f70,180518fe7
\Sql\Picasso\engine\src\imbi\query\xmvsquery.cpp,0x2253,,FUN_180519080,180519080,1805191d3
\Sql\Picasso\engine\src\imbi\query\xmvsquery.cpp,0x2282,,FUN_180519290,180519290,180519309
\Sql\Picasso\engine\src\imbi\query\xmvsquery.cpp,0x22d4,,FUN_180519450,180519450,180519630
\Sql\Picasso\engine\src\imbi\query\xmvsquery.cpp,0x24e0,,FUN_18051b310,18051b310,18051b33c
\Sql\Picasso\engine\src\imbi\query\xmvsquery.cpp,0x258e,,FUN_18051bba0,18051bba0,18051bf04
\Sql\Picasso\engine\src\imbi\query\xmvsquery.cpp,0x2599,,FUN_18051bba0,18051bba0,18051bf04
\Sql\Picasso\engine\src\imbi\query\xmvsquery.cpp,0x259f,,FUN_18051bba0,18051bba0,18051bf04
\Sql\Picasso\engine\src\imbi\query\xmvsquery.cpp,0x257f,,FUN_18051bba0,18051bba0,18051bf04
\Sql\Picasso\engine\src\imbi\query\xmvsquery.cpp,0x25b3,,FUN_18051c070,18051c070,18051c48f
\Sql\Picasso\engine\src\imbi\query\xmvsquery.cpp,0x2832,,FUN_18051d770,18051d770,18051d95a
\Sql\Picasso\engine\src\imbi\query\xmvsquery.cpp,0x2922,,FUN_18051df40,18051df40,18051df44
\Sql\Picasso\engine\src\imbi\query\xmvsquery.cpp,0x2c71,,FUN_18051fa40,18051fa40,18051fc47
\Sql\Picasso\engine\src\imbi\query\xmvsquery.cpp,0x2ea2,,FUN_1805212e0,1.81E+06,18052137c
\Sql\Picasso\engine\src\imbi\query\xmvsquery.cpp,0x2eb7,,FUN_1805213d0,1805213d0,1.81E+08
\Sql\Picasso\engine\src\imbi\query\xmvsquery.cpp,0x2ef1,,FUN_180521550,180521550,180521554
\Sql\Picasso\engine\src\imbi\query\xmvsquery.cpp,0x30cd,,FUN_180523090,180523090,180523369
\Sql\Picasso\engine\src\imbi\query\xmvsquery.cpp,0x32f9,,FUN_180524be0,180524be0,180524c8b
\Sql\Picasso\engine\src\imbi\query\xmvsquery.cpp,0x2253,,FUN_1805348c0,1805348c0,180534a05
\Sql\Picasso\engine\src\imbi\query\xmvsquery.cpp,0x27cf,,FUN_1805376f0,1805376f0,18053784e
\Sql\Picasso\engine\src\imbi\query\xmvsquery.hpp,0x417,XMLightBaseValueEnumerator::CurrentStringValue,FUN_18053a9e0,18053a9e0,18053a9e4
\Sql\Picasso\engine\src\imbi\query\xmvsquery.hpp,0x418,XMLightBaseValueEnumerator::StringValue,FUN_18053aa40,18053aa40,18053aa44
\Sql\Picasso\engine\src\imbi\query\xmvsquery.hpp,0xb43,XMVSQuerySpecDO::Bind,FUN_180535690,180535690,180535694
\Sql\Picasso\engine\src\imbi\query\xmvsquery.hpp,0xb46,XMVSQuerySpecDO::BuildTransientState,FUN_180535750,180535750,180535754
\Sql\Picasso\engine\src\imbi\query\xmvsquery.hpp,0xb42,XMVSQuerySpecDO::CopyFrom,FUN_180535630,180535630,180535634
\Sql\Picasso\engine\src\imbi\query\xmvsquery.hpp,0xb44,XMVSQuerySpecDO::PostBind,FUN_1805356f0,1805356f0,1805356f4
\Sql\Picasso\engine\src\imbi\query\xmvsquery.hpp,0xb47,XMVSQuerySpecDO::ResetTransientState,FUN_1805357b0,1805357b0,1805357b4
\Sql\Picasso\engine\src\imbi\query\xmvsquery.hpp,0xb49,XMVSQuerySpecDO::Serialize,FUN_180535810,180535810,180535814
\Sql\Picasso\engine\src\imbi\query\xmvsquery.hpp,0x307,XMVSRelationshipResolver::BuildCompareHash,FUN_18053b0b0,18053b0b0,18053b0b4
\Sql\Picasso\engine\src\imbi\query\xmvsquery.hpp,0x308,XMVSRelationshipResolver::ForceCompare,FUN_18053b110,18053b110,18053b114
\Sql\Picasso\engine\src\imbi\query\xmvsquery.hpp,0x6fe,XMVSSynthesizeDO::Bind,FUN_180538600,180538600,180538604
\Sql\Picasso\engine\src\imbi\query\xmvsquery.hpp,0x701,XMVSSynthesizeDO::BuildTransientState,FUN_1805386c0,1805386c0,1805386c4
\Sql\Picasso\engine\src\imbi\query\xmvsquery.hpp,0x6fd,XMVSSynthesizeDO::CopyFrom,FUN_1805385a0,1805385a0,1805385a4
\Sql\Picasso\engine\src\imbi\query\xmvsquery.hpp,0x6ff,XMVSSynthesizeDO::PostBind,FUN_180538660,180538660,180538664
\Sql\Picasso\engine\src\imbi\query\xmvsquery.hpp,0x702,XMVSSynthesizeDO::ResetTransientState,FUN_180538720,180538720,180538724
\Sql\Picasso\engine\src\imbi\query\xmvsquery.hpp,0x703,XMVSSynthesizeDO::Serialize,FUN_180538780,180538780,180538784
\Sql\Picasso\engine\src\imbi\query\xmvsquery.hpp,0x27a,XMVSTableDO::Bind,FUN_18053b870,18053b870,18053b874
\Sql\Picasso\engine\src\imbi\query\xmvsquery.hpp,0x27d,XMVSTableDO::BuildTransientState,FUN_18053b930,18053b930,18053b934
\Sql\Picasso\engine\src\imbi\query\xmvsquery.hpp,0x279,XMVSTableDO::CopyFrom,FUN_18053b810,18053b810,18053b814
\Sql\Picasso\engine\src\imbi\query\xmvsquery.hpp,0x27b,XMVSTableDO::PostBind,FUN_18053b8d0,18053b8d0,18053b8d4
\Sql\Picasso\engine\src\imbi\query\xmvsquery.hpp,0x27e,XMVSTableDO::ResetTransientState,FUN_18053b990,18053b990,18053b994
\Sql\Picasso\engine\src\imbi\query\xmvsquery.hpp,0x27f,XMVSTableDO::Serialize,FUN_18053b9f0,18053b9f0,18053b9f4
\Sql\Picasso\engine\src\imbi\query\xmvsquery.hpp,0x9e2,XMVSWhereDO::Bind,FUN_180537a10,180537a10,180537a14
\Sql\Picasso\engine\src\imbi\query\xmvsquery.hpp,0x9e4,XMVSWhereDO::BuildTransientState,FUN_180537ad0,180537ad0,180537ad4
\Sql\Picasso\engine\src\imbi\query\xmvsquery.hpp,0x9e1,XMVSWhereDO::CopyFrom,FUN_1805379b0,1805379b0,1805379b4
\Sql\Picasso\engine\src\imbi\query\xmvsquery.hpp,0x9e3,XMVSWhereDO::PostBind,FUN_180537a70,180537a70,180537a74
\Sql\Picasso\engine\src\imbi\query\xmvsquery.hpp,0x9e5,XMVSWhereDO::ResetTransientState,FUN_180537b30,180537b30,180537b34
\Sql\Picasso\engine\src\imbi\query\xmvsquery.hpp,0x9e6,XMVSWhereDO::Serialize,FUN_180537b90,180537b90,180537b94
\Sql\Picasso\engine\src\imbi\query\xmvsquery.hpp,0xb42,,FUN_180535630,180535630,180535634
\Sql\Picasso\engine\src\imbi\query\xmvsquery.hpp,0xb43,,FUN_180535690,180535690,180535694
\Sql\Picasso\engine\src\imbi\query\xmvsquery.hpp,0xb44,,FUN_1805356f0,1805356f0,1805356f4
\Sql\Picasso\engine\src\imbi\query\xmvsquery.hpp,0xb46,,FUN_180535750,180535750,180535754
\Sql\Picasso\engine\src\imbi\query\xmvsquery.hpp,0xb47,,FUN_1805357b0,1805357b0,1805357b4
\Sql\Picasso\engine\src\imbi\query\xmvsquery.hpp,0xb49,,FUN_180535810,180535810,180535814
\Sql\Picasso\engine\src\imbi\query\xmvsquery.hpp,0x9e1,,FUN_1805379b0,1805379b0,1805379b4
\Sql\Picasso\engine\src\imbi\query\xmvsquery.hpp,0x9e2,,FUN_180537a10,180537a10,180537a14
\Sql\Picasso\engine\src\imbi\query\xmvsquery.hpp,0x9e3,,FUN_180537a70,180537a70,180537a74
\Sql\Picasso\engine\src\imbi\query\xmvsquery.hpp,0x9e4,,FUN_180537ad0,180537ad0,180537ad4
\Sql\Picasso\engine\src\imbi\query\xmvsquery.hpp,0x9e5,,FUN_180537b30,180537b30,180537b34
\Sql\Picasso\engine\src\imbi\query\xmvsquery.hpp,0x9e6,,FUN_180537b90,180537b90,180537b94
\Sql\Picasso\engine\src\imbi\query\xmvsquery.hpp,0x6fd,,FUN_1805385a0,1805385a0,1805385a4
\Sql\Picasso\engine\src\imbi\query\xmvsquery.hpp,0x6fe,,FUN_180538600,180538600,180538604
\Sql\Picasso\engine\src\imbi\query\xmvsquery.hpp,0x6ff,,FUN_180538660,180538660,180538664
\Sql\Picasso\engine\src\imbi\query\xmvsquery.hpp,0x701,,FUN_1805386c0,1805386c0,1805386c4
\Sql\Picasso\engine\src\imbi\query\xmvsquery.hpp,0x702,,FUN_180538720,180538720,180538724
\Sql\Picasso\engine\src\imbi\query\xmvsquery.hpp,0x703,,FUN_180538780,180538780,180538784
\Sql\Picasso\engine\src\imbi\query\xmvsquery.hpp,0x417,,FUN_18053a9e0,18053a9e0,18053a9e4
\Sql\Picasso\engine\src\imbi\query\xmvsquery.hpp,0x418,,FUN_18053aa40,18053aa40,18053aa44
\Sql\Picasso\engine\src\imbi\query\xmvsquery.hpp,0x307,,FUN_18053b0b0,18053b0b0,18053b0b4
\Sql\Picasso\engine\src\imbi\query\xmvsquery.hpp,0x308,,FUN_18053b110,18053b110,18053b114
\Sql\Picasso\engine\src\imbi\query\xmvsquery.hpp,0x279,,FUN_18053b810,18053b810,18053b814
\Sql\Picasso\engine\src\imbi\query\xmvsquery.hpp,0x27a,,FUN_18053b870,18053b870,18053b874
\Sql\Picasso\engine\src\imbi\query\xmvsquery.hpp,0x27b,,FUN_18053b8d0,18053b8d0,18053b8d4
\Sql\Picasso\engine\src\imbi\query\xmvsquery.hpp,0x27d,,FUN_18053b930,18053b930,18053b934
\Sql\Picasso\engine\src\imbi\query\xmvsquery.hpp,0x27e,,FUN_18053b990,18053b990,18053b994
\Sql\Picasso\engine\src\imbi\query\xmvsquery.hpp,0x27f,,FUN_18053b9f0,18053b9f0,18053b9f4
\Sql\Picasso\engine\src\imbi\query\xmvsquery.inl,0x78b,XMLightBaseValueEnumerator::IsGlobalNullArithmeticEquivalent,FUN_180509100,180509100,1805091ec
\Sql\Picasso\engine\src\imbi\query\xmvsquery.inl,0x78b,XMLightBaseValueEnumerator::IsGlobalNullArithmeticEquivalent,FUN_1805092a0,1805092a0,180509431
\Sql\Picasso\engine\src\imbi\query\xmvsquery.inl,0x78b,XMLightBaseValueEnumerator::IsGlobalNullArithmeticEquivalent,FUN_18050eb50,18050eb50,18050eccd
\Sql\Picasso\engine\src\imbi\query\xmvsquery.inl,0x78b,XMLightBaseValueEnumerator::IsGlobalNullArithmeticEquivalent,FUN_1805102b0,1805102b0,1805117bc
\Sql\Picasso\engine\src\imbi\query\xmvsquery.inl,0x78b,XMLightBaseValueEnumerator::IsGlobalNullArithmeticEquivalent,FUN_180511a30,180511a30,180511f20
\Sql\Picasso\engine\src\imbi\query\xmvsquery.inl,0x78b,XMLightBaseValueEnumerator::IsGlobalNullArithmeticEquivalent,FUN_180514500,180514500,1805148fe
\Sql\Picasso\engine\src\imbi\query\xmvsquery.inl,0x78b,XMLightBaseValueEnumerator::IsGlobalNullArithmeticEquivalent,FUN_180514d50,180514d50,180514f35
\Sql\Picasso\engine\src\imbi\query\xmvsquery.inl,0x78b,XMLightBaseValueEnumerator::IsGlobalNullArithmeticEquivalent,FUN_1805151c0,1805151c0,180515397
\Sql\Picasso\engine\src\imbi\query\xmvsquery.inl,0x78b,XMLightBaseValueEnumerator::IsGlobalNullArithmeticEquivalent,FUN_1805168a0,1805168a0,180516b4a
\Sql\Picasso\engine\src\imbi\query\xmvsquery.inl,0x78b,XMLightBaseValueEnumerator::IsGlobalNullArithmeticEquivalent,FUN_180518870,180518870,18051890d
\Sql\Picasso\engine\src\imbi\query\xmvsquery.inl,0x78b,XMLightBaseValueEnumerator::IsGlobalNullArithmeticEquivalent,FUN_18058c6d0,18058c6d0,18058c7ac
\Sql\Picasso\engine\src\imbi\query\xmvsquery.inl,0x78b,XMLightBaseValueEnumerator::IsGlobalNullArithmeticEquivalent,FUN_18058d9e0,18058d9e0,18058e2da
\Sql\Picasso\engine\src\imbi\query\xmvsquery.inl,0x78b,XMLightBaseValueEnumerator::IsGlobalNullArithmeticEquivalent,FUN_1807783f0,1807783f0,18077853c
\Sql\Picasso\engine\src\imbi\query\xmvsquery.inl,0x78b,XMLightBaseValueEnumerator::IsGlobalNullArithmeticEquivalent,FUN_1807785a0,1807785a0,1807786ee
\Sql\Picasso\engine\src\imbi\query\xmvsquery.inl,0x78b,XMLightBaseValueEnumerator::IsGlobalNullArithmeticEquivalent,FUN_180778750,180778750,18077889b
\Sql\Picasso\engine\src\imbi\query\xmvsquery.inl,0x78b,XMLightBaseValueEnumerator::IsGlobalNullArithmeticEquivalent,FUN_180778bd0,180778bd0,180778d0f
\Sql\Picasso\engine\src\imbi\query\xmvsquery.inl,0x78b,XMLightBaseValueEnumerator::IsGlobalNullArithmeticEquivalent,FUN_180778d70,180778d70,180778e9e
\Sql\Picasso\engine\src\imbi\query\xmvsquery.inl,0x78b,XMLightBaseValueEnumerator::IsGlobalNullArithmeticEquivalent,FUN_180778f00,180778f00,180779027
\Sql\Picasso\engine\src\imbi\query\xmvsquery.inl,0x78b,XMLightBaseValueEnumerator::IsGlobalNullArithmeticEquivalent,FUN_180779300,180779300,180779459
\Sql\Picasso\engine\src\imbi\query\xmvsquery.inl,0x78b,XMLightBaseValueEnumerator::IsGlobalNullArithmeticEquivalent,FUN_1807794c0,1807794c0,18077960b
\Sql\Picasso\engine\src\imbi\query\xmvsquery.inl,0x78b,XMLightBaseValueEnumerator::IsGlobalNullArithmeticEquivalent,FUN_180779670,180779670,18077978e
\Sql\Picasso\engine\src\imbi\query\xmvsquery.inl,0x78b,XMLightBaseValueEnumerator::IsGlobalNullArithmeticEquivalent,FUN_180779a80,180779a80,180779bd6
\Sql\Picasso\engine\src\imbi\query\xmvsquery.inl,0x78b,XMLightBaseValueEnumerator::IsGlobalNullArithmeticEquivalent,FUN_180779c40,180779c40,180779d88
\Sql\Picasso\engine\src\imbi\query\xmvsquery.inl,0x78b,XMLightBaseValueEnumerator::IsGlobalNullArithmeticEquivalent,FUN_180779df0,180779df0,180779f0c
\Sql\Picasso\engine\src\imbi\query\xmvsquery.inl,0x78b,XMLightBaseValueEnumerator::IsGlobalNullArithmeticEquivalent,FUN_18077a1f0,18077a1f0,18077a921
\Sql\Picasso\engine\src\imbi\query\xmvsquery.inl,0x78b,XMLightBaseValueEnumerator::IsGlobalNullArithmeticEquivalent,FUN_18077a980,18077a980,18077b0b5
\Sql\Picasso\engine\src\imbi\query\xmvsquery.inl,0x78b,XMLightBaseValueEnumerator::IsGlobalNullArithmeticEquivalent,FUN_18077b120,18077b120,18077b841
\Sql\Picasso\engine\src\imbi\query\xmvsquery.inl,0x78b,XMLightBaseValueEnumerator::IsGlobalNullArithmeticEquivalent,FUN_18077c540,18077c540,18077cbb2
\Sql\Picasso\engine\src\imbi\query\xmvsquery.inl,0x78b,XMLightBaseValueEnumerator::IsGlobalNullArithmeticEquivalent,FUN_18077cc10,18077cc10,18077d286
\Sql\Picasso\engine\src\imbi\query\xmvsquery.inl,0x78b,XMLightBaseValueEnumerator::IsGlobalNullArithmeticEquivalent,FUN_18077d2f0,18077d2f0,18077d889
\Sql\Picasso\engine\src\imbi\query\xmvsquery.inl,0x78b,XMLightBaseValueEnumerator::IsGlobalNullArithmeticEquivalent,FUN_18077e1c0,18077e1c0,18077e89b
\Sql\Picasso\engine\src\imbi\query\xmvsquery.inl,0x78b,XMLightBaseValueEnumerator::IsGlobalNullArithmeticEquivalent,FUN_18077e900,18077e900,18077efe8
\Sql\Picasso\engine\src\imbi\query\xmvsquery.inl,0x78b,XMLightBaseValueEnumerator::IsGlobalNullArithmeticEquivalent,FUN_18077f050,18077f050,18077f63b
\Sql\Picasso\engine\src\imbi\query\xmvsquery.inl,0x78b,XMLightBaseValueEnumerator::IsGlobalNullArithmeticEquivalent,FUN_180780010,180780010,1807806d6
\Sql\Picasso\engine\src\imbi\query\xmvsquery.inl,0x78b,XMLightBaseValueEnumerator::IsGlobalNullArithmeticEquivalent,FUN_180780740,180780740,180780e2b
\Sql\Picasso\engine\src\imbi\query\xmvsquery.inl,0x78b,XMLightBaseValueEnumerator::IsGlobalNullArithmeticEquivalent,FUN_180780e90,1.81E+95,180781459
\Sql\Picasso\engine\src\imbi\query\xmvsquery.inl,0x78b,XMLightBaseValueEnumerator::IsGlobalNullArithmeticEquivalent,FUN_180960490,180960490,180960532
\Sql\Picasso\engine\src\imbi\query\xmvsquery.inl,0x78b,XMLightBaseValueEnumerator::IsGlobalNullArithmeticEquivalent,FUN_1809605e0,1.81E+06,180960692
\Sql\Picasso\engine\src\imbi\query\xmvsquery.inl,0x78b,XMLightBaseValueEnumerator::IsGlobalNullArithmeticEquivalent,FUN_180a37760,180a37760,180a37b2c
\Sql\Picasso\engine\src\imbi\query\xmvsquery.inl,0x78b,XMLightBaseValueEnumerator::IsGlobalNullArithmeticEquivalent,FUN_180a37d00,180a37d00,180a380f1
\Sql\Picasso\engine\src\imbi\query\xmvsquery.inl,0x78b,XMLightBaseValueEnumerator::IsGlobalNullArithmeticEquivalent,FUN_180a383c0,180a383c0,180a38836
\Sql\Picasso\engine\src\imbi\query\xmvsquery.inl,0x78b,XMLightBaseValueEnumerator::IsGlobalNullArithmeticEquivalent,FUN_180a38aa0,180a38aa0,180a38efd
\Sql\Picasso\engine\src\imbi\query\xmvsquery.inl,0x78b,XMLightBaseValueEnumerator::IsGlobalNullArithmeticEquivalent,FUN_180a392d0,180a392d0,180a396e5
\Sql\Picasso\engine\src\imbi\query\xmvsquery.inl,0x78b,XMLightBaseValueEnumerator::IsGlobalNullArithmeticEquivalent,FUN_180a398f0,180a398f0,180a39d2b
\Sql\Picasso\engine\src\imbi\query\xmvsquery.inl,0x78b,XMLightBaseValueEnumerator::IsGlobalNullArithmeticEquivalent,FUN_180c87920,180c87920,180c87a1b
\Sql\Picasso\engine\src\imbi\query\xmvsquery.inl,0x78b,XMLightBaseValueEnumerator::IsGlobalNullArithmeticEquivalent,FUN_180c87a80,180c87a80,180c87b7b
\Sql\Picasso\engine\src\imbi\query\xmvsquery.inl,0x78b,XMLightBaseValueEnumerator::IsGlobalNullArithmeticEquivalent,FUN_180c87be0,180c87be0,180c87cce
\Sql\Picasso\engine\src\imbi\query\xmvsquery.inl,0x78b,XMLightBaseValueEnumerator::IsGlobalNullArithmeticEquivalent,FUN_180c88020,180c88020,180c8812e
\Sql\Picasso\engine\src\imbi\query\xmvsquery.inl,0x78b,XMLightBaseValueEnumerator::IsGlobalNullArithmeticEquivalent,FUN_180c88190,180c88190,180c8827b
\Sql\Picasso\engine\src\imbi\query\xmvsquery.inl,0x78b,XMLightBaseValueEnumerator::IsGlobalNullArithmeticEquivalent,FUN_180c882e0,180c882e0,180c883c7
\Sql\Picasso\engine\src\imbi\query\xmvsquery.inl,0x78b,XMLightBaseValueEnumerator::IsGlobalNullArithmeticEquivalent,FUN_180c88710,180c88710,180c88c1e
\Sql\Picasso\engine\src\imbi\query\xmvsquery.inl,0x78b,XMLightBaseValueEnumerator::IsGlobalNullArithmeticEquivalent,FUN_180c88c80,180c88c80,180c890cb
\Sql\Picasso\engine\src\imbi\query\xmvsquery.inl,0x78b,XMLightBaseValueEnumerator::IsGlobalNullArithmeticEquivalent,FUN_180c89130,180c89130,180c8957b
\Sql\Picasso\engine\src\imbi\query\xmvsquery.inl,0x78b,XMLightBaseValueEnumerator::IsGlobalNullArithmeticEquivalent,FUN_180c89bc0,180c89bc0,180c8a09f
\Sql\Picasso\engine\src\imbi\query\xmvsquery.inl,0x78b,XMLightBaseValueEnumerator::IsGlobalNullArithmeticEquivalent,FUN_180c8a100,180c8a100,180c8a544
\Sql\Picasso\engine\src\imbi\query\xmvsquery.inl,0x78b,XMLightBaseValueEnumerator::IsGlobalNullArithmeticEquivalent,FUN_180c8a5a0,180c8a5a0,180c8a9d0
\Sql\Picasso\engine\src\imbi\query\xmvsquery.inl,0x78b,XMLightBaseValueEnumerator::IsGlobalNullArithmeticEquivalent,FUN_180f257b0,180f257b0,180f25898
\Sql\Picasso\engine\src\imbi\query\xmvsquery.inl,0x78b,XMLightBaseValueEnumerator::IsGlobalNullArithmeticEquivalent,FUN_180f25900,180f25900,180f259dc
\Sql\Picasso\engine\src\imbi\query\xmvsquery.inl,0x78b,XMLightBaseValueEnumerator::IsGlobalNullArithmeticEquivalent,FUN_180f25a40,180f25a40,180f25b1c
\Sql\Picasso\engine\src\imbi\query\xmvsquery.inl,0x78b,XMLightBaseValueEnumerator::IsGlobalNullArithmeticEquivalent,FUN_180f25cf0,180f25cf0,180f25dc7
\Sql\Picasso\engine\src\imbi\query\xmvsquery.inl,0x78b,XMLightBaseValueEnumerator::IsGlobalNullArithmeticEquivalent,FUN_180f25e30,180f25e30,180f25f00
\Sql\Picasso\engine\src\imbi\query\xmvsquery.inl,0x78b,XMLightBaseValueEnumerator::IsGlobalNullArithmeticEquivalent,FUN_180f25f60,180f25f60,180f2602d
\Sql\Picasso\engine\src\imbi\query\xmvsquery.inl,0x78b,XMLightBaseValueEnumerator::IsGlobalNullArithmeticEquivalent,FUN_180f263f0,180f263f0,180f26918
\Sql\Picasso\engine\src\imbi\query\xmvsquery.inl,0x78b,XMLightBaseValueEnumerator::IsGlobalNullArithmeticEquivalent,FUN_180f26980,180f26980,180f26e06
\Sql\Picasso\engine\src\imbi\query\xmvsquery.inl,0x78b,XMLightBaseValueEnumerator::IsGlobalNullArithmeticEquivalent,FUN_180f26e70,180f26e70,180f272f6
\Sql\Picasso\engine\src\imbi\query\xmvsquery.inl,0x78b,XMLightBaseValueEnumerator::IsGlobalNullArithmeticEquivalent,FUN_180f279a0,180f279a0,180f27ed8
\Sql\Picasso\engine\src\imbi\query\xmvsquery.inl,0x78b,XMLightBaseValueEnumerator::IsGlobalNullArithmeticEquivalent,FUN_180f27f40,180f27f40,180f28420
\Sql\Picasso\engine\src\imbi\query\xmvsquery.inl,0x78b,XMLightBaseValueEnumerator::IsGlobalNullArithmeticEquivalent,FUN_180f28480,180f28480,180f2893c
\Sql\Picasso\engine\src\imbi\query\xmvsquery.inl,0x6d2,XMLightRRVectorEnumerator::CurrentAux,FUN_180531430,180531430,180531645
\Sql\Picasso\engine\src\imbi\query\xmvsquery.inl,0x6fa,XMLightRRVectorEnumerator::CurrentAux,FUN_180531430,180531430,180531645
\Sql\Picasso\engine\src\imbi\query\xmvsquery.inl,0x706,XMLightRRVectorEnumerator::CurrentAux,FUN_180531430,180531430,180531645
\Sql\Picasso\engine\src\imbi\query\xmvsquery.inl,0x6fa,XMLightRRVectorEnumerator::CurrentAux,FUN_1805316b0,1805316b0,180531774
\Sql\Picasso\engine\src\imbi\query\xmvsquery.inl,0x1de,XMVSBaseSupport::XMType2Encoding,FUN_180567cd0,180567cd0,180567ef0
\Sql\Picasso\engine\src\imbi\query\xmvsquery.inl,0x1de,XMVSBaseSupport::XMType2Encoding,FUN_18056b470,18056b470,18056b7fa
\Sql\Picasso\engine\src\imbi\query\xmvsquery.inl,0x1de,XMVSBaseSupport::XMType2Encoding,FUN_18056c110,18056c110,18056c4b3
\Sql\Picasso\engine\src\imbi\query\xmvsquery.inl,0x1de,XMVSBaseSupport::XMType2Encoding,FUN_18056cae0,18056cae0,18056ce50
\Sql\Picasso\engine\src\imbi\query\xmvsquery.inl,0x1de,XMVSBaseSupport::XMType2Encoding,FUN_180583e80,1.81E+85,1805861b0
\Sql\Picasso\engine\src\imbi\query\xmvsquery.inl,0x1de,XMVSBaseSupport::XMType2Encoding,FUN_180586fa0,180586fa0,180587164
\Sql\Picasso\engine\src\imbi\query\xmvsquery.inl,0x1de,XMVSBaseSupport::XMType2Encoding,FUN_180587280,180587280,180588806
\Sql\Picasso\engine\src\imbi\query\xmvsquery.inl,0x1de,XMVSBaseSupport::XMType2Encoding,FUN_180589100,180589100,180589443
\Sql\Picasso\engine\src\imbi\query\xmvsquery.inl,0x1de,XMVSBaseSupport::XMType2Encoding,FUN_1805895b0,1805895b0,180589637
\Sql\Picasso\engine\src\imbi\query\xmvsquery.inl,0x1de,XMVSBaseSupport::XMType2Encoding,FUN_180590b50,180590b50,180590dfa
\Sql\Picasso\engine\src\imbi\query\xmvsquery.inl,0x1de,XMVSBaseSupport::XMType2Encoding,FUN_1805920d0,1805920d0,180592388
\Sql\Picasso\engine\src\imbi\query\xmvsquery.inl,0x1de,XMVSBaseSupport::XMType2Encoding,FUN_180593620,180593620,1805938b5
\Sql\Picasso\engine\src\imbi\query\xmvsquery.inl,0x1de,XMVSBaseSupport::XMType2Encoding,FUN_180594410,180594410,1805949ca
\Sql\Picasso\engine\src\imbi\query\xmvsquery.inl,0x1de,XMVSBaseSupport::XMType2Encoding,FUN_18075dae0,18075dae0,18075dbac
\Sql\Picasso\engine\src\imbi\query\xmvsquery.inl,0x1de,XMVSBaseSupport::XMType2Encoding,FUN_180764ff0,180764ff0,180765206
\Sql\Picasso\engine\src\imbi\query\xmvsquery.inl,0x1de,XMVSBaseSupport::XMType2Encoding,FUN_1807652c0,1807652c0,180765a9f
\Sql\Picasso\engine\src\imbi\query\xmvsquery.inl,0x1de,XMVSBaseSupport::XMType2Encoding,FUN_180765ec0,180765ec0,180766463
\Sql\Picasso\engine\src\imbi\query\xmvsquery.inl,0x1de,XMVSBaseSupport::XMType2Encoding,FUN_1807667e0,1.81E+06,180766c52
\Sql\Picasso\engine\src\imbi\query\xmvsquery.inl,0x1de,XMVSBaseSupport::XMType2Encoding,FUN_180766e90,1.81E+95,1.81E+13
\Sql\Picasso\engine\src\imbi\query\xmvsquery.inl,0x1de,XMVSBaseSupport::XMType2Encoding,FUN_18076f760,18076f760,18076fab5
\Sql\Picasso\engine\src\imbi\query\xmvsquery.inl,0x1de,XMVSBaseSupport::XMType2Encoding,FUN_180777f70,180777f70,1807782c5
\Sql\Picasso\engine\src\imbi\query\xmvsquery.inl,0x1126,XMVSWhere::SetTableBitmap,FUN_1800285c0,1800285c0,180028824
\Sql\Picasso\engine\src\imbi\query\xmvsquery.inl,0x1126,XMVSWhere::SetTableBitmap,FUN_18002cda0,18002cda0,18002cfd6
\Sql\Picasso\engine\src\imbi\query\xmvsquery.inl,0x1126,XMVSWhere::SetTableBitmap,FUN_180f8f050,180f8f050,180f90f41
\Sql\Picasso\engine\src\imbi\query\xmvsquery.inl,0xf09,XMVSWhereDO::ShouldTryToIntersectPartitionsStats,FUN_180524750,180524750,180524b6c
\Sql\Picasso\engine\src\imbi\query\xmvsquery.inl,0x78b,,FUN_180509100,180509100,1805091ec
\Sql\Picasso\engine\src\imbi\query\xmvsquery.inl,0x78b,,FUN_1805092a0,1805092a0,180509431
\Sql\Picasso\engine\src\imbi\query\xmvsquery.inl,0x78b,,FUN_18050eb50,18050eb50,18050eccd
\Sql\Picasso\engine\src\imbi\query\xmvsquery.inl,0x78b,,FUN_180511a30,180511a30,180511f20
\Sql\Picasso\engine\src\imbi\query\xmvsquery.inl,0x78b,,FUN_180518870,180518870,18051890d
\Sql\Picasso\engine\src\imbi\query\xmvsquery.inl,0x6d2,,FUN_180531430,180531430,180531645
\Sql\Picasso\engine\src\imbi\query\xmvsquery.inl,0x6fa,,FUN_180531430,180531430,180531645
\Sql\Picasso\engine\src\imbi\query\xmvsquery.inl,0x706,,FUN_180531430,180531430,180531645
\Sql\Picasso\engine\src\imbi\query\xmvsquery.inl,0x6fa,,FUN_1805316b0,1805316b0,180531774
\Sql\Picasso\engine\src\imbi\query\xmvsquery.inl,0x1de,,FUN_180567cd0,180567cd0,180567ef0
\Sql\Picasso\engine\src\imbi\query\xmvsquery.inl,0x1de,,FUN_18056b470,18056b470,18056b7fa
\Sql\Picasso\engine\src\imbi\query\xmvsquery.inl,0x1de,,FUN_18056c110,18056c110,18056c4b3
\Sql\Picasso\engine\src\imbi\query\xmvsquery.inl,0x1de,,FUN_18056cae0,18056cae0,18056ce50
\Sql\Picasso\engine\src\imbi\query\xmvsquery.inl,0x1de,,FUN_180583e80,1.81E+85,1805861b0
\Sql\Picasso\engine\src\imbi\query\xmvsquery.inl,0x1de,,FUN_180586fa0,180586fa0,180587164
\Sql\Picasso\engine\src\imbi\query\xmvsquery.inl,0x1de,,FUN_180587280,180587280,180588806
\Sql\Picasso\engine\src\imbi\query\xmvsquery.inl,0x1de,,FUN_180589100,180589100,180589443
\Sql\Picasso\engine\src\imbi\query\xmvsquery.inl,0x1de,,FUN_1805895b0,1805895b0,180589637
\Sql\Picasso\engine\src\imbi\query\xmvsquery.inl,0x78b,,FUN_18058c6d0,18058c6d0,18058c7ac
\Sql\Picasso\engine\src\imbi\query\xmvsquery.inl,0x1de,,FUN_180590b50,180590b50,180590dfa
\Sql\Picasso\engine\src\imbi\query\xmvsquery.inl,0x1de,,FUN_1805920d0,1805920d0,180592388
\Sql\Picasso\engine\src\imbi\query\xmvsquery.inl,0x1de,,FUN_180593620,180593620,1805938b5
\Sql\Picasso\engine\src\imbi\query\xmvsquery.inl,0x1de,,FUN_180594410,180594410,1805949ca
\Sql\Picasso\engine\src\imbi\query\xmvsquery.inl,0x1de,,FUN_18075dae0,18075dae0,18075dbac
\Sql\Picasso\engine\src\imbi\query\xmvsquery.inl,0x1de,,FUN_180764ff0,180764ff0,180765206
\Sql\Picasso\engine\src\imbi\query\xmvsquery.inl,0x1de,,FUN_1807652c0,1807652c0,180765a9f
\Sql\Picasso\engine\src\imbi\query\xmvsquery.inl,0x1de,,FUN_180765ec0,180765ec0,180766463
\Sql\Picasso\engine\src\imbi\query\xmvsquery.inl,0x1de,,FUN_1807667e0,1.81E+06,180766c52
\Sql\Picasso\engine\src\imbi\query\xmvsquery.inl,0x1de,,FUN_180766e90,1.81E+95,1.81E+13
\Sql\Picasso\engine\src\imbi\query\xmvsquery.inl,0x1de,,FUN_18076f760,18076f760,18076fab5
\Sql\Picasso\engine\src\imbi\query\xmvsquery.inl,0x1de,,FUN_180777f70,180777f70,1807782c5
\Sql\Picasso\engine\src\imbi\query\xmvsquery.inl,0x78b,,FUN_1807783f0,1807783f0,18077853c
\Sql\Picasso\engine\src\imbi\query\xmvsquery.inl,0x78b,,FUN_1807785a0,1807785a0,1807786ee
\Sql\Picasso\engine\src\imbi\query\xmvsquery.inl,0x78b,,FUN_180778750,180778750,18077889b
\Sql\Picasso\engine\src\imbi\query\xmvsquery.inl,0x78b,,FUN_180778bd0,180778bd0,180778d0f
\Sql\Picasso\engine\src\imbi\query\xmvsquery.inl,0x78b,,FUN_180778d70,180778d70,180778e9e
\Sql\Picasso\engine\src\imbi\query\xmvsquery.inl,0x78b,,FUN_180778f00,180778f00,180779027
\Sql\Picasso\engine\src\imbi\query\xmvsquery.inl,0x78b,,FUN_180779300,180779300,180779459
\Sql\Picasso\engine\src\imbi\query\xmvsquery.inl,0x78b,,FUN_1807794c0,1807794c0,18077960b
\Sql\Picasso\engine\src\imbi\query\xmvsquery.inl,0x78b,,FUN_180779670,180779670,18077978e
\Sql\Picasso\engine\src\imbi\query\xmvsquery.inl,0x78b,,FUN_180779a80,180779a80,180779bd6
\Sql\Picasso\engine\src\imbi\query\xmvsquery.inl,0x78b,,FUN_180779c40,180779c40,180779d88
\Sql\Picasso\engine\src\imbi\query\xmvsquery.inl,0x78b,,FUN_180779df0,180779df0,180779f0c
\Sql\Picasso\engine\src\imbi\query\xmvsquery.inl,0x78b,,FUN_18077a1f0,18077a1f0,18077a921
\Sql\Picasso\engine\src\imbi\query\xmvsquery.inl,0x78b,,FUN_18077a980,18077a980,18077b0b5
\Sql\Picasso\engine\src\imbi\query\xmvsquery.inl,0x78b,,FUN_18077b120,18077b120,18077b841
\Sql\Picasso\engine\src\imbi\query\xmvsquery.inl,0x78b,,FUN_18077c540,18077c540,18077cbb2
\Sql\Picasso\engine\src\imbi\query\xmvsquery.inl,0x78b,,FUN_18077cc10,18077cc10,18077d286
\Sql\Picasso\engine\src\imbi\query\xmvsquery.inl,0x78b,,FUN_18077d2f0,18077d2f0,18077d889
\Sql\Picasso\engine\src\imbi\query\xmvsquery.inl,0x78b,,FUN_18077e1c0,18077e1c0,18077e89b
\Sql\Picasso\engine\src\imbi\query\xmvsquery.inl,0x78b,,FUN_18077e900,18077e900,18077efe8
\Sql\Picasso\engine\src\imbi\query\xmvsquery.inl,0x78b,,FUN_18077f050,18077f050,18077f63b
\Sql\Picasso\engine\src\imbi\query\xmvsquery.inl,0x78b,,FUN_180780010,180780010,1807806d6
\Sql\Picasso\engine\src\imbi\query\xmvsquery.inl,0x78b,,FUN_180780740,180780740,180780e2b
\Sql\Picasso\engine\src\imbi\query\xmvsquery.inl,0x78b,,FUN_180780e90,1.81E+95,180781459
\Sql\Picasso\engine\src\imbi\query\xmvsquery.inl,0x78b,,FUN_180960490,180960490,180960532
\Sql\Picasso\engine\src\imbi\query\xmvsquery.inl,0x78b,,FUN_1809605e0,1.81E+06,180960692
\Sql\Picasso\engine\src\imbi\query\xmvsquery.inl,0x78b,,FUN_180a37760,180a37760,180a37b2c
\Sql\Picasso\engine\src\imbi\query\xmvsquery.inl,0x78b,,FUN_180a37d00,180a37d00,180a380f1
\Sql\Picasso\engine\src\imbi\query\xmvsquery.inl,0x78b,,FUN_180a383c0,180a383c0,180a38836
\Sql\Picasso\engine\src\imbi\query\xmvsquery.inl,0x78b,,FUN_180a38aa0,180a38aa0,180a38efd
\Sql\Picasso\engine\src\imbi\query\xmvsquery.inl,0x78b,,FUN_180a392d0,180a392d0,180a396e5
\Sql\Picasso\engine\src\imbi\query\xmvsquery.inl,0x78b,,FUN_180a398f0,180a398f0,180a39d2b
\Sql\Picasso\engine\src\imbi\query\xmvsquery.inl,0x78b,,FUN_180c87920,180c87920,180c87a1b
\Sql\Picasso\engine\src\imbi\query\xmvsquery.inl,0x78b,,FUN_180c87a80,180c87a80,180c87b7b
\Sql\Picasso\engine\src\imbi\query\xmvsquery.inl,0x78b,,FUN_180c87be0,180c87be0,180c87cce
\Sql\Picasso\engine\src\imbi\query\xmvsquery.inl,0x78b,,FUN_180c88020,180c88020,180c8812e
\Sql\Picasso\engine\src\imbi\query\xmvsquery.inl,0x78b,,FUN_180c88190,180c88190,180c8827b
\Sql\Picasso\engine\src\imbi\query\xmvsquery.inl,0x78b,,FUN_180c882e0,180c882e0,180c883c7
\Sql\Picasso\engine\src\imbi\query\xmvsquery.inl,0x78b,,FUN_180c88710,180c88710,180c88c1e
\Sql\Picasso\engine\src\imbi\query\xmvsquery.inl,0x78b,,FUN_180c88c80,180c88c80,180c890cb
\Sql\Picasso\engine\src\imbi\query\xmvsquery.inl,0x78b,,FUN_180c89130,180c89130,180c8957b
\Sql\Picasso\engine\src\imbi\query\xmvsquery.inl,0x78b,,FUN_180c89bc0,180c89bc0,180c8a09f
\Sql\Picasso\engine\src\imbi\query\xmvsquery.inl,0x78b,,FUN_180c8a100,180c8a100,180c8a544
\Sql\Picasso\engine\src\imbi\query\xmvsquery.inl,0x78b,,FUN_180c8a5a0,180c8a5a0,180c8a9d0
\Sql\Picasso\engine\src\imbi\query\xmvsquery.inl,0x78b,,FUN_180f257b0,180f257b0,180f25898
\Sql\Picasso\engine\src\imbi\query\xmvsquery.inl,0x78b,,FUN_180f25900,180f25900,180f259dc
\Sql\Picasso\engine\src\imbi\query\xmvsquery.inl,0x78b,,FUN_180f25a40,180f25a40,180f25b1c
\Sql\Picasso\engine\src\imbi\query\xmvsquery.inl,0x78b,,FUN_180f25cf0,180f25cf0,180f25dc7
\Sql\Picasso\engine\src\imbi\query\xmvsquery.inl,0x78b,,FUN_180f25e30,180f25e30,180f25f00
\Sql\Picasso\engine\src\imbi\query\xmvsquery.inl,0x78b,,FUN_180f25f60,180f25f60,180f2602d
\Sql\Picasso\engine\src\imbi\query\xmvsquery.inl,0x78b,,FUN_180f263f0,180f263f0,180f26918
\Sql\Picasso\engine\src\imbi\query\xmvsquery.inl,0x78b,,FUN_180f26980,180f26980,180f26e06
\Sql\Picasso\engine\src\imbi\query\xmvsquery.inl,0x78b,,FUN_180f26e70,180f26e70,180f272f6
\Sql\Picasso\engine\src\imbi\query\xmvsquery.inl,0x78b,,FUN_180f279a0,180f279a0,180f27ed8
\Sql\Picasso\engine\src\imbi\query\xmvsquery.inl,0x78b,,FUN_180f27f40,180f27f40,180f28420
\Sql\Picasso\engine\src\imbi\query\xmvsquery.inl,0x78b,,FUN_180f28480,180f28480,180f2893c
\Sql\Picasso\engine\src\imbi\query\xmvsstringop.cpp,0xdf,XMSearchEval::Init,FUN_18055f700,18055f700,18055f84c
\Sql\Picasso\engine\src\imbi\query\xmvsstringop.hpp,0x16,XMStringIndexExprBase::Marshall,FUN_1800254c0,1800254c0,1800254c4
\Sql\Picasso\engine\src\imbi\query\xmvsstringop.hpp,0x17,XMStringIndexExprBase::Unmarshall,FUN_180025520,180025520,180025524
\Sql\Picasso\engine\src\imbi\query\xmvsstringop.hpp,0x16,,FUN_1800254c0,1800254c0,1800254c4
\Sql\Picasso\engine\src\imbi\query\xmvsstringop.hpp,0x17,,FUN_180025520,180025520,180025524
\Sql\Picasso\engine\src\imbi\query\xmvstrie.cpp,0x26,XMVSSimpleTrie::Init,FUN_180594a80,180594a80,180594e1b
\Sql\Picasso\engine\src\imbi\srv\xmclientrequest.cpp,0x38,XMClientRequest::Init,FUN_180025270,180025270,1800252b9
\Sql\Picasso\engine\src\imbi\srv\xmclientrequest.cpp,0x38,,FUN_180025270,180025270,1800252b9
\Sql\Picasso\engine\src\imbi\srv\xmcreatedictionaryrequest.cpp,0x65,`anonymous-namespace\'::CreateDictionaryHelperWithSwitch,FUN_180079bd0,180079bd0,180079ce5
\Sql\Picasso\engine\src\imbi\srv\xmcreatedictionaryrequest.cpp,0x65,`anonymous-namespace\'::CreateDictionaryHelperWithSwitch,FUN_180079d80,180079d80,1.80E+100
\Sql\Picasso\engine\src\imbi\srv\xmcreatedictionaryrequest.cpp,0x65,,FUN_180079bd0,180079bd0,180079ce5
\Sql\Picasso\engine\src\imbi\srv\xmcreatedictionaryrequest.cpp,0x65,,FUN_180079d80,180079d80,1.80E+100
\Sql\Picasso\engine\src\imbi\srv\xmdiscoveryclientrequest.cpp,0x4c,XMDiscoveryClientRequest::Execute,FUN_180071240,180071240,1.80E+14
\Sql\Picasso\engine\src\imbi\srv\xmdiscoveryclientrequest.cpp,0x7b,XMDiscoveryClientRequest::Execute,FUN_180071240,180071240,1.80E+14
\Sql\Picasso\engine\src\imbi\srv\xmhierarchyclientrequest.cpp,0xec,XMIntrinsicHierarchyClientRequest::Execute,FUN_1800721d0,1800721d0,180072752
\Sql\Picasso\engine\src\imbi\srv\xmhierarchyclientrequest.cpp,0xa6,XMIntrinsicHierarchyClientRequest::Execute,FUN_1800721d0,1800721d0,180072752
\Sql\Picasso\engine\src\imbi\srv\xmhierarchyclientrequest.cpp,0x59,XMIntrinsicHierarchyClientRequest::SetHierarchy,FUN_180072010,180072010,180072024
\Sql\Picasso\engine\src\imbi\srv\xmhierarchyclientrequest.cpp,0x6f,XMIntrinsicHierarchyClientRequest::SetLevelOrdinal,FUN_1800720f0,1800720f0,1800720f4
\Sql\Picasso\engine\src\imbi\srv\xmhierarchyclientrequest.cpp,0x87,XMIntrinsicHierarchyClientRequest::SetOperationType,FUN_180072150,180072150,180072163
\Sql\Picasso\engine\src\imbi\srv\xmhierarchyclientrequest.cpp,100,XMIntrinsicHierarchyClientRequest::SetTable,FUN_180072080,180072080,180072094
\Sql\Picasso\engine\src\imbi\srv\xmhierarchyclientrequest.cpp,0x147,XMIntrinsicHierarchyClientRequestResult::Init,FUN_180072960,180072960,180072cf6
\Sql\Picasso\engine\src\imbi\srv\xmhierarchyclientrequest.cpp,0x260,XMUserHierarchyClientRequest::Execute,FUN_180072ee0,180072ee0,1.80E+72
\Sql\Picasso\engine\src\imbi\srv\xmhierarchyclientrequest.cpp,0x261,XMUserHierarchyClientRequest::Execute,FUN_180072ee0,180072ee0,1.80E+72
\Sql\Picasso\engine\src\imbi\srv\xmhierarchyclientrequest.cpp,0x262,XMUserHierarchyClientRequest::Execute,FUN_180072ee0,180072ee0,1.80E+72
\Sql\Picasso\engine\src\imbi\srv\xmhierarchyclientrequest.cpp,0x262,XMUserHierarchyClientRequest::Execute,FUN_180072ee0,180072ee0,1.80E+72
\Sql\Picasso\engine\src\imbi\srv\xmhierarchyclientrequest.cpp,0x26a,XMUserHierarchyClientRequest::Execute,FUN_180072ee0,180072ee0,1.80E+72
\Sql\Picasso\engine\src\imbi\srv\xmhierarchyclientrequest.cpp,0x26b,XMUserHierarchyClientRequest::Execute,FUN_180072ee0,180072ee0,1.80E+72
\Sql\Picasso\engine\src\imbi\srv\xmhierarchyclientrequest.cpp,0x2ef,XMUserHierarchyClientRequest::Execute,FUN_180072ee0,180072ee0,1.80E+72
\Sql\Picasso\engine\src\imbi\srv\xmhierarchyclientrequest.cpp,0x2ce,XMUserHierarchyClientRequest::Execute,FUN_180072ee0,180072ee0,1.80E+72
\Sql\Picasso\engine\src\imbi\srv\xmhierarchyclientrequest.cpp,0x2d2,XMUserHierarchyClientRequest::Execute,FUN_180072ee0,180072ee0,1.80E+72
\Sql\Picasso\engine\src\imbi\srv\xmhierarchyclientrequest.cpp,0x243,XMUserHierarchyClientRequest::SetDictLookup,FUN_180072e80,1.80E+85,1.80E+89
\Sql\Picasso\engine\src\imbi\srv\xmhierarchyclientrequest.cpp,0x301,XMUserHierarchyClientRequest::SetHierarchy,FUN_1800740d0,1800740d0,1.80E+10
\Sql\Picasso\engine\src\imbi\srv\xmhierarchyclientrequest.cpp,0x301,XMUserHierarchyClientRequest::SetHierarchy,FUN_180f82950,180f82950,180f82fa0
\Sql\Picasso\engine\src\imbi\srv\xmhierarchyclientrequest.cpp,0x319,XMUserHierarchyClientRequest::SetLevelOrdinal,FUN_1800741b0,1800741b0,1800741c6
\Sql\Picasso\engine\src\imbi\srv\xmhierarchyclientrequest.cpp,0x334,XMUserHierarchyClientRequest::SetOperationType,FUN_180074230,180074230,180074243
\Sql\Picasso\engine\src\imbi\srv\xmhierarchyclientrequest.cpp,0x30d,XMUserHierarchyClientRequest::SetTable,FUN_180074140,180074140,180074154
\Sql\Picasso\engine\src\imbi\srv\xmhierarchyclientrequest.cpp,0x30d,XMUserHierarchyClientRequest::SetTable,FUN_180f82950,180f82950,180f82fa0
\Sql\Picasso\engine\src\imbi\srv\xmhierarchyclientrequest.cpp,0x3c7,XMUserHierarchyClientRequestResult::Init,FUN_1800743e0,1.80E+06,180074a89
\Sql\Picasso\engine\src\imbi\srv\xmhierarchyclientrequest.cpp,0x385,XMUserHierarchyClientRequestResult::Init,FUN_1800743e0,1.80E+06,180074a89
\Sql\Picasso\engine\src\imbi\srv\xmhierarchyclientrequest.cpp,0x4b5,XMUserHierarchyClientRequestResult::InitCommon,FUN_180074b40,180074b40,180074f93
\Sql\Picasso\engine\src\imbi\srv\xmhierarchyclientrequest.cpp,0x59,,FUN_180072010,180072010,180072024
\Sql\Picasso\engine\src\imbi\srv\xmhierarchyclientrequest.cpp,100,,FUN_180072080,180072080,180072094
\Sql\Picasso\engine\src\imbi\srv\xmhierarchyclientrequest.cpp,0x6f,,FUN_1800720f0,1800720f0,1800720f4
\Sql\Picasso\engine\src\imbi\srv\xmhierarchyclientrequest.cpp,0x87,,FUN_180072150,180072150,180072163
\Sql\Picasso\engine\src\imbi\srv\xmhierarchyclientrequest.cpp,0x243,,FUN_180072e80,1.80E+85,1.80E+89
\Sql\Picasso\engine\src\imbi\srv\xmhierarchyclientrequest.cpp,0x301,,FUN_1800740d0,1800740d0,1.80E+10
\Sql\Picasso\engine\src\imbi\srv\xmhierarchyclientrequest.cpp,0x30d,,FUN_180074140,180074140,180074154
\Sql\Picasso\engine\src\imbi\srv\xmhierarchyclientrequest.cpp,0x319,,FUN_1800741b0,1800741b0,1800741c6
\Sql\Picasso\engine\src\imbi\srv\xmhierarchyclientrequest.cpp,0x334,,FUN_180074230,180074230,180074243
\Sql\Picasso\engine\src\imbi\srv\xmmergepartitionsrequest.cpp,0x8a,XMMergePartitions::Execute,FUN_18006d9b0,18006d9b0,18006e30c
\Sql\Picasso\engine\src\imbi\srv\xmmergepartitionsrequest.cpp,0xa3,XMMergePartitions::Execute,FUN_18006d9b0,18006d9b0,18006e30c
\Sql\Picasso\engine\src\imbi\srv\xmmergepartitionsrequest.cpp,0x5d,XMMergePartitions::SetDstImbiPartitionName,FUN_18006d940,18006d940,18006d954
\Sql\Picasso\engine\src\imbi\srv\xmmergepartitionsrequest.cpp,0x4b,XMMergePartitions::SetSrcImbiPartitionNames,FUN_18006d8d0,18006d8d0,18006d8e4
\Sql\Picasso\engine\src\imbi\srv\xmmergepartitionsrequest.cpp,0x39,XMMergePartitions::SetXMTableName,FUN_18006d860,18006d860,18006d874
\Sql\Picasso\engine\src\imbi\srv\xmmergepartitionsrequest.cpp,0x39,,FUN_18006d860,18006d860,18006d874
\Sql\Picasso\engine\src\imbi\srv\xmmergepartitionsrequest.cpp,0x4b,,FUN_18006d8d0,18006d8d0,18006d8e4
\Sql\Picasso\engine\src\imbi\srv\xmmergepartitionsrequest.cpp,0x5d,,FUN_18006d940,18006d940,18006d954
\Sql\Picasso\engine\src\imbi\srv\xmpopulatepartition.cpp,0x3a,XMPopulatePartition::Execute,FUN_180061370,180061370,180062428
\Sql\Picasso\engine\src\imbi\srv\xmpopulatepartition.cpp,0x104,XMPopulatePartitionCalcColumnsAdjuster::Adjust,FUN_1800b2890,1800b2890,1800b2a00
\Sql\Picasso\engine\src\imbi\srv\xmpopulatepartition.cpp,0x104,,FUN_1800b2890,1800b2890,1800b2a00
\Sql\Picasso\engine\src\imbi\srv\xmprocessdefragrequest.cpp,0x39,XMProcessDefrag::Execute,FUN_18006e9e0,18006e9e0,18006f87b
\Sql\Picasso\engine\src\imbi\srv\xmprocessdefragrequest.cpp,100,XMProcessDefrag::Execute,FUN_18006e9e0,18006e9e0,18006f87b
\Sql\Picasso\engine\src\imbi\srv\xmprocessdefragrequest.cpp,0xbc,XMProcessDefrag::Execute,FUN_18006e9e0,18006e9e0,18006f87b
\Sql\Picasso\engine\src\imbi\srv\xmprocessdefragrequest.cpp,0x22,XMProcessDefrag::SetXMTableName,FUN_18006e970,18006e970,18006e984
\Sql\Picasso\engine\src\imbi\srv\xmprocessdefragrequest.cpp,0x22,,FUN_18006e970,18006e970,18006e984
\Sql\Picasso\engine\src\imbi\srv\xmprocessrequest.cpp,0x14d,`anonymous-namespace\'::ObtainTablePartitionIndex,FUN_180062dd0,180062dd0,180062ea9
\Sql\Picasso\engine\src\imbi\srv\xmprocessrequest.cpp,0x14f,`anonymous-namespace\'::ObtainTablePartitionIndex,FUN_180062dd0,180062dd0,180062ea9
\Sql\Picasso\engine\src\imbi\srv\xmprocessrequest.cpp,0x839,XMCalculatedColumnReader::Init,FUN_1800689c0,1800689c0,180068d60
\Sql\Picasso\engine\src\imbi\srv\xmprocessrequest.cpp,0x856,XMCalculatedColumnReader::SetPerPartition,FUN_1800675e0,1.80E+06,180068741
\Sql\Picasso\engine\src\imbi\srv\xmprocessrequest.cpp,0x859,XMCalculatedColumnReader::SetPerPartition,FUN_1800675e0,1.80E+06,180068741
\Sql\Picasso\engine\src\imbi\srv\xmprocessrequest.cpp,0xa80,XMCloneTable::Execute,FUN_180069a00,180069a00,180069b72
\Sql\Picasso\engine\src\imbi\srv\xmprocessrequest.cpp,0x74b,XMProcessCalculatedColumn::Execute,FUN_1800675e0,1.80E+06,180068741
\Sql\Picasso\engine\src\imbi\srv\xmprocessrequest.cpp,0x76b,XMProcessCalculatedColumn::Execute,FUN_1800675e0,1.80E+06,180068741
\Sql\Picasso\engine\src\imbi\srv\xmprocessrequest.cpp,0x785,XMProcessCalculatedColumn::Execute,FUN_1800675e0,1.80E+06,180068741
\Sql\Picasso\engine\src\imbi\srv\xmprocessrequest.cpp,0x773,XMProcessCalculatedColumn::Execute,FUN_1800675e0,1.80E+06,180068741
\Sql\Picasso\engine\src\imbi\srv\xmprocessrequest.cpp,0x203,XMProcessReader::BuildProgressObject,FUN_180063510,180063510,180063604
\Sql\Picasso\engine\src\imbi\srv\xmprocessrequest.cpp,0x4d,XMProcessReader::Execute,FUN_180061370,180061370,180062580
\Sql\Picasso\engine\src\imbi\srv\xmprocessrequest.cpp,0x4e,XMProcessReader::Execute,FUN_180061370,180061370,180062580
\Sql\Picasso\engine\src\imbi\srv\xmprocessrequest.cpp,0x4e,XMProcessReader::Execute,FUN_180061370,180061370,180062580
\Sql\Picasso\engine\src\imbi\srv\xmprocessrequest.cpp,0x4f,XMProcessReader::Execute,FUN_180061370,180061370,180062580
\Sql\Picasso\engine\src\imbi\srv\xmprocessrequest.cpp,0x50,XMProcessReader::Execute,FUN_180061370,180061370,180062580
\Sql\Picasso\engine\src\imbi\srv\xmprocessrequest.cpp,0x4f,XMProcessReader::Execute,FUN_180061370,180061370,180062580
\Sql\Picasso\engine\src\imbi\srv\xmprocessrequest.cpp,0x60,XMProcessReader::Execute,FUN_180061370,180061370,180062580
\Sql\Picasso\engine\src\imbi\srv\xmprocessrequest.cpp,0x4f9,XMProcessReader::LockHandler::UnlockOnSuccessfulCompletion,FUN_180061370,180061370,180062580
\Sql\Picasso\engine\src\imbi\srv\xmprocessrequest.cpp,0x506,XMProcessReader::LockHandler::UnlockOnSuccessfulCompletion,FUN_180061370,180061370,180062580
\Sql\Picasso\engine\src\imbi\srv\xmprocessrequest.cpp,0x4e1,XMProcessReader::LockHandler::WaitMyTurn,FUN_180065120,180065120,180065314
\Sql\Picasso\engine\src\imbi\srv\xmprocessrequest.cpp,0x4eb,XMProcessReader::LockHandler::WaitMyTurn,FUN_180065120,180065120,180065314
\Sql\Picasso\engine\src\imbi\srv\xmprocessrequest.cpp,0x170,XMProcessReader::MaterializeOnDemand,FUN_180062f10,180062f10,18006310e
\Sql\Picasso\engine\src\imbi\srv\xmprocessrequest.cpp,0x448,XMProcessReader::Progress::GetData,FUN_180064d20,180064d20,180064d79
\Sql\Picasso\engine\src\imbi\srv\xmprocessrequest.cpp,0x2a0,XMProcessReader::Progress::Init,FUN_180063510,180063510,180063604
\Sql\Picasso\engine\src\imbi\srv\xmprocessrequest.cpp,0x2d1,XMProcessReader::Progress::InitInternal,FUN_180063d20,180063d20,180064272
\Sql\Picasso\engine\src\imbi\srv\xmprocessrequest.cpp,0x2ce,XMProcessReader::Progress::InitInternal,FUN_180063d20,180063d20,180064272
\Sql\Picasso\engine\src\imbi\srv\xmprocessrequest.cpp,0x2ee,XMProcessReader::Progress::InitInternal,FUN_180063d20,180063d20,180064272
\Sql\Picasso\engine\src\imbi\srv\xmprocessrequest.cpp,0x371,XMProcessReader::Progress::ObtainClearTableInfo,FUN_180064310,180064310,180064a62
\Sql\Picasso\engine\src\imbi\srv\xmprocessrequest.cpp,0x3a2,XMProcessReader::Progress::ObtainClearTableInfo,FUN_180064310,180064310,180064a62
\Sql\Picasso\engine\src\imbi\srv\xmprocessrequest.cpp,0x39e,XMProcessReader::Progress::ObtainClearTableInfo,FUN_180064310,180064310,180064a62
\Sql\Picasso\engine\src\imbi\srv\xmprocessrequest.cpp,0x3d9,XMProcessReader::Progress::ReportCompletion,FUN_180061370,180061370,180062580
\Sql\Picasso\engine\src\imbi\srv\xmprocessrequest.cpp,0x3dd,XMProcessReader::Progress::ReportCompletion,FUN_180061370,180061370,180062580
\Sql\Picasso\engine\src\imbi\srv\xmprocessrequest.cpp,0x3ec,XMProcessReader::Progress::ReportCompletion,FUN_180061370,180061370,180062580
\Sql\Picasso\engine\src\imbi\srv\xmprocessrequest.cpp,0x45a,XMProcessReader::Progress::ReportEncodingChoiceComplete,FUN_180064e00,1.80E+05,180064e3d
\Sql\Picasso\engine\src\imbi\srv\xmprocessrequest.cpp,0x427,XMProcessReader::Progress::SetData,FUN_180064b70,180064b70,180064c63
\Sql\Picasso\engine\src\imbi\srv\xmprocessrequest.cpp,0x42c,XMProcessReader::Progress::SetData,FUN_180064b70,180064b70,180064c63
\Sql\Picasso\engine\src\imbi\srv\xmprocessrequest.cpp,0x431,XMProcessReader::Progress::SetData,FUN_180064b70,180064b70,180064c63
\Sql\Picasso\engine\src\imbi\srv\xmprocessrequest.cpp,0x1e7,XMProcessReader::SetProcessingInfo,FUN_180063420,180063420,1800634ad
\Sql\Picasso\engine\src\imbi\srv\xmprocessrequest.cpp,0x620,XMProcessRelationship::Execute,FUN_180065c20,180065c20,18006648c
\Sql\Picasso\engine\src\imbi\srv\xmprocessrequest.cpp,0x63b,XMProcessRelationship::Execute,FUN_180065c20,180065c20,18006648c
\Sql\Picasso\engine\src\imbi\srv\xmprocessrequest.cpp,0x643,XMProcessRelationship::Execute,FUN_180065c20,180065c20,18006648c
\Sql\Picasso\engine\src\imbi\srv\xmprocessrequest.cpp,0x64a,XMProcessRelationship::Execute,FUN_180065c20,180065c20,18006648c
\Sql\Picasso\engine\src\imbi\srv\xmprocessrequest.cpp,0x665,XMProcessRelationship::Execute,FUN_180065c20,180065c20,18006648c
\Sql\Picasso\engine\src\imbi\srv\xmprocessrequest.cpp,0xa34,XMRelatedColumnEnumerator::GetRelatedEnumerator,FUN_1800693d0,1800693d0,180069878
\Sql\Picasso\engine\src\imbi\srv\xmprocessrequest.cpp,0xa36,XMRelatedColumnEnumerator::GetRelatedEnumerator,FUN_1800693d0,1800693d0,180069878
\Sql\Picasso\engine\src\imbi\srv\xmprocessrequest.cpp,0xab4,XMStringCompressionClientRequest::Execute,FUN_180069bf0,180069bf0,180069e7a
\Sql\Picasso\engine\src\imbi\srv\xmprocessrequest.cpp,0xab5,XMStringCompressionClientRequest::Execute,FUN_180069bf0,180069bf0,180069e7a
\Sql\Picasso\engine\src\imbi\srv\xmprocessrequest.cpp,0x1e7,,FUN_180063420,180063420,1800634ad
\Sql\Picasso\engine\src\imbi\srv\xmprocessrequest.cpp,0x427,,FUN_180064b70,180064b70,180064c63
\Sql\Picasso\engine\src\imbi\srv\xmprocessrequest.cpp,0x42c,,FUN_180064b70,180064b70,180064c63
\Sql\Picasso\engine\src\imbi\srv\xmprocessrequest.cpp,0x431,,FUN_180064b70,180064b70,180064c63
\Sql\Picasso\engine\src\imbi\srv\xmprocessrequest.cpp,0x448,,FUN_180064d20,180064d20,180064d79
\Sql\Picasso\engine\src\imbi\srv\xmqueryclientrequest.cpp,0x21,PFXMQuerySpec::CreateGroupByValueLookup,FUN_180025640,180025640,180025712
\Sql\Picasso\engine\src\imbi\srv\xmqueryclientrequest.cpp,0x22,PFXMQuerySpec::CreateGroupByValueLookup,FUN_180025640,180025640,180025712
\Sql\Picasso\engine\src\imbi\srv\xmqueryclientrequest.cpp,0x462,XMFullTextQueryBuilder::BuildQuery,FUN_180028f80,180028f80,180029294
\Sql\Picasso\engine\src\imbi\srv\xmqueryclientrequest.cpp,0x4a6,XMFullTextQueryBuilder::BuildQueryTree,FUN_180029330,180029330,18002965f
\Sql\Picasso\engine\src\imbi\srv\xmqueryclientrequest.cpp,0x4c9,XMFullTextQueryBuilder::BuildQueryTree,FUN_180029330,180029330,18002965f
\Sql\Picasso\engine\src\imbi\srv\xmqueryclientrequest.cpp,0x4b8,XMFullTextQueryBuilder::BuildQueryTree,FUN_180029330,180029330,18002965f
\Sql\Picasso\engine\src\imbi\srv\xmqueryclientrequest.cpp,0x4c0,XMFullTextQueryBuilder::BuildQueryTree,FUN_180029330,180029330,18002965f
\Sql\Picasso\engine\src\imbi\srv\xmqueryclientrequest.cpp,0x4c0,XMFullTextQueryBuilder::BuildQueryTree,FUN_180029330,180029330,18002965f
\Sql\Picasso\engine\src\imbi\srv\xmqueryclientrequest.cpp,0x4ad,XMFullTextQueryBuilder::BuildQueryTree,FUN_180029330,180029330,18002965f
\Sql\Picasso\engine\src\imbi\srv\xmqueryclientrequest.cpp,0x218,XMQueryBuilder::AddAsDataID,FUN_180026e50,1.80E+55,1800270c6
\Sql\Picasso\engine\src\imbi\srv\xmqueryclientrequest.cpp,0xa3d,XMQueryBuilder::AddChildExpr,FUN_18002dd70,18002dd70,18002de8d
\Sql\Picasso\engine\src\imbi\srv\xmqueryclientrequest.cpp,0x841,XMQueryBuilder::AddColRef,FUN_18002bdd0,18002bdd0,18002c075
\Sql\Picasso\engine\src\imbi\srv\xmqueryclientrequest.cpp,0x94a,XMQueryBuilder::AddComponent,FUN_18002cb00,18002cb00,18002cbb4
\Sql\Picasso\engine\src\imbi\srv\xmqueryclientrequest.cpp,0x895,XMQueryBuilder::AddConstant,FUN_18002c0d0,18002c0d0,18002c461
\Sql\Picasso\engine\src\imbi\srv\xmqueryclientrequest.cpp,0x899,XMQueryBuilder::AddConstant,FUN_18002c0d0,18002c0d0,18002c461
\Sql\Picasso\engine\src\imbi\srv\xmqueryclientrequest.cpp,0x3b1,XMQueryBuilder::AddDeletionVectorPredicateIfNeeded,FUN_180028510,180028510,180028557
\Sql\Picasso\engine\src\imbi\srv\xmqueryclientrequest.cpp,0x6c5,XMQueryBuilder::AddPostAggregation,FUN_18002af90,18002af90,18002b09e
\Sql\Picasso\engine\src\imbi\srv\xmqueryclientrequest.cpp,0x969,XMQueryBuilder::AddStandaloneComponent,FUN_18002cc60,18002cc60,18002cd3e
\Sql\Picasso\engine\src\imbi\srv\xmqueryclientrequest.cpp,0xa6c,XMQueryBuilder::ConvertAggMethod,FUN_180027a10,180027a10,180027d81
\Sql\Picasso\engine\src\imbi\srv\xmqueryclientrequest.cpp,0xa6c,XMQueryBuilder::ConvertAggMethod,FUN_18002b200,18002b200,18002b3af
\Sql\Picasso\engine\src\imbi\srv\xmqueryclientrequest.cpp,0xab9,XMQueryBuilder::ConvertBinaryOp,FUN_18002b880,18002b880,18002bab9
\Sql\Picasso\engine\src\imbi\srv\xmqueryclientrequest.cpp,0xa7d,XMQueryBuilder::ConvertCoalesce,FUN_18002c570,18002c570,18002c718
\Sql\Picasso\engine\src\imbi\srv\xmqueryclientrequest.cpp,0xa8e,XMQueryBuilder::ConvertDataIDBehavior,FUN_18002c570,18002c570,18002c718
\Sql\Picasso\engine\src\imbi\srv\xmqueryclientrequest.cpp,0xad8,XMQueryBuilder::ConvertObjectClass,FUN_18002b880,18002b880,18002bab9
\Sql\Picasso\engine\src\imbi\srv\xmqueryclientrequest.cpp,0xa53,XMQueryBuilder::ConvertType,FUN_18002bbc0,18002bbc0,18002bc9e
\Sql\Picasso\engine\src\imbi\srv\xmqueryclientrequest.cpp,0xa53,XMQueryBuilder::ConvertType,FUN_18002c570,18002c570,18002c718
\Sql\Picasso\engine\src\imbi\srv\xmqueryclientrequest.cpp,0xa9f,XMQueryBuilder::ConvertUnaryOp,FUN_18002b880,18002b880,18002bab9
\Sql\Picasso\engine\src\imbi\srv\xmqueryclientrequest.cpp,0x9dd,XMQueryBuilder::MakeChildExpr,FUN_18002d890,18002d890,18002da21
\Sql\Picasso\engine\src\imbi\srv\xmqueryclientrequest.cpp,0x9dd,XMQueryBuilder::MakeChildExpr,FUN_18002db00,18002db00,18002dc91
\Sql\Picasso\engine\src\imbi\srv\xmqueryclientrequest.cpp,0x9dd,XMQueryBuilder::MakeChildExpr,FUN_18002e0c0,18002e0c0,1.80E+255
\Sql\Picasso\engine\src\imbi\srv\xmqueryclientrequest.cpp,0x9dd,XMQueryBuilder::MakeChildExpr,FUN_18002e330,18002e330,18002e4c1
\Sql\Picasso\engine\src\imbi\srv\xmqueryclientrequest.cpp,0x9dd,XMQueryBuilder::MakeChildExpr,FUN_18002e5a0,18002e5a0,18002e731
\Sql\Picasso\engine\src\imbi\srv\xmqueryclientrequest.cpp,0x9dd,XMQueryBuilder::MakeChildExpr,FUN_18002e810,18002e810,18002e9a1
\Sql\Picasso\engine\src\imbi\srv\xmqueryclientrequest.cpp,0x9dd,XMQueryBuilder::MakeChildExpr,FUN_18002ea80,18002ea80,18002ec11
\Sql\Picasso\engine\src\imbi\srv\xmqueryclientrequest.cpp,0x9dd,XMQueryBuilder::MakeChildExpr,FUN_18002ecf0,18002ecf0,18002ee81
\Sql\Picasso\engine\src\imbi\srv\xmqueryclientrequest.cpp,0x9dd,XMQueryBuilder::MakeChildExpr,FUN_18002ef60,18002ef60,18002f0f1
\Sql\Picasso\engine\src\imbi\srv\xmqueryclientrequest.cpp,0xb8e,XMSubordinateQuery::GetSOQueryPlanType,FUN_18002d3b0,18002d3b0,18002d3ce
\Sql\Picasso\engine\src\imbi\srv\xmqueryclientrequest.cpp,0x6c5,,FUN_18002af90,18002af90,18002b09e
\Sql\Picasso\engine\src\imbi\srv\xmqueryclientrequest.cpp,0x94a,,FUN_18002cb00,18002cb00,18002cbb4
\Sql\Picasso\engine\src\imbi\srv\xmqueryclientrequest.cpp,0xb8e,,FUN_18002d3b0,18002d3b0,18002d3ce
\Sql\Picasso\engine\src\imbi\srv\xmqueryrowset.cpp,0x205,XMQueryCountRowset::Init,FUN_1800240a0,1800240a0,180024265
\Sql\Picasso\engine\src\imbi\srv\xmqueryrowset.cpp,0x24e,XMQueryCountRowset::Next,FUN_180024360,180024360,1800243ad
\Sql\Picasso\engine\src\imbi\srv\xmqueryrowset.cpp,0x23b,XMQueryCountRowset::Start,FUN_1800242c0,1800242c0,1800242f5
\Sql\Picasso\engine\src\imbi\srv\xmqueryrowset.cpp,0x23b,,FUN_1800242c0,1800242c0,1800242f5
\Sql\Picasso\engine\src\imbi\srv\xmqueryrowset.cpp,0x24e,,FUN_180024360,180024360,1800243ad
\Sql\Picasso\engine\src\imbi\srv\xmqueryspec.cpp,0xf2,XMMeasure::Init,FUN_180039ca0,180039ca0,180039dbd
\Sql\Picasso\engine\src\imbi\srv\xmqueryspec.cpp,0x109,XMMeasure::Init,FUN_180039ca0,180039ca0,180039dbd
\Sql\Picasso\engine\src\imbi\srv\xmqueryspec.cpp,0x95,XMQuerySpec::CreateSQLCondition,FUN_180039ec0,180039ec0,18003a00a
\Sql\Picasso\engine\src\imbi\srv\xmqueryspec.cpp,0x91,XMQuerySpec::CreateSQLCondition,FUN_180039ec0,180039ec0,18003a00a
\Sql\Picasso\engine\src\imbi\srv\xmqueryspec.cpp,0x160,XMSQLCompositeCondition::SetConditionOperationType,FUN_18003a390,18003a390,18003a3ab
\Sql\Picasso\engine\src\imbi\srv\xmqueryspec.cpp,0x1e7,XMSQLConditionIterator::Init,FUN_18003a410,18003a410,18003a4d6
\Sql\Picasso\engine\src\imbi\srv\xmserver.cpp,0x65,XMServer::CreateSession,FUN_180035da0,180035da0,180035fba
\Sql\Picasso\engine\src\imbi\srv\xmsession.cpp,0x2fa,`anonymous-namespace\'::ConvertMinMaxType,FUN_18003e660,18003e660,18003e6be
\Sql\Picasso\engine\src\imbi\srv\xmsession.cpp,0x41a,XMSession::AddXMColumnToHash,FUN_18003fa90,18003fa90,18003ffbf
\Sql\Picasso\engine\src\imbi\srv\xmsession.cpp,0x488,XMSession::CheckCompressionFinished,FUN_18047f9f0,18047f9f0,18047fb2a
\Sql\Picasso\engine\src\imbi\srv\xmsession.cpp,0x161,XMSession::CreateClientRequest,FUN_18003c660,18003c660,18003d187
\Sql\Picasso\engine\src\imbi\srv\xmsession.cpp,0x165,XMSession::CreateClientRequest,FUN_18003c660,18003c660,18003d187
\Sql\Picasso\engine\src\imbi\srv\xmsession.cpp,0x2ec,XMSession::GetColumnDictDataIDAccessor,FUN_18003e520,18003e520,18003e5d6
\Sql\Picasso\engine\src\imbi\srv\xmsession.cpp,0x25c,XMSession::GetDictionaryDecodingInfo,FUN_18003dcc0,18003dcc0,18003dd6c
\Sql\Picasso\engine\src\imbi\srv\xmsession.cpp,0x466,XMSession::GetNextXMColumnFromHash,FUN_180040500,180040500,18004073f
\Sql\Picasso\engine\src\imbi\srv\xmsession.cpp,0x287,XMSession::GetSegmentDecodingInfo,FUN_18003ddd0,18003ddd0,1.80E+192
\Sql\Picasso\engine\src\imbi\srv\xmsession.cpp,0x28c,XMSession::GetSegmentDecodingInfo,FUN_18003ddd0,18003ddd0,1.80E+192
\Sql\Picasso\engine\src\imbi\srv\xmsession.cpp,0x297,XMSession::GetSegmentDecodingInfo,FUN_18003ddd0,18003ddd0,1.80E+192
\Sql\Picasso\engine\src\imbi\srv\xmsession.cpp,0x2a9,XMSession::GetSegmentDecodingInfo,FUN_18003ddd0,18003ddd0,1.80E+192
\Sql\Picasso\engine\src\imbi\srv\xmsession.cpp,0x2a0,XMSession::GetSegmentDecodingInfo,FUN_18003ddd0,18003ddd0,1.80E+192
\Sql\Picasso\engine\src\imbi\srv\xmsession.cpp,0x2a9,XMSession::GetSegmentDecodingInfo,FUN_18003ddd0,18003ddd0,1.80E+192
\Sql\Picasso\engine\src\imbi\srv\xmsession.cpp,0x2a1,XMSession::GetSegmentDecodingInfo,FUN_18003ddd0,18003ddd0,1.80E+192
\Sql\Picasso\engine\src\imbi\srv\xmsession.cpp,0x5d,XMSession::Init,FUN_18003c410,18003c410,18003c5f1
\Sql\Picasso\engine\src\imbi\srv\xmsession.cpp,0x699,XMSession::PreCommit,FUN_1800427f0,1800427f0,180042ac5
\Sql\Picasso\engine\src\imbi\srv\xmsession.cpp,0x69c,XMSession::PreCommit,FUN_1800427f0,1800427f0,180042ac5
\Sql\Picasso\engine\src\imbi\srv\xmsession.cpp,0x38c,XMSession::TryGetDirectLakeColumnStatistics,FUN_18003ef30,18003ef30,18003f49d
\Sql\Picasso\engine\src\imbi\srv\xmsession.cpp,0x378,XMSession::TryGetDirectLakeColumnStatistics,FUN_18003ef30,18003ef30,18003f49d
\Sql\Picasso\engine\src\imbi\srv\xmsession.cpp,0x453,XMSession::ValidateUpdateColumnCompression,FUN_180040230,180040230,1800404a2
\Sql\Picasso\engine\src\imbi\srv\xmsession.cpp,0x6f6,XMStorageDirectory::GetFiles,FUN_180042ff0,180042ff0,1800432b7
\Sql\Picasso\engine\src\imbi\srv\xmsession.cpp,0x6f7,XMStorageDirectory::GetFiles,FUN_180042ff0,180042ff0,1800432b7
\Sql\Picasso\engine\src\imbi\srv\xmsession.cpp,0x5d,,FUN_18003c410,18003c410,18003c5f1
\Sql\Picasso\engine\src\imbi\srv\xmsession.cpp,0x206,,FUN_18003d910,18003d910,18003d9d5
\Sql\Picasso\engine\src\imbi\srv\xmsession.cpp,0x224,,FUN_18003db10,18003db10,18003db20
\Sql\Picasso\engine\src\imbi\srv\xmsession.cpp,0x2ec,,FUN_18003e520,18003e520,18003e5d6
\Sql\Picasso\engine\src\imbi\srv\xmsession.cpp,0x2fa,,FUN_18003e660,18003e660,18003e6be
\Sql\Picasso\engine\src\imbi\srv\xmsession.hpp,0xd7,,FUN_180078260,180078260,180078292
\Sql\Picasso\engine\src\imbi\srv\xmsession.hpp,0xdb,,FUN_180078260,180078260,180078292
\Sql\Picasso\engine\src\imbi\srv\xmsessiontm.cpp,0x307,`anonymous-namespace\'::PFVariantFromPFValue,FUN_18004fd50,18004fd50,1800505ca
\Sql\Picasso\engine\src\imbi\srv\xmsessiontm.cpp,0x2da,`anonymous-namespace\'::XMTypeFromTMDataType,FUN_18004eee0,18004eee0,18004ef1d
\Sql\Picasso\engine\src\imbi\srv\xmsessiontm.cpp,0x93f,XMSessionTM::AlterHierarchyPhase2,FUN_180057dd0,180057dd0,180057ea4
\Sql\Picasso\engine\src\imbi\srv\xmsessiontm.cpp,0x4e6,XMSessionTM::AlterRelationshipPhase2,FUN_180052150,180052150,18005223d
\Sql\Picasso\engine\src\imbi\srv\xmsessiontm.cpp,0x4e7,XMSessionTM::AlterRelationshipPhase2,FUN_180052150,180052150,18005223d
\Sql\Picasso\engine\src\imbi\srv\xmsessiontm.cpp,0x3fa,XMSessionTM::ConvertTypeAndFillSegment,FUN_18004fd50,18004fd50,1800505ca
\Sql\Picasso\engine\src\imbi\srv\xmsessiontm.cpp,0x56d,XMSessionTM::CreateHierarchy,FUN_180052cc0,180052cc0,1800535d1
\Sql\Picasso\engine\src\imbi\srv\xmsessiontm.cpp,0x57c,XMSessionTM::CreateHierarchy,FUN_180052cc0,180052cc0,1800535d1
\Sql\Picasso\engine\src\imbi\srv\xmsessiontm.cpp,0x493,XMSessionTM::CreateRelationshipInternal,FUN_180050e30,1.80E+35,180051f35
\Sql\Picasso\engine\src\imbi\srv\xmsessiontm.cpp,0x49c,XMSessionTM::CreateRelationshipInternal,FUN_180050e30,1.80E+35,180051f35
\Sql\Picasso\engine\src\imbi\srv\xmsessiontm.cpp,0x4b2,XMSessionTM::CreateRelationshipInternal,FUN_180050e30,1.80E+35,180051f35
\Sql\Picasso\engine\src\imbi\srv\xmsessiontm.cpp,0x4b7,XMSessionTM::CreateRelationshipInternal,FUN_180050e30,1.80E+35,180051f35
\Sql\Picasso\engine\src\imbi\srv\xmsessiontm.cpp,0x8df,XMSessionTM::DeleteAttributeHierarchy,FUN_180057600,180057600,180057859
\Sql\Picasso\engine\src\imbi\srv\xmsessiontm.cpp,0x8db,XMSessionTM::DeleteAttributeHierarchy,FUN_180057600,180057600,180057859
\Sql\Picasso\engine\src\imbi\srv\xmsessiontm.cpp,0x8b4,XMSessionTM::DeleteRelationshipByStorageID,FUN_1800572a0,1800572a0,1800575a2
\Sql\Picasso\engine\src\imbi\srv\xmsessiontm.cpp,0x75e,XMSessionTM::DeleteTableStorageObjects,FUN_180055a20,180055a20,180055cfb
\Sql\Picasso\engine\src\imbi\srv\xmsessiontm.cpp,0x7dd,XMSessionTM::GetColumnByStorageID,FUN_180056230,180056230,180056787
\Sql\Picasso\engine\src\imbi\srv\xmsessiontm.cpp,0x8f9,XMSessionTM::GetHierarchyByStorageID,FUN_180057920,180057920,180057bbc
\Sql\Picasso\engine\src\imbi\srv\xmsessiontm.cpp,0x818,XMSessionTM::GetPartitionByStorageID,FUN_1800568a0,1800568a0,180056943
\Sql\Picasso\engine\src\imbi\srv\xmsessiontm.cpp,0x85c,XMSessionTM::GetRelationshipByStorageID,FUN_180057070,180057070,180057240
\Sql\Picasso\engine\src\imbi\srv\xmsessiontm.cpp,0x15c,XMSessionTM::GetSchemaMgrAndColumn,FUN_18004c9c0,18004c9c0,18004cb02
\Sql\Picasso\engine\src\imbi\srv\xmsessiontm.cpp,0x15c,XMSessionTM::GetSchemaMgrAndColumn,FUN_18004ec90,18004ec90,18004ee85
\Sql\Picasso\engine\src\imbi\srv\xmsessiontm.cpp,0x15c,XMSessionTM::GetSchemaMgrAndColumn,FUN_18004efb0,18004efb0,18004f8cd
\Sql\Picasso\engine\src\imbi\srv\xmsessiontm.cpp,0x15c,XMSessionTM::GetSchemaMgrAndColumn,FUN_1800506d0,1800506d0,1800508c6
\Sql\Picasso\engine\src\imbi\srv\xmsessiontm.cpp,0x15c,XMSessionTM::GetSchemaMgrAndColumn,FUN_180058fc0,180058fc0,1800591a0
\Sql\Picasso\engine\src\imbi\srv\xmsessiontm.cpp,0x136,XMSessionTM::GetSchemaMgrAndTable,FUN_18004c790,18004c790,18004c92c
\Sql\Picasso\engine\src\imbi\srv\xmsessiontm.cpp,0x1cb,XMSessionTM::GetXMColumnSpec,FUN_18004d0d0,18004d0d0,18004d437
\Sql\Picasso\engine\src\imbi\srv\xmsessiontm.cpp,0xc1,XMSessionTM::MapIMBIToUDM,FUN_18004b920,18004b920,18004c149
\Sql\Picasso\engine\src\imbi\srv\xmsessiontm.cpp,0xb4,XMSessionTM::MapIMBIToUDM,FUN_18004b920,18004b920,18004c149
\Sql\Picasso\engine\src\imbi\srv\xmsessiontm.cpp,0x6e2,XMSessionTM::PersistDataObjects,FUN_180054c40,180054c40,180055938
\Sql\Picasso\engine\src\imbi\srv\xmsessiontm.cpp,0x506,XMSessionTM::SynchronizeStorageObjectsInternal,FUN_1800592c0,1800592c0,1800596eb
\Sql\Picasso\engine\src\imbi\srv\xmsessiontm.cpp,0x506,XMSessionTM::SynchronizeStorageObjectsInternal,FUN_180059740,180059740,180059b6b
\Sql\Picasso\engine\src\imbi\srv\xmsessiontm.cpp,0x60d,XMSessionTM::SyncToSystemTable,FUN_180053b50,180053b50,1800542d3
\Sql\Picasso\engine\src\imbi\srv\xmsessiontm.cpp,0x431,XMSessionTM::UnprocessCalcTable,FUN_180050970,180050970,180050afb
\Sql\Picasso\engine\src\imbi\srv\xmsessiontm.cpp,0x42b,XMSessionTM::UnprocessCalcTable,FUN_180050970,180050970,180050afb
\Sql\Picasso\engine\src\imbi\srv\xmsessiontm.cpp,0x430,XMSessionTM::UnprocessCalcTable,FUN_180050970,180050970,180050afb
\Sql\Picasso\engine\src\imbi\srv\xmsessiontm.cpp,0x40e,XMSessionTM::UnprocessColumn,FUN_1800506d0,1800506d0,1800508c6
\Sql\Picasso\engine\src\imbi\srv\xmsessiontm.cpp,0x28f,XMSessionTM::UpdateAndPersistColumn,FUN_18004e6a0,18004e6a0,18004ebb6
\Sql\Picasso\engine\src\imbi\srv\xmsessiontm.cpp,0x322,XMSessionTM::UpdateColumnInPlace,FUN_18004efb0,18004efb0,18004f8cd
\Sql\Picasso\engine\src\imbi\srv\xmsessiontm.cpp,0x323,XMSessionTM::UpdateColumnInPlace,FUN_18004efb0,18004efb0,18004f8cd
\Sql\Picasso\engine\src\imbi\srv\xmsessiontm.cpp,0x35b,XMSessionTM::UpdateColumnInPlace,FUN_18004efb0,18004efb0,18004f8cd
\Sql\Picasso\engine\src\imbi\srv\xmsessiontm.cpp,0x2da,,FUN_18004eee0,18004eee0,18004ef1d
\Sql\Picasso\engine\src\imbi\srv\xmsessiontm.cpp,0x818,,FUN_1800568a0,1800568a0,180056943
\Sql\Picasso\engine\src\imbi\srv\xmtablestatsclientrequest.cpp,0x5f,XMTableStatsClientRequest::Execute,FUN_1800784c0,1800784c0,1800785ea
\Sql\Picasso\engine\src\imbi\srv\xmtablestatsclientrequest.cpp,0x93,XMTableStatsClientRequestResult::Init,FUN_1800784c0,1800784c0,1800785ea
\Sql\Picasso\engine\src\imbi\srv\xmtablestatsclientrequest.cpp,0xdc,XMTxnAffectedObjectsClientRequest::Execute,FUN_180078860,180078860,180078940
\Sql\Picasso\engine\src\imbi\srv\xmtablestatsclientrequest.cpp,0x131,XMTxnAffectedObjectsRequestResult::Init,FUN_180078af0,180078af0,180078f5e
\Sql\Picasso\engine\src\imbi\srv\xmtablewidgetclientrequest.cpp,0x1f9,XMTableWidgetClientRequest::AddORMergeRangeFilter,FUN_18001b2a0,18001b2a0,18001c0f8
\Sql\Picasso\engine\src\imbi\srv\xmtablewidgetclientrequest.cpp,0x2ec,XMTableWidgetClientRequest::ResolveColRefExpression,FUN_18001ab60,18001ab60,18001b0a6
\Sql\Picasso\engine\src\imbi\srv\xmtablewidgetclientrequest.cpp,0x318,XMTableWidgetClientRequest::ResolveColRefExpression,FUN_18001ab60,18001ab60,18001b0a6
\Sql\Picasso\engine\src\imbi\srv\xmtablewidgetclientrequest.cpp,0x304,XMTableWidgetClientRequest::ResolveColRefExpression,FUN_18001ab60,18001ab60,18001b0a6
\Sql\Picasso\engine\src\imbi\srv\xmtablewidgetclientrequest.cpp,0x379,XMTableWidgetClientRequest::ResolveConditions,FUN_18001b2a0,18001b2a0,18001c0f8
\Sql\Picasso\engine\src\imbi\srv\xmtablewidgetclientrequest.cpp,0x3c6,XMTableWidgetClientRequest::ResolveConditions,FUN_18001b2a0,18001b2a0,18001c0f8
\Sql\Picasso\engine\src\imbi\srv\xmtablewidgetclientrequest.cpp,0x3f5,XMTableWidgetClientRequest::ResolveConditions,FUN_18001b2a0,18001b2a0,18001c0f8
\Sql\Picasso\engine\src\imbi\srv\xmtablewidgetclientrequest.cpp,0x3e1,XMTableWidgetClientRequest::ResolveConditions,FUN_18001b2a0,18001b2a0,18001c0f8
\Sql\Picasso\engine\src\imbi\srv\xmtablewidgetclientrequest.cpp,0x3eb,XMTableWidgetClientRequest::ResolveConditions,FUN_18001b2a0,18001b2a0,18001c0f8
\Sql\Picasso\engine\src\imbi\srv\xmtablewidgetclientrequest.cpp,0x391,XMTableWidgetClientRequest::ResolveConditions,FUN_18001b2a0,18001b2a0,18001c0f8
\Sql\Picasso\engine\src\imbi\srv\xmtablewidgetclientrequest.cpp,0x3b5,XMTableWidgetClientRequest::ResolveConditions,FUN_18001b2a0,18001b2a0,18001c0f8
\Sql\Picasso\engine\src\imbi\srv\xmtablewidgetclientrequest.cpp,0x29a,XMTableWidgetClientRequest::ResolveQuerySpecForCount,FUN_18001a990,18001a990,18001aae5
\Sql\Picasso\engine\src\imbi\srv\xmtablewidgetclientrequest.cpp,0x22f,XMTableWidgetClientRequest::SetRangeFilter,FUN_18001a4c0,18001a4c0,18001a60d
\Sql\Picasso\engine\src\imbi\srv\xmutiltm.cpp,0x15c,XMTMStorageFileHelper::CreateOrModifyStorageFile,FUN_1800b0e90,1800b0e90,1800b10e3
\Sql\Picasso\engine\src\imbi\srv\xmutiltm.cpp,0x1b1,XMTMStorageFileHelper::CreateOrModifyStorageFile,FUN_1800b1310,1800b1310,1800b1563
\Sql\Picasso\engine\src\imbi\srv\xmutiltm.cpp,0x206,XMTMStorageFileHelper::CreateOrModifyStorageFile,FUN_1800b15e0,1800b15e0,1800b1833
\Sql\Picasso\engine\src\imbi\srv\xmutiltm.cpp,0x25b,XMTMStorageFileHelper::CreateOrModifyStorageFile,FUN_1800b19e0,1800b19e0,1800b1c33
\Sql\Picasso\engine\src\imbi\srv\xmutiltm.cpp,0x2b0,XMTMStorageFileHelper::CreateOrModifyStorageFile,FUN_1800b1de0,1800b1de0,1800b2033
\Sql\Picasso\engine\src\imbi\storage\xmcolumn.cpp,0x857,`anonymous-namespace\'::PopulateInMemoryStream,FUN_1801bd5e0,1801bd5e0,1801bd66a
\Sql\Picasso\engine\src\imbi\storage\xmcolumn.cpp,0x182a,`anonymous-namespace\'::XMDeserStreamProxy::GetAsyncFileRegistry,FUN_1801cffa0,1801cffa0,1801cffa4
\Sql\Picasso\engine\src\imbi\storage\xmcolumn.cpp,0x1460,XMColumnSegment::CheckConsistency,FUN_1801cc440,1801cc440,1801cca54
\Sql\Picasso\engine\src\imbi\storage\xmcolumn.cpp,0x1352,XMColumnSegment::CopyDataObjects,FUN_1801cc060,1801cc060,1801cc23e
\Sql\Picasso\engine\src\imbi\storage\xmcolumn.cpp,0x1356,XMColumnSegment::CopyDataObjects,FUN_1801cc060,1801cc060,1801cc23e
\Sql\Picasso\engine\src\imbi\storage\xmcolumn.cpp,0x12bf,XMColumnSegment::GetEnumerator,FUN_1801caac0,1801caac0,1801cae21
\Sql\Picasso\engine\src\imbi\storage\xmcolumn.cpp,0x11cd,XMColumnSegment::GetEnumeratorAux,FUN_1801c8890,1801c8890,1801c8b61
\Sql\Picasso\engine\src\imbi\storage\xmcolumn.cpp,0x12cc,XMColumnSegment::GetIterator,FUN_1801caf50,1801caf50,1801cbbd2
\Sql\Picasso\engine\src\imbi\storage\xmcolumn.cpp,0x12da,XMColumnSegment::GetLightEnumerator,FUN_1801cbd00,1801cbd00,1801cbec5
\Sql\Picasso\engine\src\imbi\storage\xmcolumn.cpp,0x12a4,XMColumnSegment::GetLookup,FUN_1801c92c0,1801c92c0,1801ca58b
\Sql\Picasso\engine\src\imbi\storage\xmcolumn.cpp,0x1fb5,XMColumnSegment::RecheckCurrentSegmentDataOffset,FUN_1801d58a0,1801d58a0,1801d5c4a
\Sql\Picasso\engine\src\imbi\storage\xmcolumn.cpp,0x1379,XMColumnSegment::SetObjectByName,FUN_1801cc2d0,1801cc2d0,1801cc3e3
\Sql\Picasso\engine\src\imbi\storage\xmcolumn.cpp,0x14ad,XMColumnSegment::ValidateBitPackContent,FUN_1801ccca0,1801ccca0,1801ccf0e
\Sql\Picasso\engine\src\imbi\storage\xmcolumn.cpp,0x1503,XMColumnSegment::ValidateHybridRLEContent,FUN_1801cc440,1801cc440,1801cca54
\Sql\Picasso\engine\src\imbi\storage\xmcolumn.cpp,0xfe9,XMColumnSegmentDataObject::Deserialize,FUN_1801c70c0,1801c70c0,1801c741d
\Sql\Picasso\engine\src\imbi\storage\xmcolumn.cpp,0xf9a,XMColumnSegmentDataObject::Deserialize,FUN_1801c70c0,1801c70c0,1801c741d
\Sql\Picasso\engine\src\imbi\storage\xmcolumn.cpp,0x12a9,XMColumnSegmentDataObject::GetEnumerator,FUN_1801ca6c0,1801ca6c0,1801ca98c
\Sql\Picasso\engine\src\imbi\storage\xmcolumn.cpp,0xf24,XMColumnSegmentDataObject::InitCSDO,FUN_1801c6b30,1801c6b30,1801c6b81
\Sql\Picasso\engine\src\imbi\storage\xmcolumn.cpp,0x1016,XMColumnSegmentDataObject::PrepareAsync,FUN_1801c76a0,1801c76a0,1801c7787
\Sql\Picasso\engine\src\imbi\storage\xmcolumn.cpp,0x1017,XMColumnSegmentDataObject::PrepareAsync,FUN_1801c76a0,1801c76a0,1801c7787
\Sql\Picasso\engine\src\imbi\storage\xmcolumn.cpp,0xf77,XMColumnSegmentDataObject::SerializeImpl,FUN_1801c6f80,1801c6f80,1801c7058
\Sql\Picasso\engine\src\imbi\storage\xmcolumn.cpp,0x1063,XMCSDOMemUtils::AllocateMemory,FUN_1801c7970,1801c7970,1801c7ade
\Sql\Picasso\engine\src\imbi\storage\xmcolumn.cpp,0x2a6,XMRawColumn::AddPartitionSegment,FUN_1801b95d0,1801b95d0,1801b977a
\Sql\Picasso\engine\src\imbi\storage\xmcolumn.cpp,0x29f,XMRawColumn::AddPartitionSegment,FUN_1801b95d0,1801b95d0,1801b977a
\Sql\Picasso\engine\src\imbi\storage\xmcolumn.cpp,0x722,XMRawColumn::CheckConsistency,FUN_1801bcb40,1801bcb40,1801bd304
\Sql\Picasso\engine\src\imbi\storage\xmcolumn.cpp,0x73f,XMRawColumn::CheckConsistency,FUN_1801bcb40,1801bcb40,1801bd304
\Sql\Picasso\engine\src\imbi\storage\xmcolumn.cpp,0x769,XMRawColumn::CheckConsistency,FUN_1801bcb40,1801bcb40,1801bd304
\Sql\Picasso\engine\src\imbi\storage\xmcolumn.cpp,0x82c,XMRawColumn::CheckConsistency,FUN_1801bcb40,1801bcb40,1801bd304
\Sql\Picasso\engine\src\imbi\storage\xmcolumn.cpp,0xb4b,XMRawColumn::CompressStringDataDict,FUN_1801c2af0,1801c2af0,1801c2ced
\Sql\Picasso\engine\src\imbi\storage\xmcolumn.cpp,0x20d7,XMRawColumn::ConstructTargetDictionary,FUN_1801d7920,1801d7920,1801d7999
\Sql\Picasso\engine\src\imbi\storage\xmcolumn.cpp,0x3e0,XMRawColumn::CreateColPartitions,FUN_1801ba0d0,1801ba0d0,1801ba68d
\Sql\Picasso\engine\src\imbi\storage\xmcolumn.cpp,0x3f9,XMRawColumn::CreateColPartitions,FUN_1801ba0d0,1801ba0d0,1801ba68d
\Sql\Picasso\engine\src\imbi\storage\xmcolumn.cpp,0xa67,XMRawColumn::CreateDictionaryAndLoadDictData,FUN_1801c0ec0,1801c0ec0,1801c0f6d
\Sql\Picasso\engine\src\imbi\storage\xmcolumn.cpp,0xadc,XMRawColumn::CreateDictionaryAndLoadDictData,FUN_1801c0ec0,1801c0ec0,1801c0f6d
\Sql\Picasso\engine\src\imbi\storage\xmcolumn.cpp,0xa6e,XMRawColumn::CreateDictionaryAndLoadDictData,FUN_1801c0ec0,1801c0ec0,1801c0f6d
\Sql\Picasso\engine\src\imbi\storage\xmcolumn.cpp,0xb96,XMRawColumn::CreateStorageArtifacts,FUN_1801c3930,1801c3930,1801c3b0f
\Sql\Picasso\engine\src\imbi\storage\xmcolumn.cpp,0x2152,XMRawColumn::CreateUniversalSecurityBitmapColumnImpl,FUN_1801d7e90,1801d7e90,1801d8b0c
\Sql\Picasso\engine\src\imbi\storage\xmcolumn.cpp,0xbd5,XMRawColumn::DeleteStorageArtifacts,FUN_1801c3bb0,1801c3bb0,1801c3cd1
\Sql\Picasso\engine\src\imbi\storage\xmcolumn.cpp,0xd38,XMRawColumn::EnrollInVertiparquet,FUN_1801c4fd0,1801c4fd0,1801c509c
\Sql\Picasso\engine\src\imbi\storage\xmcolumn.cpp,0x43e,XMRawColumn::EnsurePDOClone,FUN_1801ba740,1801ba740,1801ba8ba
\Sql\Picasso\engine\src\imbi\storage\xmcolumn.cpp,0x440,XMRawColumn::EnsurePDOClone,FUN_1801ba740,1801ba740,1801ba8ba
\Sql\Picasso\engine\src\imbi\storage\xmcolumn.cpp,0xa2e,XMRawColumn::GetDataObjectReadStream,FUN_1801c0390,1801c0390,1801c0a4e
\Sql\Picasso\engine\src\imbi\storage\xmcolumn.cpp,0xa28,XMRawColumn::GetDataObjectReadStream,FUN_1801c0390,1801c0390,1801c0a4e
\Sql\Picasso\engine\src\imbi\storage\xmcolumn.cpp,0x9d8,XMRawColumn::InitDataDictionary,FUN_1801bf210,1801bf210,1801bff3f
\Sql\Picasso\engine\src\imbi\storage\xmcolumn.cpp,0x9aa,XMRawColumn::InitDataDictionary,FUN_1801bf210,1801bf210,1801bff3f
\Sql\Picasso\engine\src\imbi\storage\xmcolumn.cpp,0x164,XMRawColumn::InstantiateColPartitionStorageObject,FUN_1801b8920,1801b8920,1801b8ae6
\Sql\Picasso\engine\src\imbi\storage\xmcolumn.cpp,0x165,XMRawColumn::InstantiateColPartitionStorageObject,FUN_1801b8920,1801b8920,1801b8ae6
\Sql\Picasso\engine\src\imbi\storage\xmcolumn.cpp,0x169,XMRawColumn::InstantiateColPartitionStorageObject,FUN_1801b8920,1801b8920,1801b8ae6
\Sql\Picasso\engine\src\imbi\storage\xmcolumn.cpp,0x16a,XMRawColumn::InstantiateColPartitionStorageObject,FUN_1801b8920,1801b8920,1801b8ae6
\Sql\Picasso\engine\src\imbi\storage\xmcolumn.cpp,0xdf0,XMRawColumn::LoadPartitionSegments,FUN_1801c5660,1801c5660,1801c5c96
\Sql\Picasso\engine\src\imbi\storage\xmcolumn.cpp,0x8a7,XMRawColumn::MaterializePartitionAsClone,FUN_1801bd6d0,1801bd6d0,1801bd783
\Sql\Picasso\engine\src\imbi\storage\xmcolumn.cpp,0x64a,XMRawColumn::OnDataObjectLoad,FUN_1801bb940,1801bb940,1801bc08e
\Sql\Picasso\engine\src\imbi\storage\xmcolumn.cpp,0x8c2,XMRawColumn::OnMaterialize,FUN_1801bd7e0,1801bd7e0,1801be458
\Sql\Picasso\engine\src\imbi\storage\xmcolumn.cpp,0x975,XMRawColumn::OnMaterialize,FUN_1801bd7e0,1801bd7e0,1801be458
\Sql\Picasso\engine\src\imbi\storage\xmcolumn.cpp,0x976,XMRawColumn::OnMaterialize,FUN_1801bd7e0,1801bd7e0,1801be458
\Sql\Picasso\engine\src\imbi\storage\xmcolumn.cpp,0x98a,XMRawColumn::OnMaterialize,FUN_1801bd7e0,1801bd7e0,1801be458
\Sql\Picasso\engine\src\imbi\storage\xmcolumn.cpp,0x97f,XMRawColumn::OnMaterialize,FUN_1801bd7e0,1801bd7e0,1801be458
\Sql\Picasso\engine\src\imbi\storage\xmcolumn.cpp,0x983,XMRawColumn::OnMaterialize,FUN_1801bd7e0,1801bd7e0,1801be458
\Sql\Picasso\engine\src\imbi\storage\xmcolumn.cpp,0x985,XMRawColumn::OnMaterialize,FUN_1801bd7e0,1801bd7e0,1801be458
\Sql\Picasso\engine\src\imbi\storage\xmcolumn.cpp,0x90d,XMRawColumn::OnMaterialize,FUN_1801bd7e0,1801bd7e0,1801be458
\Sql\Picasso\engine\src\imbi\storage\xmcolumn.cpp,0x979,XMRawColumn::OnMaterialize,FUN_1801bd7e0,1801bd7e0,1801be458
\Sql\Picasso\engine\src\imbi\storage\xmcolumn.cpp,0x8f1,XMRawColumn::OnMaterialize,FUN_1801bd7e0,1801bd7e0,1801be458
\Sql\Picasso\engine\src\imbi\storage\xmcolumn.cpp,0x8f5,XMRawColumn::OnMaterialize,FUN_1801bd7e0,1801bd7e0,1801be458
\Sql\Picasso\engine\src\imbi\storage\xmcolumn.cpp,0x8fa,XMRawColumn::OnMaterialize,FUN_1801bd7e0,1801bd7e0,1801be458
\Sql\Picasso\engine\src\imbi\storage\xmcolumn.cpp,0xd20,XMRawColumn::PersistPartitionSegmentDataToParquet,FUN_1801c4da0,1801c4da0,1801c4f11
\Sql\Picasso\engine\src\imbi\storage\xmcolumn.cpp,0xd24,XMRawColumn::PersistPartitionSegmentDataToParquet,FUN_1801c4da0,1801c4da0,1801c4f11
\Sql\Picasso\engine\src\imbi\storage\xmcolumn.cpp,0xeca,XMRawColumn::PrefetchColumnChunks,FUN_1801c67e0,1801c67e0,1801c6a7d
\Sql\Picasso\engine\src\imbi\storage\xmcolumn.cpp,0x34a,XMRawColumn::RecreatePartitionSegments,FUN_1801b9d60,1801b9d60,1801b9fab
\Sql\Picasso\engine\src\imbi\storage\xmcolumn.cpp,0x361,XMRawColumn::RecreatePartitionSegments,FUN_1801b9d60,1801b9d60,1801b9fab
\Sql\Picasso\engine\src\imbi\storage\xmcolumn.cpp,0x6cc,XMRawColumn::RefreshColPartitions,FUN_1801bc570,1801bc570,1801bc8ca
\Sql\Picasso\engine\src\imbi\storage\xmcolumn.cpp,0x276,XMRawColumn::RegisterPartitionSegment,FUN_1801b9300,1801b9300,1801b954c
\Sql\Picasso\engine\src\imbi\storage\xmcolumn.cpp,0x331,XMRawColumn::RemovePartitionSegment,FUN_1801b9b40,1801b9b40,1801b9cfe
\Sql\Picasso\engine\src\imbi\storage\xmcolumn.cpp,0x32b,XMRawColumn::RemovePartitionSegment,FUN_1801b9b40,1801b9b40,1801b9cfe
\Sql\Picasso\engine\src\imbi\storage\xmcolumn.cpp,0x335,XMRawColumn::RemovePartitionSegment,FUN_1801b9b40,1801b9b40,1801b9cfe
\Sql\Picasso\engine\src\imbi\storage\xmcolumn.cpp,0x2eb,XMRawColumn::RemovePartitionSegments,FUN_1801b9870,1801b9870,1801b9a80
\Sql\Picasso\engine\src\imbi\storage\xmcolumn.cpp,0x2f7,XMRawColumn::RemovePartitionSegments,FUN_1801b9870,1801b9870,1801b9a80
\Sql\Picasso\engine\src\imbi\storage\xmcolumn.cpp,0x2e5,XMRawColumn::RemovePartitionSegments,FUN_1801b9870,1801b9870,1801b9a80
\Sql\Picasso\engine\src\imbi\storage\xmcolumn.cpp,0x5cb,XMRawColumn::SerializableDataObjectCollection,FUN_1801bb2b0,1801bb2b0,1801bb888
\Sql\Picasso\engine\src\imbi\storage\xmcolumn.cpp,0x5f5,XMRawColumn::SerializableDataObjectCollection,FUN_1801bb2b0,1801bb2b0,1801bb888
\Sql\Picasso\engine\src\imbi\storage\xmcolumn.cpp,0x59c,XMRawColumn::SetObjectByName,FUN_1801bb140,1801bb140,1801bb247
\Sql\Picasso\engine\src\imbi\storage\xmcolumn.cpp,0x457,XMRawColumn::SetPartitionDataObjectVersion,FUN_180f564d0,180f564d0,180f56656
\Sql\Picasso\engine\src\imbi\storage\xmcolumn.cpp,0x45e,XMRawColumn::SetPartitionDataObjectVersion,FUN_180f564d0,180f564d0,180f56656
\Sql\Picasso\engine\src\imbi\storage\xmcolumn.cpp,0x1d7,XMRawColumn::SynchronizeColumnStorageInternal,FUN_1801da020,1801da020,1801da3e9
\Sql\Picasso\engine\src\imbi\storage\xmcolumn.cpp,0x1b0,XMRawColumn::SynchronizeColumnStorageInternal,FUN_1801da020,1801da020,1801da3e9
\Sql\Picasso\engine\src\imbi\storage\xmcolumn.cpp,0x1b0,XMRawColumn::SynchronizeColumnStorageInternal,FUN_1801da4a0,1801da4a0,1801da8b2
\Sql\Picasso\engine\src\imbi\storage\xmcolumn.cpp,0x1df,XMRawColumn::SynchronizeColumnStorageInternal,FUN_1801da4a0,1801da4a0,1801da8b2
\Sql\Picasso\engine\src\imbi\storage\xmcolumn.cpp,0x162f,XMRawColumnPartitionDataObject::AddSegmentToThisPartition,FUN_1801cd6f0,1801cd6f0,1801cd78a
\Sql\Picasso\engine\src\imbi\storage\xmcolumn.cpp,0x1c23,XMRawColumnPartitionDataObject::DeserializeColumnSegment,FUN_1801d58a0,1801d58a0,1801d5c4a
\Sql\Picasso\engine\src\imbi\storage\xmcolumn.cpp,0x1c24,XMRawColumnPartitionDataObject::DeserializeColumnSegment,FUN_1801d58a0,1801d58a0,1801d5c4a
\Sql\Picasso\engine\src\imbi\storage\xmcolumn.cpp,0x1c02,XMRawColumnPartitionDataObject::DeserializeColumnSegment,FUN_1801d58a0,1801d58a0,1801d5c4a
\Sql\Picasso\engine\src\imbi\storage\xmcolumn.cpp,0x1cb0,XMRawColumnPartitionDataObject::DeserializeWithColumnSegments,FUN_1801dc840,1801dc840,1801dcdf3
\Sql\Picasso\engine\src\imbi\storage\xmcolumn.cpp,0x1ceb,XMRawColumnPartitionDataObject::DeserializeWithColumnSegments,FUN_1801dcec0,1801dcec0,1801dd2a0
\Sql\Picasso\engine\src\imbi\storage\xmcolumn.cpp,0x1cb0,XMRawColumnPartitionDataObject::DeserializeWithColumnSegments,FUN_1801dcec0,1801dcec0,1801dd2a0
\Sql\Picasso\engine\src\imbi\storage\xmcolumn.cpp,0x1798,XMRawColumnPartitionDataObject::EnrollInVDP,FUN_1801cf820,1801cf820,1801cfbc4
\Sql\Picasso\engine\src\imbi\storage\xmcolumn.cpp,0x1662,XMRawColumnPartitionDataObject::EnsureCloned,FUN_1801ba740,1801ba740,1801ba8ba
\Sql\Picasso\engine\src\imbi\storage\xmcolumn.cpp,0x1d45,XMRawColumnPartitionDataObject::FakeDeserialize,FUN_180f5b600,180f5b600,180f5bf14
\Sql\Picasso\engine\src\imbi\storage\xmcolumn.cpp,0x1c5b,XMRawColumnPartitionDataObject::FakeDeserializeColumnSegment,FUN_1801d5d40,1801d5d40,1801d5e18
\Sql\Picasso\engine\src\imbi\storage\xmcolumn.cpp,0x1a7b,XMRawColumnPartitionDataObject::GetIdfMetaStreamFromIdfCombined,FUN_1801d3c20,1801d3c20,1801d3ede
\Sql\Picasso\engine\src\imbi\storage\xmcolumn.cpp,0x1a8c,XMRawColumnPartitionDataObject::GetIdfMetaStreamFromIdfCombined,FUN_1801d3c20,1801d3c20,1801d3ede
\Sql\Picasso\engine\src\imbi\storage\xmcolumn.cpp,0x1a90,XMRawColumnPartitionDataObject::GetIdfMetaStreamFromIdfCombined,FUN_1801d3c20,1801d3c20,1801d3ede
\Sql\Picasso\engine\src\imbi\storage\xmcolumn.cpp,0x1b15,XMRawColumnPartitionDataObject::GetInMemoryReadStream,FUN_1801d4fd0,1801d4fd0,1801d518a
\Sql\Picasso\engine\src\imbi\storage\xmcolumn.cpp,0x1afe,XMRawColumnPartitionDataObject::GetReadStream,FUN_1801d4dc0,1801d4dc0,1801d4f7a
\Sql\Picasso\engine\src\imbi\storage\xmcolumn.cpp,0x1ab5,XMRawColumnPartitionDataObject::InitializeDirectQueryColumnPartition,FUN_1801d3f90,1801d3f90,1801d4a79
\Sql\Picasso\engine\src\imbi\storage\xmcolumn.cpp,0x1ab6,XMRawColumnPartitionDataObject::InitializeDirectQueryColumnPartition,FUN_1801d3f90,1801d3f90,1801d4a79
\Sql\Picasso\engine\src\imbi\storage\xmcolumn.cpp,0x388,XMRawColumnPartitionDataObject::InitVersion,FUN_1801ba0d0,1801ba0d0,1801ba68d
\Sql\Picasso\engine\src\imbi\storage\xmcolumn.cpp,0x1d62,XMRawColumnPartitionDataObject::IsSerializationNeeded,FUN_1801d5f80,1801d5f80,1801d5fd6
\Sql\Picasso\engine\src\imbi\storage\xmcolumn.cpp,0x192e,XMRawColumnPartitionDataObject::LoadColumnPartition,FUN_1801d0000,1801d0000,1801d1e20
\Sql\Picasso\engine\src\imbi\storage\xmcolumn.cpp,0x1937,XMRawColumnPartitionDataObject::LoadColumnPartition,FUN_1801d0000,1801d0000,1801d1e20
\Sql\Picasso\engine\src\imbi\storage\xmcolumn.cpp,0x1939,XMRawColumnPartitionDataObject::LoadColumnPartition,FUN_1801d0000,1801d0000,1801d1e20
\Sql\Picasso\engine\src\imbi\storage\xmcolumn.cpp,0x1940,XMRawColumnPartitionDataObject::LoadColumnPartition,FUN_1801d0000,1801d0000,1801d1e20
\Sql\Picasso\engine\src\imbi\storage\xmcolumn.cpp,0x1941,XMRawColumnPartitionDataObject::LoadColumnPartition,FUN_1801d0000,1801d0000,1801d1e20
\Sql\Picasso\engine\src\imbi\storage\xmcolumn.cpp,0x1945,XMRawColumnPartitionDataObject::LoadColumnPartition,FUN_1801d0000,1801d0000,1801d1e20
\Sql\Picasso\engine\src\imbi\storage\xmcolumn.cpp,0x1bc1,XMRawColumnPartitionDataObject::OnPostLoad,FUN_1801d5720,1801d5720,1801d57d9
\Sql\Picasso\engine\src\imbi\storage\xmcolumn.cpp,0x1de0,XMRawColumnPartitionDataObject::PersistData,FUN_1801d63f0,1801d63f0,1801d65fa
\Sql\Picasso\engine\src\imbi\storage\xmcolumn.cpp,0x1ddf,XMRawColumnPartitionDataObject::PersistData,FUN_1801d63f0,1801d63f0,1801d65fa
\Sql\Picasso\engine\src\imbi\storage\xmcolumn.cpp,0x1daf,XMRawColumnPartitionDataObject::PersistMetadata,FUN_1801d6130,1801d6130,1801d6344
\Sql\Picasso\engine\src\imbi\storage\xmcolumn.cpp,0x1db5,XMRawColumnPartitionDataObject::PersistMetadata,FUN_1801d6130,1801d6130,1801d6344
\Sql\Picasso\engine\src\imbi\storage\xmcolumn.cpp,0x1a4a,XMRawColumnPartitionDataObject::PopulateStreamIfDifferentialLoadCanBeUsed,FUN_1801d2340,1801d2340,1801d33bf
\Sql\Picasso\engine\src\imbi\storage\xmcolumn.cpp,0x1e79,XMSaveCombinedCPDOForTM::ExecuteTaskInternal,FUN_1801d6960,1801d6960,1801d6baa
\Sql\Picasso\engine\src\imbi\storage\xmcolumn.cpp,0x1f26,XMTableSegmentStatsTracer::TableTypeStr,FUN_1801d72f0,1801d72f0,1801d7396
\Sql\Picasso\engine\src\imbi\storage\xmcolumn.cpp,0x29f,,FUN_1801b95d0,1801b95d0,1801b977a
\Sql\Picasso\engine\src\imbi\storage\xmcolumn.cpp,0x2e5,,FUN_1801b9870,1801b9870,1801b9a80
\Sql\Picasso\engine\src\imbi\storage\xmcolumn.cpp,0x32b,,FUN_1801b9b40,1801b9b40,1801b9cfe
\Sql\Picasso\engine\src\imbi\storage\xmcolumn.cpp,0x1662,,FUN_1801ba740,1801ba740,1801ba8ba
\Sql\Picasso\engine\src\imbi\storage\xmcolumn.cpp,0x59c,,FUN_1801bb140,1801bb140,1801bb247
\Sql\Picasso\engine\src\imbi\storage\xmcolumn.cpp,0x1016,,FUN_1801c76a0,1801c76a0,1801c7787
\Sql\Picasso\engine\src\imbi\storage\xmcolumn.cpp,0x1063,,FUN_1801c7970,1801c7970,1801c7ade
\Sql\Picasso\engine\src\imbi\storage\xmcolumn.cpp,0x11cd,,FUN_1801c8890,1801c8890,1801c8b61
\Sql\Picasso\engine\src\imbi\storage\xmcolumn.cpp,0x12a9,,FUN_1801ca6c0,1801ca6c0,1801ca98c
\Sql\Picasso\engine\src\imbi\storage\xmcolumn.cpp,0x12bf,,FUN_1801caac0,1801caac0,1801cae21
\Sql\Picasso\engine\src\imbi\storage\xmcolumn.cpp,0x1379,,FUN_1801cc2d0,1801cc2d0,1801cc3e3
\Sql\Picasso\engine\src\imbi\storage\xmcolumn.cpp,70,,FUN_1801cd6f0,1801cd6f0,1801cd78a
\Sql\Picasso\engine\src\imbi\storage\xmcolumn.cpp,0x182a,,FUN_1801cffa0,1801cffa0,1801cffa4
\Sql\Picasso\engine\src\imbi\storage\xmcolumn.cpp,0x1f26,,FUN_1801d72f0,1801d72f0,1801d7396
\Sql\Picasso\engine\src\imbi\storage\xmcolumn.cpp,0x20d7,,FUN_1801d7920,1801d7920,1801d7999
\Sql\Picasso\engine\src\imbi\storage\xmcolumn.cpp,0x1ceb,,FUN_1801dcec0,1801dcec0,1801dd2a0
\Sql\Picasso\engine\src\imbi\storage\xmcolumn.cpp,0x457,,FUN_180f564d0,180f564d0,180f56656
\Sql\Picasso\engine\src\imbi\storage\xmcolumn.hpp,0x5a1,XMColumnSegment::IsSeethruPartitionColumnSegment,FUN_180285dd0,180285dd0,180285fdc
\Sql\Picasso\engine\src\imbi\storage\xmcolumn.hpp,0x595,XMColumnSegment::IsSeethruSegment,FUN_1801ccca0,1801ccca0,1801cce79
\Sql\Picasso\engine\src\imbi\storage\xmcolumn.hpp,0x4aa,XMColumnSegmentDataObject::GetSerializableFileName,FUN_180204fd0,180204fd0,180204fd4
\Sql\Picasso\engine\src\imbi\storage\xmcolumn.hpp,0x4a9,XMColumnSegmentDataObject::GetSerializableFileName,FUN_180205030,180205030,180205034
\Sql\Picasso\engine\src\imbi\storage\xmcolumn.hpp,0x48b,XMColumnSegmentDataObject::Metrics,FUN_180fcc540,180fcc540,180fcc57d
\Sql\Picasso\engine\src\imbi\storage\xmcolumn.hpp,0x4aa,,FUN_180204fd0,180204fd0,180204fd4
\Sql\Picasso\engine\src\imbi\storage\xmcolumn.hpp,0x4a9,,FUN_180205030,180205030,180205034
\Sql\Picasso\engine\src\imbi\storage\xmcolumn.hpp,0x266,,FUN_180205eb0,180205eb0,180205fe3
\Sql\Picasso\engine\src\imbi\storage\xmcolumn.hpp,0x48b,,FUN_180fcc540,180fcc540,180fcc57d
\Sql\Picasso\engine\src\imbi\storage\xmcolumn.inl,0x90,XMRawColumn::TraverseSerializableObjects,FUN_1802ea400,1802ea400,1802ea5f7
\Sql\Picasso\engine\src\imbi\storage\xmcolumn.inl,0xa5,XMRawColumn::TraverseSerializableObjects,FUN_1802ea400,1802ea400,1802ea5f7
\Sql\Picasso\engine\src\imbi\storage\xmcolumn.inl,0x90,XMRawColumn::TraverseSerializableObjects,FUN_180f6ce30,180f6ce30,180f6d060
\Sql\Picasso\engine\src\imbi\storage\xmcolumn.inl,0xa5,XMRawColumn::TraverseSerializableObjects,FUN_180f6ce30,180f6ce30,180f6d060
\Sql\Picasso\engine\src\imbi\storage\xmcolumn.inl,0x90,XMRawColumn::TraverseSerializableObjects,FUN_180f6d170,180f6d170,180f6d3a0
\Sql\Picasso\engine\src\imbi\storage\xmcolumn.inl,0xa5,XMRawColumn::TraverseSerializableObjects,FUN_180f6d170,180f6d170,180f6d3a0
\Sql\Picasso\engine\src\imbi\storage\xmcolumn.inl,0x90,XMRawColumn::TraverseSerializableObjects,FUN_180f6d4b0,180f6d4b0,180f6d687
\Sql\Picasso\engine\src\imbi\storage\xmcolumn.inl,0xa5,XMRawColumn::TraverseSerializableObjects,FUN_180f6d4b0,180f6d4b0,180f6d687
\Sql\Picasso\engine\src\imbi\storage\xmcolumn.inl,0x90,XMRawColumn::TraverseSerializableObjects,FUN_180f6d990,180f6d990,180f6dbc0
\Sql\Picasso\engine\src\imbi\storage\xmcolumn.inl,0xa5,XMRawColumn::TraverseSerializableObjects,FUN_180f6d990,180f6d990,180f6dbc0
\Sql\Picasso\engine\src\imbi\storage\xmcolumn.inl,0x90,XMRawColumn::TraverseSerializableObjects,FUN_180f6dcd0,180f6dcd0,180f6df00
\Sql\Picasso\engine\src\imbi\storage\xmcolumn.inl,0xa5,XMRawColumn::TraverseSerializableObjects,FUN_180f6dcd0,180f6dcd0,180f6df00
\Sql\Picasso\engine\src\imbi\storage\xmcolumn.inl,0x90,,FUN_1802ea400,1802ea400,1802ea5f7
\Sql\Picasso\engine\src\imbi\storage\xmcolumn.inl,0xa5,,FUN_1802ea400,1802ea400,1802ea5f7
\Sql\Picasso\engine\src\imbi\storage\xmcolumn.inl,0x90,,FUN_180f6ce30,180f6ce30,180f6d060
\Sql\Picasso\engine\src\imbi\storage\xmcolumn.inl,0xa5,,FUN_180f6ce30,180f6ce30,180f6d060
\Sql\Picasso\engine\src\imbi\storage\xmcolumn.inl,0x90,,FUN_180f6d170,180f6d170,180f6d3a0
\Sql\Picasso\engine\src\imbi\storage\xmcolumn.inl,0xa5,,FUN_180f6d170,180f6d170,180f6d3a0
\Sql\Picasso\engine\src\imbi\storage\xmcolumn.inl,0x90,,FUN_180f6d4b0,180f6d4b0,180f6d687
\Sql\Picasso\engine\src\imbi\storage\xmcolumn.inl,0xa5,,FUN_180f6d4b0,180f6d4b0,180f6d687
\Sql\Picasso\engine\src\imbi\storage\xmcolumn.inl,0x90,,FUN_180f6d990,180f6d990,180f6dbc0
\Sql\Picasso\engine\src\imbi\storage\xmcolumn.inl,0xa5,,FUN_180f6d990,180f6d990,180f6dbc0
\Sql\Picasso\engine\src\imbi\storage\xmcolumn.inl,0x90,,FUN_180f6dcd0,180f6dcd0,180f6df00
\Sql\Picasso\engine\src\imbi\storage\xmcolumn.inl,0xa5,,FUN_180f6dcd0,180f6dcd0,180f6df00
\Sql\Picasso\engine\src\imbi\storage\xmcompress.cpp,0x76,XMICompressionInfo::CreateCompressionInfo,FUN_1802552f0,1802552f0,1802559c5
\Sql\Picasso\engine\src\imbi\storage\xmcompress.cpp,0x6b,XMICompressionInfo::CreateCompressionInfo,FUN_1802552f0,1802552f0,1802559c5
\Sql\Picasso\engine\src\imbi\storage\xmcompress.cpp,0x1d5,XMRLECompressionInfo::BindToSegment,FUN_180256110,180256110,1802561d1
\Sql\Picasso\engine\src\imbi\storage\xmcompress.cpp,0x26f,XMRLECompressionInfo::CreateHybridCompressor,FUN_1802564f0,1802564f0,1802564f4
\Sql\Picasso\engine\src\imbi\storage\xmcompress.cpp,0x19c,XMRLECompressionInfo::Init,FUN_180256020,180256020,18025607b
\Sql\Picasso\engine\src\imbi\storage\xmcompress.cpp,0x2b6,XMRLECompressionInfo::OnPostDataLoad,FUN_180256620,180256620,1802566bc
\Sql\Picasso\engine\src\imbi\storage\xmcompress.cpp,0x1f7,XMRLECompressionInfo::SetFirstRunValue,FUN_1802562f0,1802562f0,18025630c
\Sql\Picasso\engine\src\imbi\storage\xmcompress.cpp,0x1f7,XMRLECompressionInfo::SetFirstRunValue,FUN_1802576b0,1802576b0,180257836
\Sql\Picasso\engine\src\imbi\storage\xmcompress.cpp,0x1f7,XMRLECompressionInfo::SetFirstRunValue,FUN_18025ad10,18025ad10,18025ad30
\Sql\Picasso\engine\src\imbi\storage\xmcompress.cpp,0x19c,,FUN_180256020,180256020,18025607b
\Sql\Picasso\engine\src\imbi\storage\xmcompress.cpp,0x1f7,,FUN_1802562f0,1802562f0,18025630c
\Sql\Picasso\engine\src\imbi\storage\xmcompress.cpp,0x26f,,FUN_1802564f0,1802564f0,1802564f4
\Sql\Picasso\engine\src\imbi\storage\xmcompress.cpp,0x1f7,,FUN_18025ad10,18025ad10,18025ad30
\Sql\Picasso\engine\src\imbi\storage\xmcompress.hpp,0x1c9,XMRLECompressionInfo::RleFacet,FUN_180164100,180164100,180164104
\Sql\Picasso\engine\src\imbi\storage\xmcompress.hpp,0x1c9,,FUN_180164100,180164100,180164104
\Sql\Picasso\engine\src\imbi\storage\xmcompress.inl,0x451,XMHybridRLECompressionInfo<class XM123CompressionInfo>::InitForDeserialization,FUN_180278e00,1.80E+05,180278fa6
\Sql\Picasso\engine\src\imbi\storage\xmcompress.inl,0x451,XMHybridRLECompressionInfo<class XMREGeneralCompressionInfo>::InitForDeserialization,FUN_180279000,180279000,18027cbaf
\Sql\Picasso\engine\src\imbi\storage\xmcompress.inl,0x451,XMHybridRLECompressionInfo<class XMRENoSplitCompressionInfo<1> >::InitForDeserialization,FUN_18027ce40,18027ce40,18027d011
\Sql\Picasso\engine\src\imbi\storage\xmcompress.inl,0x451,XMHybridRLECompressionInfo<class XMRENoSplitCompressionInfo<10> >::InitForDeserialization,FUN_18027e1f0,18027e1f0,18027e3c1
\Sql\Picasso\engine\src\imbi\storage\xmcompress.inl,0x451,XMHybridRLECompressionInfo<class XMRENoSplitCompressionInfo<12> >::InitForDeserialization,FUN_18027e420,18027e420,18027e5f1
\Sql\Picasso\engine\src\imbi\storage\xmcompress.inl,0x451,XMHybridRLECompressionInfo<class XMRENoSplitCompressionInfo<16> >::InitForDeserialization,FUN_18027e650,18027e650,18027e821
\Sql\Picasso\engine\src\imbi\storage\xmcompress.inl,0x451,XMHybridRLECompressionInfo<class XMRENoSplitCompressionInfo<2> >::InitForDeserialization,FUN_18027d070,18027d070,18027d241
\Sql\Picasso\engine\src\imbi\storage\xmcompress.inl,0x451,XMHybridRLECompressionInfo<class XMRENoSplitCompressionInfo<21> >::InitForDeserialization,FUN_18027e880,18027e880,18027ea51
\Sql\Picasso\engine\src\imbi\storage\xmcompress.inl,0x451,XMHybridRLECompressionInfo<class XMRENoSplitCompressionInfo<3> >::InitForDeserialization,FUN_18027d2a0,18027d2a0,18027d471
\Sql\Picasso\engine\src\imbi\storage\xmcompress.inl,0x451,XMHybridRLECompressionInfo<class XMRENoSplitCompressionInfo<32> >::InitForDeserialization,FUN_18027eab0,18027eab0,18027ec81
\Sql\Picasso\engine\src\imbi\storage\xmcompress.inl,0x451,XMHybridRLECompressionInfo<class XMRENoSplitCompressionInfo<4> >::InitForDeserialization,FUN_18027d4d0,18027d4d0,18027d6a1
\Sql\Picasso\engine\src\imbi\storage\xmcompress.inl,0x451,XMHybridRLECompressionInfo<class XMRENoSplitCompressionInfo<5> >::InitForDeserialization,FUN_18027d700,18027d700,18027d8d1
\Sql\Picasso\engine\src\imbi\storage\xmcompress.inl,0x451,XMHybridRLECompressionInfo<class XMRENoSplitCompressionInfo<6> >::InitForDeserialization,FUN_18027d930,18027d930,18027db01
\Sql\Picasso\engine\src\imbi\storage\xmcompress.inl,0x451,XMHybridRLECompressionInfo<class XMRENoSplitCompressionInfo<7> >::InitForDeserialization,FUN_18027db60,18027db60,18027dd31
\Sql\Picasso\engine\src\imbi\storage\xmcompress.inl,0x451,XMHybridRLECompressionInfo<class XMRENoSplitCompressionInfo<8> >::InitForDeserialization,FUN_18027dd90,18027dd90,18027df61
\Sql\Picasso\engine\src\imbi\storage\xmcompress.inl,0x451,XMHybridRLECompressionInfo<class XMRENoSplitCompressionInfo<9> >::InitForDeserialization,FUN_18027dfc0,18027dfc0,1.80E+195
\Sql\Picasso\engine\src\imbi\storage\xmdatadict.cpp,0x3d8,XMHashDataDictionary<__int64>::EnrollInVDPForDataDictionary,FUN_18022eab0,18022eab0,18022ec68
\Sql\Picasso\engine\src\imbi\storage\xmdatadict.cpp,0x2ad,XMHashDataDictionary<__int64>::GetInMemoryReadStream,FUN_18022e8a0,18022e8a0,18022ea5a
\Sql\Picasso\engine\src\imbi\storage\xmdatadict.cpp,0x294,XMHashDataDictionary<__int64>::GetReadStream,FUN_18022e690,18022e690,18022e84a
\Sql\Picasso\engine\src\imbi\storage\xmdatadict.cpp,0x34d,XMHashDataDictionary<__int64>::LoadDictDataOrGetSharedDictFromMaster,FUN_18022d570,18022d570,18022dfb1
\Sql\Picasso\engine\src\imbi\storage\xmdatadict.cpp,0x34d,XMHashDataDictionary<__int64>::LoadDictDataOrGetSharedDictFromMaster,FUN_18022d570,18022d570,18022dfb1
\Sql\Picasso\engine\src\imbi\storage\xmdatadict.cpp,0x3a7,XMHashDataDictionary<__int64>::LoadDictDataOrGetSharedDictFromMaster,FUN_18022d570,18022d570,18022dfb1
\Sql\Picasso\engine\src\imbi\storage\xmdatadict.cpp,0x2cd,XMHashDataDictionary<__int64>::LoadFields,FUN_18022d170,18022d170,18022d4f3
\Sql\Picasso\engine\src\imbi\storage\xmdatadict.cpp,0x279,XMHashDataDictionary<__int64>::UpdateFileNameForTMUpgrade,FUN_18022ced0,18022ced0,18022d111
\Sql\Picasso\engine\src\imbi\storage\xmdatadict.cpp,0x3d8,XMHashDataDictionary<class PFVariantBase *>::EnrollInVDPForDataDictionary,FUN_180236e10,1.80E+15,180236fc2
\Sql\Picasso\engine\src\imbi\storage\xmdatadict.cpp,0x2ad,XMHashDataDictionary<class PFVariantBase *>::GetInMemoryReadStream,FUN_180236c00,180236c00,180236dba
\Sql\Picasso\engine\src\imbi\storage\xmdatadict.cpp,0x294,XMHashDataDictionary<class PFVariantBase *>::GetReadStream,FUN_1802369f0,1802369f0,180236baa
\Sql\Picasso\engine\src\imbi\storage\xmdatadict.cpp,0x34d,XMHashDataDictionary<class PFVariantBase *>::LoadDictDataOrGetSharedDictFromMaster,FUN_1802358e0,1.80E+06,180236309
\Sql\Picasso\engine\src\imbi\storage\xmdatadict.cpp,0x3a7,XMHashDataDictionary<class PFVariantBase *>::LoadDictDataOrGetSharedDictFromMaster,FUN_1802358e0,1.80E+06,180236309
\Sql\Picasso\engine\src\imbi\storage\xmdatadict.cpp,0x2cd,XMHashDataDictionary<class PFVariantBase *>::LoadFields,FUN_1802354c0,1802354c0,180235847
\Sql\Picasso\engine\src\imbi\storage\xmdatadict.cpp,0x279,XMHashDataDictionary<class PFVariantBase *>::UpdateFileNameForTMUpgrade,FUN_180235220,180235220,18023545e
\Sql\Picasso\engine\src\imbi\storage\xmdatadict.cpp,0x3d8,XMHashDataDictionary<double>::EnrollInVDPForDataDictionary,FUN_180231250,180231250,180231402
\Sql\Picasso\engine\src\imbi\storage\xmdatadict.cpp,0x2ad,XMHashDataDictionary<double>::GetInMemoryReadStream,FUN_180231040,180231040,1802311fa
\Sql\Picasso\engine\src\imbi\storage\xmdatadict.cpp,0x294,XMHashDataDictionary<double>::GetReadStream,FUN_180230e30,1.80E+35,180230fea
\Sql\Picasso\engine\src\imbi\storage\xmdatadict.cpp,0x34d,XMHashDataDictionary<double>::LoadDictDataOrGetSharedDictFromMaster,FUN_18022fd20,18022fd20,180230749
\Sql\Picasso\engine\src\imbi\storage\xmdatadict.cpp,0x34d,XMHashDataDictionary<double>::LoadDictDataOrGetSharedDictFromMaster,FUN_18022fd20,18022fd20,180230749
\Sql\Picasso\engine\src\imbi\storage\xmdatadict.cpp,0x3a7,XMHashDataDictionary<double>::LoadDictDataOrGetSharedDictFromMaster,FUN_18022fd20,18022fd20,180230749
\Sql\Picasso\engine\src\imbi\storage\xmdatadict.cpp,0x2cd,XMHashDataDictionary<double>::LoadFields,FUN_18022f910,18022f910,18022fc86
\Sql\Picasso\engine\src\imbi\storage\xmdatadict.cpp,0x279,XMHashDataDictionary<double>::UpdateFileNameForTMUpgrade,FUN_18022f670,18022f670,18022f8ae
\Sql\Picasso\engine\src\imbi\storage\xmdatadict.cpp,0x3d8,XMHashDataDictionary<wchar_t *>::EnrollInVDPForDataDictionary,FUN_180234490,180234490,180234648
\Sql\Picasso\engine\src\imbi\storage\xmdatadict.cpp,0x2ad,XMHashDataDictionary<wchar_t *>::GetInMemoryReadStream,FUN_180234280,180234280,18023443a
\Sql\Picasso\engine\src\imbi\storage\xmdatadict.cpp,0x294,XMHashDataDictionary<wchar_t *>::GetReadStream,FUN_180234070,180234070,18023422a
\Sql\Picasso\engine\src\imbi\storage\xmdatadict.cpp,0x34d,XMHashDataDictionary<wchar_t *>::LoadDictDataOrGetSharedDictFromMaster,FUN_180232f50,180232f50,180233990
\Sql\Picasso\engine\src\imbi\storage\xmdatadict.cpp,0x34d,XMHashDataDictionary<wchar_t *>::LoadDictDataOrGetSharedDictFromMaster,FUN_180232f50,180232f50,180233990
\Sql\Picasso\engine\src\imbi\storage\xmdatadict.cpp,0x3a7,XMHashDataDictionary<wchar_t *>::LoadDictDataOrGetSharedDictFromMaster,FUN_180232f50,180232f50,180233990
\Sql\Picasso\engine\src\imbi\storage\xmdatadict.cpp,0x2cd,XMHashDataDictionary<wchar_t *>::LoadFields,FUN_180232b20,180232b20,180232eb6
\Sql\Picasso\engine\src\imbi\storage\xmdatadict.cpp,0x279,XMHashDataDictionary<wchar_t *>::UpdateFileNameForTMUpgrade,FUN_180232880,180232880,180232ac1
\Sql\Picasso\engine\src\imbi\storage\xmdatadict.cpp,0x80,XMIDataDictionary::CreateHashDataDictionary,FUN_180227e30,1.80E+35,180227ecb
\Sql\Picasso\engine\src\imbi\storage\xmdatadict.cpp,0x3a,XMIDataDictionary::LegacyPartialClone,FUN_1801bd7e0,1801bd7e0,1801bf007
\Sql\Picasso\engine\src\imbi\storage\xmdatadict.cpp,0x181,XMMemoryHashDataDictionary<__int64>::DoLegacyPartialClone,FUN_180228950,180228950,180228afc
\Sql\Picasso\engine\src\imbi\storage\xmdatadict.cpp,0x178,XMMemoryHashDataDictionary<__int64>::DoLegacyPartialClone,FUN_180228950,180228950,180228afc
\Sql\Picasso\engine\src\imbi\storage\xmdatadict.cpp,0x155,XMMemoryHashDataDictionary<__int64>::SwitchToLargeInts,FUN_1802286e0,1.80E+06,1802288f3
\Sql\Picasso\engine\src\imbi\storage\xmdatadict.cpp,0x609,XMMemoryHashDataDictionary<wchar_t *>::DoLegacyPartialClone,FUN_1802346a0,1802346a0,180234795
\Sql\Picasso\engine\src\imbi\storage\xmdatadict.cpp,0x60e,XMMemoryHashDataDictionary<wchar_t *>::DoLegacyPartialClone,FUN_1802346a0,1802346a0,180234795
\Sql\Picasso\engine\src\imbi\storage\xmdatadict.cpp,0x56a,XMMemoryHashDataDictionary<wchar_t *>::ReplicateAndCompress,FUN_180229610,180229610,180229f5a
\Sql\Picasso\engine\src\imbi\storage\xmdatadict.cpp,0x56b,XMMemoryHashDataDictionary<wchar_t *>::ReplicateAndCompress,FUN_180229610,180229610,180229f5a
\Sql\Picasso\engine\src\imbi\storage\xmdatadict.cpp,0x56d,XMMemoryHashDataDictionary<wchar_t *>::ReplicateAndCompress,FUN_180229610,180229610,180229f5a
\Sql\Picasso\engine\src\imbi\storage\xmdatadict.cpp,0x572,XMMemoryHashDataDictionary<wchar_t *>::ReplicateAndCompress,FUN_180229610,180229610,180229f5a
\Sql\Picasso\engine\src\imbi\storage\xmdatadict.cpp,0x573,XMMemoryHashDataDictionary<wchar_t *>::ReplicateAndCompress,FUN_180229610,180229610,180229f5a
\Sql\Picasso\engine\src\imbi\storage\xmdatadict.cpp,0x575,XMMemoryHashDataDictionary<wchar_t *>::ReplicateAndCompress,FUN_180229610,180229610,180229f5a
\Sql\Picasso\engine\src\imbi\storage\xmdatadict.cpp,0x576,XMMemoryHashDataDictionary<wchar_t *>::ReplicateAndCompress,FUN_180229610,180229610,180229f5a
\Sql\Picasso\engine\src\imbi\storage\xmdatadict.cpp,0x578,XMMemoryHashDataDictionary<wchar_t *>::ReplicateAndCompress,FUN_180229610,180229610,180229f5a
\Sql\Picasso\engine\src\imbi\storage\xmdatadict.cpp,0x579,XMMemoryHashDataDictionary<wchar_t *>::ReplicateAndCompress,FUN_180229610,180229610,180229f5a
\Sql\Picasso\engine\src\imbi\storage\xmdatadict.cpp,0x582,XMMemoryHashDataDictionary<wchar_t *>::ReplicateAndCompress,FUN_180229610,180229610,180229f5a
\Sql\Picasso\engine\src\imbi\storage\xmdatadict.cpp,0x590,XMMemoryHashDataDictionary<wchar_t *>::ReplicateAndCompress,FUN_180229610,180229610,180229f5a
\Sql\Picasso\engine\src\imbi\storage\xmdatadict.cpp,0x594,XMMemoryHashDataDictionary<wchar_t *>::ReplicateAndCompress,FUN_180229610,180229610,180229f5a
\Sql\Picasso\engine\src\imbi\storage\xmdatadict.cpp,0x831,XMValueDataDictionary<__int64>::LoadFields,FUN_18022c160,18022c160,18022c345
\Sql\Picasso\engine\src\imbi\storage\xmdatadict.cpp,0x831,XMValueDataDictionary<double>::LoadFields,FUN_1802317f0,1802317f0,1802319ea
\Sql\Picasso\engine\src\imbi\storage\xmdatadict.cpp,0x80,,FUN_180227e30,1.80E+35,180227ecb
\Sql\Picasso\engine\src\imbi\storage\xmdatadict.cpp,0x155,,FUN_1802286e0,1.80E+06,1802288f3
\Sql\Picasso\engine\src\imbi\storage\xmdatadict.hpp,0x7bb,XMDummyHashDataDictionary<__int64>::DispatchLegacyPartialClone,FUN_1801a8cb0,1801a8cb0,1801a8cb4
\Sql\Picasso\engine\src\imbi\storage\xmdatadict.hpp,0x7bb,XMDummyHashDataDictionary<wchar_t *>::DispatchLegacyPartialClone,FUN_18018b320,18018b320,18018b324
\Sql\Picasso\engine\src\imbi\storage\xmdatadict.hpp,0xd0,XMIDataDictionary::CreateTypedAccessor,FUN_1800aafc0,1800aafc0,1800aafc4
\Sql\Picasso\engine\src\imbi\storage\xmdatadict.hpp,0x97,XMIDataDictionary::ForceFlushDictionaryData,FUN_1800aad40,1800aad40,1800aad44
\Sql\Picasso\engine\src\imbi\storage\xmdatadict.hpp,0xf3,XMIDataDictionary::Is32BitNativeStorage,FUN_1800ae380,1800ae380,1800ae384
\Sql\Picasso\engine\src\imbi\storage\xmdatadict.hpp,0x9a,XMIDataDictionary::LoadDictDataOrGetSharedDictFromMaster,FUN_1800aae60,1800aae60,1800aae64
\Sql\Picasso\engine\src\imbi\storage\xmdatadict.hpp,0x99,XMIDataDictionary::LoadFields,FUN_1800aae00,1800aae00,1800aae04
\Sql\Picasso\engine\src\imbi\storage\xmdatadict.hpp,0xf2,XMIDataDictionary::NativeStorage,FUN_1800ab160,1800ab160,1800ab164
\Sql\Picasso\engine\src\imbi\storage\xmdatadict.hpp,0x94,XMIDataDictionary::PersistDictionary,FUN_1800aac80,1800aac80,1800aac84
\Sql\Picasso\engine\src\imbi\storage\xmdatadict.hpp,0x96,XMIDataDictionary::PersistDictionaryData,FUN_1800aace0,1800aace0,1800aace4
\Sql\Picasso\engine\src\imbi\storage\xmdatadict.hpp,0x98,XMIDataDictionary::UpdateFileNameForTMUpgrade,FUN_1800aada0,1800aada0,1800aada4
\Sql\Picasso\engine\src\imbi\storage\xmdatadict.hpp,0x4cb,XMMemoryHashDataDictionary<class PFVariantBase *>::DoLegacyPartialClone,FUN_180243fc0,180243fc0,180243fc4
\Sql\Picasso\engine\src\imbi\storage\xmdatadict.hpp,0x5cf,XMStandaloneHashDataDictionary<__int64,FUN_18007c7d0,18007c7d0,18007c7d4
\Sql\Picasso\engine\src\imbi\storage\xmdatadict.hpp,0x5cf,XMStandaloneHashDataDictionary<__int64,FUN_18007c860,18007c860,18007c864
\Sql\Picasso\engine\src\imbi\storage\xmdatadict.hpp,0x5cf,XMStandaloneHashDataDictionary<__int64,FUN_18007c8c0,18007c8c0,18007c8c4
\Sql\Picasso\engine\src\imbi\storage\xmdatadict.hpp,0x5cf,XMStandaloneHashDataDictionary<__int64,FUN_18007caa0,18007caa0,18007caa4
\Sql\Picasso\engine\src\imbi\storage\xmdatadict.hpp,0x5cf,XMStandaloneHashDataDictionary<__int64,FUN_18007cc50,18007cc50,18007cc54
\Sql\Picasso\engine\src\imbi\storage\xmdatadict.hpp,0x5cf,XMStandaloneHashDataDictionary<__int64,FUN_18007cd70,18007cd70,18007cd74
\Sql\Picasso\engine\src\imbi\storage\xmdatadict.hpp,0x5cf,XMStandaloneHashDataDictionary<double,FUN_18007c690,18007c690,18007c694
\Sql\Picasso\engine\src\imbi\storage\xmdatadict.hpp,0x5cf,XMStandaloneHashDataDictionary<double,FUN_18007c740,18007c740,18007c744
\Sql\Picasso\engine\src\imbi\storage\xmdatadict.hpp,0x5cf,XMStandaloneHashDataDictionary<double,FUN_18007c9e0,18007c9e0,18007c9e4
\Sql\Picasso\engine\src\imbi\storage\xmdatadict.hpp,0x5cf,XMStandaloneHashDataDictionary<double,FUN_18007ca40,18007ca40,18007ca44
\Sql\Picasso\engine\src\imbi\storage\xmdatadict.hpp,0x5cf,XMStandaloneHashDataDictionary<wchar_t *,FUN_18007c950,18007c950,18007c954
\Sql\Picasso\engine\src\imbi\storage\xmdatadict.hpp,0x5cf,XMStandaloneHashDataDictionary<wchar_t *,FUN_18007ced0,18007ced0,18007ced4
\Sql\Picasso\engine\src\imbi\storage\xmdatadict.hpp,0x1cf,XMStatefulDictionaryWrapper<class XMMemoryHashDataDictionary<__int64> >::DispatchLegacyPartialClone,FUN_18022b5b0,18022b5b0,18022b5b4
\Sql\Picasso\engine\src\imbi\storage\xmdatadict.hpp,0x1cf,XMStatefulDictionaryWrapper<class XMMemoryHashDataDictionary<class PFVariantBase *> >::DispatchLegacyPartialClone,FUN_180244160,180244160,180244164
\Sql\Picasso\engine\src\imbi\storage\xmdatadict.hpp,0x1cf,XMStatefulDictionaryWrapper<class XMMemoryHashDataDictionary<double> >::DispatchLegacyPartialClone,FUN_1800ab1c0,1800ab1c0,1800ab1c4
\Sql\Picasso\engine\src\imbi\storage\xmdatadict.hpp,0x1cf,XMStatefulDictionaryWrapper<class XMMemoryHashDataDictionary<wchar_t *> >::DispatchLegacyPartialClone,FUN_180242b90,180242b90,180242b94
\Sql\Picasso\engine\src\imbi\storage\xmdatadict.hpp,0x1cf,XMStatefulDictionaryWrapper<class XMValueDataDictionary<__int64> >::DispatchLegacyPartialClone,FUN_1800a9220,1800a9220,1800a9224
\Sql\Picasso\engine\src\imbi\storage\xmdatadict.hpp,0x1cf,XMStatefulDictionaryWrapper<class XMValueDataDictionary<double> >::DispatchLegacyPartialClone,FUN_180238f40,180238f40,180238f44
\Sql\Picasso\engine\src\imbi\storage\xmdatadict.hpp,0x5cf,,FUN_18007c690,18007c690,18007c694
\Sql\Picasso\engine\src\imbi\storage\xmdatadict.hpp,0x5cf,,FUN_18007c740,18007c740,18007c744
\Sql\Picasso\engine\src\imbi\storage\xmdatadict.hpp,0x5cf,,FUN_18007c7d0,18007c7d0,18007c7d4
\Sql\Picasso\engine\src\imbi\storage\xmdatadict.hpp,0x5cf,,FUN_18007c860,18007c860,18007c864
\Sql\Picasso\engine\src\imbi\storage\xmdatadict.hpp,0x5cf,,FUN_18007c8c0,18007c8c0,18007c8c4
\Sql\Picasso\engine\src\imbi\storage\xmdatadict.hpp,0x5cf,,FUN_18007c950,18007c950,18007c954
\Sql\Picasso\engine\src\imbi\storage\xmdatadict.hpp,0x5cf,,FUN_18007c9e0,18007c9e0,18007c9e4
\Sql\Picasso\engine\src\imbi\storage\xmdatadict.hpp,0x5cf,,FUN_18007ca40,18007ca40,18007ca44
\Sql\Picasso\engine\src\imbi\storage\xmdatadict.hpp,0x5cf,,FUN_18007caa0,18007caa0,18007caa4
\Sql\Picasso\engine\src\imbi\storage\xmdatadict.hpp,0x5cf,,FUN_18007cc50,18007cc50,18007cc54
\Sql\Picasso\engine\src\imbi\storage\xmdatadict.hpp,0x5cf,,FUN_18007cd70,18007cd70,18007cd74
\Sql\Picasso\engine\src\imbi\storage\xmdatadict.hpp,0x5cf,,FUN_18007ced0,18007ced0,18007ced4
\Sql\Picasso\engine\src\imbi\storage\xmdatadict.hpp,0x1cf,,FUN_1800a9220,1800a9220,1800a9224
\Sql\Picasso\engine\src\imbi\storage\xmdatadict.hpp,0x94,,FUN_1800aac80,1800aac80,1800aac84
\Sql\Picasso\engine\src\imbi\storage\xmdatadict.hpp,0x96,,FUN_1800aace0,1800aace0,1800aace4
\Sql\Picasso\engine\src\imbi\storage\xmdatadict.hpp,0x97,,FUN_1800aad40,1800aad40,1800aad44
\Sql\Picasso\engine\src\imbi\storage\xmdatadict.hpp,0x98,,FUN_1800aada0,1800aada0,1800aada4
\Sql\Picasso\engine\src\imbi\storage\xmdatadict.hpp,0x99,,FUN_1800aae00,1800aae00,1800aae04
\Sql\Picasso\engine\src\imbi\storage\xmdatadict.hpp,0x9a,,FUN_1800aae60,1800aae60,1800aae64
\Sql\Picasso\engine\src\imbi\storage\xmdatadict.hpp,0xd0,,FUN_1800aafc0,1800aafc0,1800aafc4
\Sql\Picasso\engine\src\imbi\storage\xmdatadict.hpp,0xf2,,FUN_1800ab160,1800ab160,1800ab164
\Sql\Picasso\engine\src\imbi\storage\xmdatadict.hpp,0x1cf,,FUN_1800ab1c0,1800ab1c0,1800ab1c4
\Sql\Picasso\engine\src\imbi\storage\xmdatadict.hpp,0xf3,,FUN_1800ae380,1800ae380,1800ae384
\Sql\Picasso\engine\src\imbi\storage\xmdatadict.hpp,0x7bb,,FUN_18018b320,18018b320,18018b324
\Sql\Picasso\engine\src\imbi\storage\xmdatadict.hpp,0x7bb,,FUN_1801a8cb0,1801a8cb0,1801a8cb4
\Sql\Picasso\engine\src\imbi\storage\xmdatadict.hpp,0x1cf,,FUN_18022b5b0,18022b5b0,18022b5b4
\Sql\Picasso\engine\src\imbi\storage\xmdatadict.hpp,0x1cf,,FUN_180238f40,180238f40,180238f44
\Sql\Picasso\engine\src\imbi\storage\xmdatadict.hpp,0x1cf,,FUN_180242b90,180242b90,180242b94
\Sql\Picasso\engine\src\imbi\storage\xmdatadict.hpp,0x4cb,,FUN_180243fc0,180243fc0,180243fc4
\Sql\Picasso\engine\src\imbi\storage\xmdatadict.hpp,0x1cf,,FUN_180244160,180244160,180244164
\Sql\Picasso\engine\src\imbi\storage\xmdatadict.inl,0xfb4,XMDictAccessorBase<class XMDualHashDataDictionary<__int64,FUN_180093c50,180093c50,180093c54
\Sql\Picasso\engine\src\imbi\storage\xmdatadict.inl,0xfb4,XMDictAccessorBase<class XMDualHashDataDictionary<__int64,FUN_180093d80,180093d80,180093d84
\Sql\Picasso\engine\src\imbi\storage\xmdatadict.inl,0xfb4,XMDictAccessorBase<class XMDualHashDataDictionary<__int64,FUN_180093eb0,180093eb0,180093eb4
\Sql\Picasso\engine\src\imbi\storage\xmdatadict.inl,0xfb4,XMDictAccessorBase<class XMDualHashDataDictionary<__int64,FUN_180093fe0,180093fe0,180093fe4
\Sql\Picasso\engine\src\imbi\storage\xmdatadict.inl,0xfb4,XMDictAccessorBase<class XMDualHashDataDictionary<__int64,FUN_180094110,180094110,180094114
\Sql\Picasso\engine\src\imbi\storage\xmdatadict.inl,0xfb4,XMDictAccessorBase<class XMDualHashDataDictionary<__int64,FUN_180094240,180094240,180094244
\Sql\Picasso\engine\src\imbi\storage\xmdatadict.inl,0xfb4,XMDictAccessorBase<class XMDualHashDataDictionary<__int64,FUN_180094880,180094880,180094884
\Sql\Picasso\engine\src\imbi\storage\xmdatadict.inl,0xfb4,XMDictAccessorBase<class XMDualHashDataDictionary<__int64,FUN_180094a00,180094a00,180094a04
\Sql\Picasso\engine\src\imbi\storage\xmdatadict.inl,0xfb4,XMDictAccessorBase<class XMDualHashDataDictionary<__int64,FUN_180094b80,180094b80,180094b84
\Sql\Picasso\engine\src\imbi\storage\xmdatadict.inl,0xfb4,XMDictAccessorBase<class XMDualHashDataDictionary<__int64,FUN_180094d00,180094d00,180094d04
\Sql\Picasso\engine\src\imbi\storage\xmdatadict.inl,0xfb4,XMDictAccessorBase<class XMDualHashDataDictionary<__int64,FUN_180094e80,1.80E+85,1.80E+89
\Sql\Picasso\engine\src\imbi\storage\xmdatadict.inl,0xfb4,XMDictAccessorBase<class XMDualHashDataDictionary<__int64,FUN_180095000,180095000,180095004
\Sql\Picasso\engine\src\imbi\storage\xmdatadict.inl,0xfb4,XMDictAccessorBase<class XMDualHashDataDictionary<double,FUN_180094370,180094370,180094374
\Sql\Picasso\engine\src\imbi\storage\xmdatadict.inl,0xfb4,XMDictAccessorBase<class XMDualHashDataDictionary<double,FUN_1800944a0,1800944a0,1800944a4
\Sql\Picasso\engine\src\imbi\storage\xmdatadict.inl,0xfb4,XMDictAccessorBase<class XMDualHashDataDictionary<double,FUN_1800945d0,1800945d0,1800945d4
\Sql\Picasso\engine\src\imbi\storage\xmdatadict.inl,0xfb4,XMDictAccessorBase<class XMDualHashDataDictionary<double,FUN_180094700,180094700,180094704
\Sql\Picasso\engine\src\imbi\storage\xmdatadict.inl,0xfb4,XMDictAccessorBase<class XMDualHashDataDictionary<double,FUN_180095180,180095180,180095184
\Sql\Picasso\engine\src\imbi\storage\xmdatadict.inl,0xfb4,XMDictAccessorBase<class XMDualHashDataDictionary<double,FUN_180095300,180095300,180095304
\Sql\Picasso\engine\src\imbi\storage\xmdatadict.inl,0xfb4,XMDictAccessorBase<class XMDualHashDataDictionary<double,FUN_180095480,180095480,180095484
\Sql\Picasso\engine\src\imbi\storage\xmdatadict.inl,0xfb4,XMDictAccessorBase<class XMDualHashDataDictionary<double,FUN_180095600,180095600,180095604
\Sql\Picasso\engine\src\imbi\storage\xmdatadict.inl,0xfb4,XMDictAccessorBase<class XMMemoryHashDataDictionary<__int64>,FUN_18023c040,18023c040,18023c044
\Sql\Picasso\engine\src\imbi\storage\xmdatadict.inl,0xfb4,XMDictAccessorBase<class XMMemoryHashDataDictionary<__int64>,FUN_18023c120,18023c120,18023c124
\Sql\Picasso\engine\src\imbi\storage\xmdatadict.inl,0xfb4,XMDictAccessorBase<class XMMemoryHashDataDictionary<__int64>,FUN_18023c200,18023c200,18023c204
\Sql\Picasso\engine\src\imbi\storage\xmdatadict.inl,0xfb4,XMDictAccessorBase<class XMMemoryHashDataDictionary<__int64>,FUN_18023c2e0,18023c2e0,18023c2e4
\Sql\Picasso\engine\src\imbi\storage\xmdatadict.inl,0xfb4,XMDictAccessorBase<class XMMemoryHashDataDictionary<__int64>,FUN_18023c3c0,18023c3c0,18023c3c4
\Sql\Picasso\engine\src\imbi\storage\xmdatadict.inl,0xfb4,XMDictAccessorBase<class XMMemoryHashDataDictionary<__int64>,FUN_18023c4a0,18023c4a0,18023c4a4
\Sql\Picasso\engine\src\imbi\storage\xmdatadict.inl,0xfb4,XMDictAccessorBase<class XMMemoryHashDataDictionary<double>,FUN_1800ac800,1800ac800,1800ac804
\Sql\Picasso\engine\src\imbi\storage\xmdatadict.inl,0xfb4,XMDictAccessorBase<class XMMemoryHashDataDictionary<double>,FUN_1800acc50,1800acc50,1800acc54
\Sql\Picasso\engine\src\imbi\storage\xmdatadict.inl,0xfb4,XMDictAccessorBase<class XMMemoryHashDataDictionary<double>,FUN_1800ad070,1800ad070,1800ad074
\Sql\Picasso\engine\src\imbi\storage\xmdatadict.inl,0xfb4,XMDictAccessorBase<class XMMemoryHashDataDictionary<double>,FUN_1800ad490,1800ad490,1800ad494
\Sql\Picasso\engine\src\imbi\storage\xmdatadict.inl,0xfb4,XMDictAccessorBase<class XMMemoryHashDataDictionary<double>,FUN_1800ad8b0,1800ad8b0,1800ad8b4
\Sql\Picasso\engine\src\imbi\storage\xmdatadict.inl,0xfb4,XMDictAccessorBase<class XMMemoryHashDataDictionary<double>,FUN_1800adcd0,1800adcd0,1800adcd4
\Sql\Picasso\engine\src\imbi\storage\xmdatadict.inl,0xfb4,XMDictAccessorBase<class XMStandaloneHashDataDictionary<__int64,FUN_18009d4f0,18009d4f0,18009d4f4
\Sql\Picasso\engine\src\imbi\storage\xmdatadict.inl,0xfb4,XMDictAccessorBase<class XMStandaloneHashDataDictionary<__int64,FUN_18009d670,18009d670,18009d674
\Sql\Picasso\engine\src\imbi\storage\xmdatadict.inl,0xfb4,XMDictAccessorBase<class XMStandaloneHashDataDictionary<__int64,FUN_18009d7f0,18009d7f0,18009d7f4
\Sql\Picasso\engine\src\imbi\storage\xmdatadict.inl,0xfb4,XMDictAccessorBase<class XMStandaloneHashDataDictionary<__int64,FUN_18009dd10,18009dd10,18009dd14
\Sql\Picasso\engine\src\imbi\storage\xmdatadict.inl,0xfb4,XMDictAccessorBase<class XMStandaloneHashDataDictionary<__int64,FUN_18009df30,18009df30,18009df34
\Sql\Picasso\engine\src\imbi\storage\xmdatadict.inl,0xfb4,XMDictAccessorBase<class XMStandaloneHashDataDictionary<__int64,FUN_18009e150,1.80E+154,1.80E+158
\Sql\Picasso\engine\src\imbi\storage\xmdatadict.inl,0xfb4,XMDictAccessorBase<class XMStandaloneHashDataDictionary<double,FUN_18009d970,18009d970,18009d974
\Sql\Picasso\engine\src\imbi\storage\xmdatadict.inl,0xfb4,XMDictAccessorBase<class XMStandaloneHashDataDictionary<double,FUN_18009daf0,18009daf0,18009daf4
\Sql\Picasso\engine\src\imbi\storage\xmdatadict.inl,0xfb4,XMDictAccessorBase<class XMStandaloneHashDataDictionary<double,FUN_18009e370,18009e370,18009e374
\Sql\Picasso\engine\src\imbi\storage\xmdatadict.inl,0xfb4,XMDictAccessorBase<class XMStandaloneHashDataDictionary<double,FUN_18009e590,18009e590,18009e594
\Sql\Picasso\engine\src\imbi\storage\xmdatadict.inl,0xfb4,XMDictAccessorBase<class XMValueDataDictionary<__int64>,FUN_1800ae8e0,1800ae8e0,1800ae8e4
\Sql\Picasso\engine\src\imbi\storage\xmdatadict.inl,0xfb4,XMDictAccessorBase<class XMValueDataDictionary<__int64>,FUN_1800aede0,1800aede0,1800aede4
\Sql\Picasso\engine\src\imbi\storage\xmdatadict.inl,0xfb4,XMDictAccessorBase<class XMValueDataDictionary<__int64>,FUN_1800af2e0,1800af2e0,1800af2e4
\Sql\Picasso\engine\src\imbi\storage\xmdatadict.inl,0xfb4,XMDictAccessorBase<class XMValueDataDictionary<__int64>,FUN_1800af7e0,1800af7e0,1800af7e4
\Sql\Picasso\engine\src\imbi\storage\xmdatadict.inl,0xfb4,XMDictAccessorBase<class XMValueDataDictionary<__int64>,FUN_1800afd20,1800afd20,1800afd24
\Sql\Picasso\engine\src\imbi\storage\xmdatadict.inl,0xfb4,XMDictAccessorBase<class XMValueDataDictionary<__int64>,FUN_1800b0220,1800b0220,1800b0224
\Sql\Picasso\engine\src\imbi\storage\xmdatadict.inl,0xfb4,XMDictAccessorBase<class XMValueDataDictionary<double>,FUN_18023e450,18023e450,18023e454
\Sql\Picasso\engine\src\imbi\storage\xmdatadict.inl,0xfb4,XMDictAccessorBase<class XMValueDataDictionary<double>,FUN_18023e530,18023e530,18023e534
\Sql\Picasso\engine\src\imbi\storage\xmdatadict.inl,0xfb4,XMDictAccessorBase<class XMValueDataDictionary<double>,FUN_18023e610,18023e610,18023e614
\Sql\Picasso\engine\src\imbi\storage\xmdatadict.inl,0xfb4,XMDictAccessorBase<class XMValueDataDictionary<double>,FUN_18023e6f0,18023e6f0,18023e6f4
\Sql\Picasso\engine\src\imbi\storage\xmdatadict.inl,0xfb4,XMDictAccessorBase<class XMValueDataDictionary<double>,FUN_18023e7d0,18023e7d0,18023e7d4
\Sql\Picasso\engine\src\imbi\storage\xmdatadict.inl,0xfb4,XMDictAccessorBase<class XMValueDataDictionary<double>,FUN_18023e8b0,18023e8b0,18023e8b4
\Sql\Picasso\engine\src\imbi\storage\xmdatadict.inl,0x4fb,XMHashDataDictionary<__int64>::Init,FUN_1801bf210,1801bf210,1801c0041
\Sql\Picasso\engine\src\imbi\storage\xmdatadict.inl,0x4fb,XMHashDataDictionary<__int64>::Init,FUN_1801dd600,1801dd600,1801dd818
\Sql\Picasso\engine\src\imbi\storage\xmdatadict.inl,0x50d,XMHashDataDictionary<__int64>::Init,FUN_1801dd600,1801dd600,1801dd818
\Sql\Picasso\engine\src\imbi\storage\xmdatadict.inl,0x50d,XMHashDataDictionary<__int64>::Init,FUN_180237030,180237030,180237234
\Sql\Picasso\engine\src\imbi\storage\xmdatadict.inl,0x4fb,XMHashDataDictionary<__int64>::Init,FUN_180473720,180473720,18047542a
\Sql\Picasso\engine\src\imbi\storage\xmdatadict.inl,0x50d,XMHashDataDictionary<__int64>::Init,FUN_180473720,180473720,18047542a
\Sql\Picasso\engine\src\imbi\storage\xmdatadict.inl,0x50d,XMHashDataDictionary<__int64>::Init,FUN_1804dad00,1804dad00,1804db49a
\Sql\Picasso\engine\src\imbi\storage\xmdatadict.inl,0x4fb,XMHashDataDictionary<__int64>::Init,FUN_1804dad00,1804dad00,1804db49a
\Sql\Picasso\engine\src\imbi\storage\xmdatadict.inl,0x50d,XMHashDataDictionary<class PFVariantBase *>::Init,FUN_180237780,180237780,180237967
\Sql\Picasso\engine\src\imbi\storage\xmdatadict.inl,0x50d,XMHashDataDictionary<class PFVariantBase *>::Init,FUN_1804ddac0,1804ddac0,1804de020
\Sql\Picasso\engine\src\imbi\storage\xmdatadict.inl,0x4fb,XMHashDataDictionary<class PFVariantBase *>::Init,FUN_1804ddac0,1804ddac0,1804de020
\Sql\Picasso\engine\src\imbi\storage\xmdatadict.inl,0x50d,XMHashDataDictionary<double>::Init,FUN_1801bf210,1801bf210,1801c0041
\Sql\Picasso\engine\src\imbi\storage\xmdatadict.inl,0x4fb,XMHashDataDictionary<double>::Init,FUN_1801dd8d0,1801dd8d0,1801ddad9
\Sql\Picasso\engine\src\imbi\storage\xmdatadict.inl,0x50d,XMHashDataDictionary<double>::Init,FUN_1801dd8d0,1801dd8d0,1801ddad9
\Sql\Picasso\engine\src\imbi\storage\xmdatadict.inl,0x50d,XMHashDataDictionary<double>::Init,FUN_180237290,180237290,180237485
\Sql\Picasso\engine\src\imbi\storage\xmdatadict.inl,0x4fb,XMHashDataDictionary<double>::Init,FUN_1804754e0,1.80E+06,180477194
\Sql\Picasso\engine\src\imbi\storage\xmdatadict.inl,0x50d,XMHashDataDictionary<double>::Init,FUN_1804754e0,1.80E+06,180477194
\Sql\Picasso\engine\src\imbi\storage\xmdatadict.inl,0x50d,XMHashDataDictionary<double>::Init,FUN_1804dbcf0,1804dbcf0,1804dc461
\Sql\Picasso\engine\src\imbi\storage\xmdatadict.inl,0x4fb,XMHashDataDictionary<double>::Init,FUN_1804dbcf0,1804dbcf0,1804dc461
\Sql\Picasso\engine\src\imbi\storage\xmdatadict.inl,0x4fb,XMHashDataDictionary<wchar_t *>::Init,FUN_1801dd300,1801dd300,1801dd54a
\Sql\Picasso\engine\src\imbi\storage\xmdatadict.inl,0x50d,XMHashDataDictionary<wchar_t *>::Init,FUN_1801dd300,1801dd300,1801dd54a
\Sql\Picasso\engine\src\imbi\storage\xmdatadict.inl,0x50d,XMHashDataDictionary<wchar_t *>::Init,FUN_1802374e0,1.80E+06,180237724
\Sql\Picasso\engine\src\imbi\storage\xmdatadict.inl,0x50d,XMHashDataDictionary<wchar_t *>::Init,FUN_1804dcac0,1804dcac0,1804dd06f
\Sql\Picasso\engine\src\imbi\storage\xmdatadict.inl,0x4fb,XMHashDataDictionary<wchar_t *>::Init,FUN_1804dcac0,1804dcac0,1804dd06f
\Sql\Picasso\engine\src\imbi\storage\xmdatadict.inl,0x10d7,XMIDataDictionary::CreateDictAccessor,FUN_1800adfe0,1800adfe0,1800ae271
\Sql\Picasso\engine\src\imbi\storage\xmdatadict.inl,0x10d7,XMIDataDictionary::CreateDictAccessor,FUN_1800b0620,1800b0620,1800b08b1
\Sql\Picasso\engine\src\imbi\storage\xmdatadict.inl,0x10d7,XMIDataDictionary::CreateDictAccessor,FUN_1802386c0,1802386c0,180238951
\Sql\Picasso\engine\src\imbi\storage\xmdatadict.inl,0x10d7,XMIDataDictionary::CreateDictAccessor,FUN_180238a40,180238a40,180238d3f
\Sql\Picasso\engine\src\imbi\storage\xmdatadict.inl,0x10d7,XMIDataDictionary::CreateDictAccessor,FUN_18023a8f0,18023a8f0,18023ab81
\Sql\Picasso\engine\src\imbi\storage\xmdatadict.inl,0x183,XMMemoryHashDataDictionary<double>::DoLegacyPartialClone,FUN_180231460,180231460,18023155e
\Sql\Picasso\engine\src\imbi\storage\xmdatadict.inl,0xd91,XMStatefulDictionaryWrapper<class XMMemoryHashDataDictionary<__int64> >::CreateStatefulWrapper,FUN_180237a50,180237a50,180237a54
\Sql\Picasso\engine\src\imbi\storage\xmdatadict.inl,0xf3d,XMStatefulDictionaryWrapper<class XMMemoryHashDataDictionary<__int64> >::LookupForDataIDByValue,FUN_180237f40,180237f40,18023851e
\Sql\Picasso\engine\src\imbi\storage\xmdatadict.inl,0xf13,XMStatefulDictionaryWrapper<class XMMemoryHashDataDictionary<__int64> >::LookupForDataIDByValue,FUN_180237f40,180237f40,18023851e
\Sql\Picasso\engine\src\imbi\storage\xmdatadict.inl,0xeac,XMStatefulDictionaryWrapper<class XMMemoryHashDataDictionary<__int64> >::RetrieveValueByDataID,FUN_180237be0,180237be0,1.80E+94
\Sql\Picasso\engine\src\imbi\storage\xmdatadict.inl,0xea7,XMStatefulDictionaryWrapper<class XMMemoryHashDataDictionary<__int64> >::RetrieveValueByDataID,FUN_180237be0,180237be0,1.80E+94
\Sql\Picasso\engine\src\imbi\storage\xmdatadict.inl,0xd91,XMStatefulDictionaryWrapper<class XMMemoryHashDataDictionary<class PFVariantBase *> >::CreateStatefulWrapper,FUN_180244090,180244090,180244094
\Sql\Picasso\engine\src\imbi\storage\xmdatadict.inl,0xf3d,XMStatefulDictionaryWrapper<class XMMemoryHashDataDictionary<class PFVariantBase *> >::LookupForDataIDByValue,FUN_180244570,180244570,180244b4e
\Sql\Picasso\engine\src\imbi\storage\xmdatadict.inl,0xf13,XMStatefulDictionaryWrapper<class XMMemoryHashDataDictionary<class PFVariantBase *> >::LookupForDataIDByValue,FUN_180244570,180244570,180244b4e
\Sql\Picasso\engine\src\imbi\storage\xmdatadict.inl,0xeac,XMStatefulDictionaryWrapper<class XMMemoryHashDataDictionary<class PFVariantBase *> >::RetrieveValueByDataID,FUN_1802441c0,1802441c0,180244469
\Sql\Picasso\engine\src\imbi\storage\xmdatadict.inl,0xea7,XMStatefulDictionaryWrapper<class XMMemoryHashDataDictionary<class PFVariantBase *> >::RetrieveValueByDataID,FUN_1802441c0,1802441c0,180244469
\Sql\Picasso\engine\src\imbi\storage\xmdatadict.inl,0xd91,XMStatefulDictionaryWrapper<class XMMemoryHashDataDictionary<double> >::CreateStatefulWrapper,FUN_1800aaf60,1800aaf60,1800aaf64
\Sql\Picasso\engine\src\imbi\storage\xmdatadict.inl,0xf3d,XMStatefulDictionaryWrapper<class XMMemoryHashDataDictionary<double> >::LookupForDataIDByValue,FUN_1800abaa0,1800abaa0,1800ac07e
\Sql\Picasso\engine\src\imbi\storage\xmdatadict.inl,0xf13,XMStatefulDictionaryWrapper<class XMMemoryHashDataDictionary<double> >::LookupForDataIDByValue,FUN_1800abaa0,1800abaa0,1800ac07e
\Sql\Picasso\engine\src\imbi\storage\xmdatadict.inl,0xeac,XMStatefulDictionaryWrapper<class XMMemoryHashDataDictionary<double> >::RetrieveValueByDataID,FUN_1800ab680,1800ab680,1800ab929
\Sql\Picasso\engine\src\imbi\storage\xmdatadict.inl,0xea7,XMStatefulDictionaryWrapper<class XMMemoryHashDataDictionary<double> >::RetrieveValueByDataID,FUN_1800ab680,1800ab680,1800ab929
\Sql\Picasso\engine\src\imbi\storage\xmdatadict.inl,0xd91,XMStatefulDictionaryWrapper<class XMMemoryHashDataDictionary<wchar_t *> >::CreateStatefulWrapper,FUN_1802429d0,1802429d0,1802429d4
\Sql\Picasso\engine\src\imbi\storage\xmdatadict.inl,0xf3d,XMStatefulDictionaryWrapper<class XMMemoryHashDataDictionary<wchar_t *> >::LookupForDataIDByValue,FUN_1802431d0,1802431d0,1802437f7
\Sql\Picasso\engine\src\imbi\storage\xmdatadict.inl,0xf13,XMStatefulDictionaryWrapper<class XMMemoryHashDataDictionary<wchar_t *> >::LookupForDataIDByValue,FUN_1802431d0,1802431d0,1802437f7
\Sql\Picasso\engine\src\imbi\storage\xmdatadict.inl,0xeac,XMStatefulDictionaryWrapper<class XMMemoryHashDataDictionary<wchar_t *> >::RetrieveValueByDataID,FUN_180242c60,180242c60,180242fbd
\Sql\Picasso\engine\src\imbi\storage\xmdatadict.inl,0xea7,XMStatefulDictionaryWrapper<class XMMemoryHashDataDictionary<wchar_t *> >::RetrieveValueByDataID,FUN_180242c60,180242c60,180242fbd
\Sql\Picasso\engine\src\imbi\storage\xmdatadict.inl,0xd91,XMStatefulDictionaryWrapper<class XMValueDataDictionary<__int64> >::CreateStatefulWrapper,FUN_1800a90a0,1800a90a0,1800a90a4
\Sql\Picasso\engine\src\imbi\storage\xmdatadict.inl,0xf3d,XMStatefulDictionaryWrapper<class XMValueDataDictionary<__int64> >::LookupForDataIDByValue,FUN_1800a99a0,1800a99a0,1800a9f7e
\Sql\Picasso\engine\src\imbi\storage\xmdatadict.inl,0xf13,XMStatefulDictionaryWrapper<class XMValueDataDictionary<__int64> >::LookupForDataIDByValue,FUN_1800a99a0,1800a99a0,1800a9f7e
\Sql\Picasso\engine\src\imbi\storage\xmdatadict.inl,0xeac,XMStatefulDictionaryWrapper<class XMValueDataDictionary<__int64> >::RetrieveValueByDataID,FUN_1800a9560,1800a9560,1800a9809
\Sql\Picasso\engine\src\imbi\storage\xmdatadict.inl,0xea7,XMStatefulDictionaryWrapper<class XMValueDataDictionary<__int64> >::RetrieveValueByDataID,FUN_1800a9560,1800a9560,1800a9809
\Sql\Picasso\engine\src\imbi\storage\xmdatadict.inl,0xd91,XMStatefulDictionaryWrapper<class XMValueDataDictionary<double> >::CreateStatefulWrapper,FUN_180239ce0,180239ce0,180239ce4
\Sql\Picasso\engine\src\imbi\storage\xmdatadict.inl,0xf3d,XMStatefulDictionaryWrapper<class XMValueDataDictionary<double> >::LookupForDataIDByValue,FUN_18023a170,18023a170,18023a74e
\Sql\Picasso\engine\src\imbi\storage\xmdatadict.inl,0xf13,XMStatefulDictionaryWrapper<class XMValueDataDictionary<double> >::LookupForDataIDByValue,FUN_18023a170,18023a170,18023a74e
\Sql\Picasso\engine\src\imbi\storage\xmdatadict.inl,0xeac,XMStatefulDictionaryWrapper<class XMValueDataDictionary<double> >::RetrieveValueByDataID,FUN_180239e10,1.80E+15,18023a0b9
\Sql\Picasso\engine\src\imbi\storage\xmdatadict.inl,0xea7,XMStatefulDictionaryWrapper<class XMValueDataDictionary<double> >::RetrieveValueByDataID,FUN_180239e10,1.80E+15,18023a0b9
\Sql\Picasso\engine\src\imbi\storage\xmdatadict.inl,0xb5c,XMTypeConversionOperator<wchar_t *,FUN_18045c550,18045c550,18045c660
\Sql\Picasso\engine\src\imbi\storage\xmdatadict.inl,0xb5c,XMTypeConversionOperator<wchar_t *,FUN_180579e20,1.81E+25,180579f10
\Sql\Picasso\engine\src\imbi\storage\xmdatadict.inl,0x9e8,XMTypedOperator<__int64,FUN_18043e830,18043e830,18043f6f8
\Sql\Picasso\engine\src\imbi\storage\xmdatadict.inl,0x9a4,XMTypedOperator<__int64,FUN_18043e830,18043e830,18043f6f8
\Sql\Picasso\engine\src\imbi\storage\xmdatadict.inl,0x9e8,XMTypedOperator<__int64,FUN_180571a10,180571a10,1805728d8
\Sql\Picasso\engine\src\imbi\storage\xmdatadict.inl,0x9a4,XMTypedOperator<__int64,FUN_180571a10,180571a10,1805728d8
\Sql\Picasso\engine\src\imbi\storage\xmdatadict.inl,0x9c6,XMTypedOperator<wchar_t *,FUN_18043e830,18043e830,18043f6f8
\Sql\Picasso\engine\src\imbi\storage\xmdatadict.inl,0x9c6,XMTypedOperator<wchar_t *,FUN_180571a10,180571a10,1805728d8
\Sql\Picasso\engine\src\imbi\storage\xmdatadict.inl,0x803,XMValueDataDictionary<__int64>::SetBaseAndMagnitude,FUN_18007cf30,18007cf30,18007cf9f
\Sql\Picasso\engine\src\imbi\storage\xmdatadict.inl,0x803,XMValueDataDictionary<double>::SetBaseAndMagnitude,FUN_180231b50,180231b50,180231bb8
\Sql\Picasso\engine\src\imbi\storage\xmdatadict.inl,0xfb4,,FUN_180093c50,180093c50,180093c54
\Sql\Picasso\engine\src\imbi\storage\xmdatadict.inl,0xfb4,,FUN_180093d80,180093d80,180093d84
\Sql\Picasso\engine\src\imbi\storage\xmdatadict.inl,0xfb4,,FUN_180093eb0,180093eb0,180093eb4
\Sql\Picasso\engine\src\imbi\storage\xmdatadict.inl,0xfb4,,FUN_180093fe0,180093fe0,180093fe4
\Sql\Picasso\engine\src\imbi\storage\xmdatadict.inl,0xfb4,,FUN_180094110,180094110,180094114
\Sql\Picasso\engine\src\imbi\storage\xmdatadict.inl,0xfb4,,FUN_180094240,180094240,180094244
\Sql\Picasso\engine\src\imbi\storage\xmdatadict.inl,0xfb4,,FUN_180094370,180094370,180094374
\Sql\Picasso\engine\src\imbi\storage\xmdatadict.inl,0xfb4,,FUN_1800944a0,1800944a0,1800944a4
\Sql\Picasso\engine\src\imbi\storage\xmdatadict.inl,0xfb4,,FUN_1800945d0,1800945d0,1800945d4
\Sql\Picasso\engine\src\imbi\storage\xmdatadict.inl,0xfb4,,FUN_180094700,180094700,180094704
\Sql\Picasso\engine\src\imbi\storage\xmdatadict.inl,0xfb4,,FUN_180094880,180094880,180094884
\Sql\Picasso\engine\src\imbi\storage\xmdatadict.inl,0xfb4,,FUN_180094a00,180094a00,180094a04
\Sql\Picasso\engine\src\imbi\storage\xmdatadict.inl,0xfb4,,FUN_180094b80,180094b80,180094b84
\Sql\Picasso\engine\src\imbi\storage\xmdatadict.inl,0xfb4,,FUN_180094d00,180094d00,180094d04
\Sql\Picasso\engine\src\imbi\storage\xmdatadict.inl,0xfb4,,FUN_180094e80,1.80E+85,1.80E+89
\Sql\Picasso\engine\src\imbi\storage\xmdatadict.inl,0xfb4,,FUN_180095000,180095000,180095004
\Sql\Picasso\engine\src\imbi\storage\xmdatadict.inl,0xfb4,,FUN_180095180,180095180,180095184
\Sql\Picasso\engine\src\imbi\storage\xmdatadict.inl,0xfb4,,FUN_180095300,180095300,180095304
\Sql\Picasso\engine\src\imbi\storage\xmdatadict.inl,0xfb4,,FUN_180095480,180095480,180095484
\Sql\Picasso\engine\src\imbi\storage\xmdatadict.inl,0xfb4,,FUN_180095600,180095600,180095604
\Sql\Picasso\engine\src\imbi\storage\xmdatadict.inl,0xfb4,,FUN_18009d4f0,18009d4f0,18009d4f4
\Sql\Picasso\engine\src\imbi\storage\xmdatadict.inl,0xfb4,,FUN_18009d670,18009d670,18009d674
\Sql\Picasso\engine\src\imbi\storage\xmdatadict.inl,0xfb4,,FUN_18009d7f0,18009d7f0,18009d7f4
\Sql\Picasso\engine\src\imbi\storage\xmdatadict.inl,0xfb4,,FUN_18009d970,18009d970,18009d974
\Sql\Picasso\engine\src\imbi\storage\xmdatadict.inl,0xfb4,,FUN_18009daf0,18009daf0,18009daf4
\Sql\Picasso\engine\src\imbi\storage\xmdatadict.inl,0xfb4,,FUN_18009dd10,18009dd10,18009dd14
\Sql\Picasso\engine\src\imbi\storage\xmdatadict.inl,0xfb4,,FUN_18009df30,18009df30,18009df34
\Sql\Picasso\engine\src\imbi\storage\xmdatadict.inl,0xfb4,,FUN_18009e150,1.80E+154,1.80E+158
\Sql\Picasso\engine\src\imbi\storage\xmdatadict.inl,0xfb4,,FUN_18009e370,18009e370,18009e374
\Sql\Picasso\engine\src\imbi\storage\xmdatadict.inl,0xfb4,,FUN_18009e590,18009e590,18009e594
\Sql\Picasso\engine\src\imbi\storage\xmdatadict.inl,0xd91,,FUN_1800a90a0,1800a90a0,1800a90a4
\Sql\Picasso\engine\src\imbi\storage\xmdatadict.inl,0xeac,,FUN_1800a9560,1800a9560,1800a9809
\Sql\Picasso\engine\src\imbi\storage\xmdatadict.inl,0xea7,,FUN_1800a9560,1800a9560,1800a9809
\Sql\Picasso\engine\src\imbi\storage\xmdatadict.inl,0xd91,,FUN_1800aaf60,1800aaf60,1800aaf64
\Sql\Picasso\engine\src\imbi\storage\xmdatadict.inl,0xeac,,FUN_1800ab680,1800ab680,1800ab929
\Sql\Picasso\engine\src\imbi\storage\xmdatadict.inl,0xea7,,FUN_1800ab680,1800ab680,1800ab929
\Sql\Picasso\engine\src\imbi\storage\xmdatadict.inl,0xfb4,,FUN_1800ac800,1800ac800,1800ac804
\Sql\Picasso\engine\src\imbi\storage\xmdatadict.inl,0xfb4,,FUN_1800acc50,1800acc50,1800acc54
\Sql\Picasso\engine\src\imbi\storage\xmdatadict.inl,0xfb4,,FUN_1800ad070,1800ad070,1800ad074
\Sql\Picasso\engine\src\imbi\storage\xmdatadict.inl,0xfb4,,FUN_1800ad490,1800ad490,1800ad494
\Sql\Picasso\engine\src\imbi\storage\xmdatadict.inl,0xfb4,,FUN_1800ad8b0,1800ad8b0,1800ad8b4
\Sql\Picasso\engine\src\imbi\storage\xmdatadict.inl,0xfb4,,FUN_1800adcd0,1800adcd0,1800adcd4
\Sql\Picasso\engine\src\imbi\storage\xmdatadict.inl,0xfb4,,FUN_1800ae8e0,1800ae8e0,1800ae8e4
\Sql\Picasso\engine\src\imbi\storage\xmdatadict.inl,0xfb4,,FUN_1800aede0,1800aede0,1800aede4
\Sql\Picasso\engine\src\imbi\storage\xmdatadict.inl,0xfb4,,FUN_1800af2e0,1800af2e0,1800af2e4
\Sql\Picasso\engine\src\imbi\storage\xmdatadict.inl,0xfb4,,FUN_1800af7e0,1800af7e0,1800af7e4
\Sql\Picasso\engine\src\imbi\storage\xmdatadict.inl,0xfb4,,FUN_1800afd20,1800afd20,1800afd24
\Sql\Picasso\engine\src\imbi\storage\xmdatadict.inl,0xfb4,,FUN_1800b0220,1800b0220,1800b0224
\Sql\Picasso\engine\src\imbi\storage\xmdatadict.inl,0xd91,,FUN_180237a50,180237a50,180237a54
\Sql\Picasso\engine\src\imbi\storage\xmdatadict.inl,0xeac,,FUN_180237be0,180237be0,1.80E+94
\Sql\Picasso\engine\src\imbi\storage\xmdatadict.inl,0xea7,,FUN_180237be0,180237be0,1.80E+94
\Sql\Picasso\engine\src\imbi\storage\xmdatadict.inl,0xd91,,FUN_180239ce0,180239ce0,180239ce4
\Sql\Picasso\engine\src\imbi\storage\xmdatadict.inl,0xeac,,FUN_180239e10,1.80E+15,18023a0b9
\Sql\Picasso\engine\src\imbi\storage\xmdatadict.inl,0xea7,,FUN_180239e10,1.80E+15,18023a0b9
\Sql\Picasso\engine\src\imbi\storage\xmdatadict.inl,0xfb4,,FUN_18023c040,18023c040,18023c044
\Sql\Picasso\engine\src\imbi\storage\xmdatadict.inl,0xfb4,,FUN_18023c120,18023c120,18023c124
\Sql\Picasso\engine\src\imbi\storage\xmdatadict.inl,0xfb4,,FUN_18023c200,18023c200,18023c204
\Sql\Picasso\engine\src\imbi\storage\xmdatadict.inl,0xfb4,,FUN_18023c2e0,18023c2e0,18023c2e4
\Sql\Picasso\engine\src\imbi\storage\xmdatadict.inl,0xfb4,,FUN_18023c3c0,18023c3c0,18023c3c4
\Sql\Picasso\engine\src\imbi\storage\xmdatadict.inl,0xfb4,,FUN_18023c4a0,18023c4a0,18023c4a4
\Sql\Picasso\engine\src\imbi\storage\xmdatadict.inl,0xfb4,,FUN_18023e450,18023e450,18023e454
\Sql\Picasso\engine\src\imbi\storage\xmdatadict.inl,0xfb4,,FUN_18023e530,18023e530,18023e534
\Sql\Picasso\engine\src\imbi\storage\xmdatadict.inl,0xfb4,,FUN_18023e610,18023e610,18023e614
\Sql\Picasso\engine\src\imbi\storage\xmdatadict.inl,0xfb4,,FUN_18023e6f0,18023e6f0,18023e6f4
\Sql\Picasso\engine\src\imbi\storage\xmdatadict.inl,0xfb4,,FUN_18023e7d0,18023e7d0,18023e7d4
\Sql\Picasso\engine\src\imbi\storage\xmdatadict.inl,0xfb4,,FUN_18023e8b0,18023e8b0,18023e8b4
\Sql\Picasso\engine\src\imbi\storage\xmdatadict.inl,0xd91,,FUN_1802429d0,1802429d0,1802429d4
\Sql\Picasso\engine\src\imbi\storage\xmdatadict.inl,0xeac,,FUN_180242c60,180242c60,180242fbd
\Sql\Picasso\engine\src\imbi\storage\xmdatadict.inl,0xea7,,FUN_180242c60,180242c60,180242fbd
\Sql\Picasso\engine\src\imbi\storage\xmdatadict.inl,0xd91,,FUN_180244090,180244090,180244094
\Sql\Picasso\engine\src\imbi\storage\xmdatadict.inl,0xeac,,FUN_1802441c0,1802441c0,180244469
\Sql\Picasso\engine\src\imbi\storage\xmdatadict.inl,0xea7,,FUN_1802441c0,1802441c0,180244469
\Sql\Picasso\engine\src\imbi\storage\xmdatadicttest.cxx,0x86,XMStandaloneHashDataDictTest::RunBasicTests,FUN_1801906e0,1.80E+06,1801909b7
\Sql\Picasso\engine\src\imbi\storage\xmdataenm.cpp,0x1dc,XMLight123ColumnSegmentEnumerator::Init,FUN_18026a340,18026a340,18026a450
\Sql\Picasso\engine\src\imbi\storage\xmdataenm.cpp,0x1fd,XMLight123ColumnSegmentEnumerator::Prefetch,FUN_18026a4b0,18026a4b0,18026a5b7
\Sql\Picasso\engine\src\imbi\storage\xmdataenm.cpp,0x14b,XMLightRLEColumnSegmentEnumerator::Init,FUN_180269f60,180269f60,18026a012
\Sql\Picasso\engine\src\imbi\storage\xmdataenm.cpp,0x1aa,XMLightSSColumnSegmentEnumerator::Init,FUN_18026a1b0,18026a1b0,18026a258
\Sql\Picasso\engine\src\imbi\storage\xmdataenm.cpp,0x103,XMRawColumnEnumerator::CreateSegmentEnumerator,FUN_180269770,180269770,180269cb9
\Sql\Picasso\engine\src\imbi\storage\xmdataenm.cpp,0x1fd,,FUN_18026a4b0,18026a4b0,18026a5b7
\Sql\Picasso\engine\src\imbi\storage\xmdataitr.cpp,0xfa,XMRawColumnIterator::CreateSegmentIterator,FUN_180266230,180266230,180266983
\Sql\Picasso\engine\src\imbi\storage\xmdataitr.cpp,0x12e,XMSimpleTableProjIterator::AddColumn,FUN_180266b60,180266b60,180266c64
\Sql\Picasso\engine\src\imbi\storage\xmdataitr.inl,0x78,XMColumnSegmentIterator<class XM123CompressionInfo>::CompressValueAtomicNV,FUN_1803ac6b0,1803ac6b0,1803ac6b4
\Sql\Picasso\engine\src\imbi\storage\xmdataitr.inl,0x78,XMColumnSegmentIterator<class XMHybridRLECompressionInfo<class XM123CompressionInfo> >::CompressValueAtomicNV,FUN_1803ac5f0,1803ac5f0,1803ac5f4
\Sql\Picasso\engine\src\imbi\storage\xmdataitr.inl,0x78,XMColumnSegmentIterator<class XMHybridRLECompressionInfo<class XMREGeneralCompressionInfo> >::CompressValueAtomicNV,FUN_1803ac650,1803ac650,1803ac654
\Sql\Picasso\engine\src\imbi\storage\xmdataitr.inl,0x78,XMColumnSegmentIterator<class XMHybridRLECompressionInfo<class XMRENoSplitCompressionInfo<1> > >::CompressValueAtomicNV,FUN_1803ac0b0,1803ac0b0,1803ac0b4
\Sql\Picasso\engine\src\imbi\storage\xmdataitr.inl,0x78,XMColumnSegmentIterator<class XMHybridRLECompressionInfo<class XMRENoSplitCompressionInfo<10> > >::CompressValueAtomicNV,FUN_1803ac410,1803ac410,1803ac414
\Sql\Picasso\engine\src\imbi\storage\xmdataitr.inl,0x78,XMColumnSegmentIterator<class XMHybridRLECompressionInfo<class XMRENoSplitCompressionInfo<12> > >::CompressValueAtomicNV,FUN_1803ac470,1803ac470,1803ac474
\Sql\Picasso\engine\src\imbi\storage\xmdataitr.inl,0x78,XMColumnSegmentIterator<class XMHybridRLECompressionInfo<class XMRENoSplitCompressionInfo<16> > >::CompressValueAtomicNV,FUN_1803ac4d0,1803ac4d0,1803ac4d4
\Sql\Picasso\engine\src\imbi\storage\xmdataitr.inl,0x78,XMColumnSegmentIterator<class XMHybridRLECompressionInfo<class XMRENoSplitCompressionInfo<2> > >::CompressValueAtomicNV,FUN_1803ac110,1803ac110,1803ac114
\Sql\Picasso\engine\src\imbi\storage\xmdataitr.inl,0x78,XMColumnSegmentIterator<class XMHybridRLECompressionInfo<class XMRENoSplitCompressionInfo<21> > >::CompressValueAtomicNV,FUN_1803ac530,1803ac530,1803ac534
\Sql\Picasso\engine\src\imbi\storage\xmdataitr.inl,0x78,XMColumnSegmentIterator<class XMHybridRLECompressionInfo<class XMRENoSplitCompressionInfo<3> > >::CompressValueAtomicNV,FUN_1803ac170,1803ac170,1803ac174
\Sql\Picasso\engine\src\imbi\storage\xmdataitr.inl,0x78,XMColumnSegmentIterator<class XMHybridRLECompressionInfo<class XMRENoSplitCompressionInfo<32> > >::CompressValueAtomicNV,FUN_1803ac590,1803ac590,1803ac594
\Sql\Picasso\engine\src\imbi\storage\xmdataitr.inl,0x78,XMColumnSegmentIterator<class XMHybridRLECompressionInfo<class XMRENoSplitCompressionInfo<4> > >::CompressValueAtomicNV,FUN_1803ac1d0,1803ac1d0,1803ac1d4
\Sql\Picasso\engine\src\imbi\storage\xmdataitr.inl,0x78,XMColumnSegmentIterator<class XMHybridRLECompressionInfo<class XMRENoSplitCompressionInfo<5> > >::CompressValueAtomicNV,FUN_1803ac230,1803ac230,1803ac234
\Sql\Picasso\engine\src\imbi\storage\xmdataitr.inl,0x78,XMColumnSegmentIterator<class XMHybridRLECompressionInfo<class XMRENoSplitCompressionInfo<6> > >::CompressValueAtomicNV,FUN_1803ac290,1803ac290,1803ac294
\Sql\Picasso\engine\src\imbi\storage\xmdataitr.inl,0x78,XMColumnSegmentIterator<class XMHybridRLECompressionInfo<class XMRENoSplitCompressionInfo<7> > >::CompressValueAtomicNV,FUN_1803ac2f0,1803ac2f0,1803ac2f4
\Sql\Picasso\engine\src\imbi\storage\xmdataitr.inl,0x78,XMColumnSegmentIterator<class XMHybridRLECompressionInfo<class XMRENoSplitCompressionInfo<8> > >::CompressValueAtomicNV,FUN_1803ac350,1803ac350,1803ac354
\Sql\Picasso\engine\src\imbi\storage\xmdataitr.inl,0x78,XMColumnSegmentIterator<class XMHybridRLECompressionInfo<class XMRENoSplitCompressionInfo<9> > >::CompressValueAtomicNV,FUN_1803ac3b0,1803ac3b0,1803ac3b4
\Sql\Picasso\engine\src\imbi\storage\xmdataitr.inl,0x78,XMColumnSegmentIterator<class XMREGeneralCompressionInfo>::CompressValueAtomicNV,FUN_1803ac710,1803ac710,1803ac714
\Sql\Picasso\engine\src\imbi\storage\xmdataitr.inl,0x78,XMColumnSegmentIterator<class XMRLECompressionInfo>::CompressValueAtomicNV,FUN_1803ac770,1803ac770,1803ac774
\Sql\Picasso\engine\src\imbi\storage\xmdataitr.inl,0x328,XMSimpleTableProjFastIterator<4>::AddColumn,FUN_18012a030,18012a030,18012a198
\Sql\Picasso\engine\src\imbi\storage\xmdataitr.inl,0x78,,FUN_1803ac0b0,1803ac0b0,1803ac0b4
\Sql\Picasso\engine\src\imbi\storage\xmdataitr.inl,0x78,,FUN_1803ac110,1803ac110,1803ac114
\Sql\Picasso\engine\src\imbi\storage\xmdataitr.inl,0x78,,FUN_1803ac170,1803ac170,1803ac174
\Sql\Picasso\engine\src\imbi\storage\xmdataitr.inl,0x78,,FUN_1803ac1d0,1803ac1d0,1803ac1d4
\Sql\Picasso\engine\src\imbi\storage\xmdataitr.inl,0x78,,FUN_1803ac230,1803ac230,1803ac234
\Sql\Picasso\engine\src\imbi\storage\xmdataitr.inl,0x78,,FUN_1803ac290,1803ac290,1803ac294
\Sql\Picasso\engine\src\imbi\storage\xmdataitr.inl,0x78,,FUN_1803ac2f0,1803ac2f0,1803ac2f4
\Sql\Picasso\engine\src\imbi\storage\xmdataitr.inl,0x78,,FUN_1803ac350,1803ac350,1803ac354
\Sql\Picasso\engine\src\imbi\storage\xmdataitr.inl,0x78,,FUN_1803ac3b0,1803ac3b0,1803ac3b4
\Sql\Picasso\engine\src\imbi\storage\xmdataitr.inl,0x78,,FUN_1803ac410,1803ac410,1803ac414
\Sql\Picasso\engine\src\imbi\storage\xmdataitr.inl,0x78,,FUN_1803ac470,1803ac470,1803ac474
\Sql\Picasso\engine\src\imbi\storage\xmdataitr.inl,0x78,,FUN_1803ac4d0,1803ac4d0,1803ac4d4
\Sql\Picasso\engine\src\imbi\storage\xmdataitr.inl,0x78,,FUN_1803ac530,1803ac530,1803ac534
\Sql\Picasso\engine\src\imbi\storage\xmdataitr.inl,0x78,,FUN_1803ac590,1803ac590,1803ac594
\Sql\Picasso\engine\src\imbi\storage\xmdataitr.inl,0x78,,FUN_1803ac5f0,1803ac5f0,1803ac5f4
\Sql\Picasso\engine\src\imbi\storage\xmdataitr.inl,0x78,,FUN_1803ac650,1803ac650,1803ac654
\Sql\Picasso\engine\src\imbi\storage\xmdataitr.inl,0x78,,FUN_1803ac6b0,1803ac6b0,1803ac6b4
\Sql\Picasso\engine\src\imbi\storage\xmdataitr.inl,0x78,,FUN_1803ac710,1803ac710,1803ac714
\Sql\Picasso\engine\src\imbi\storage\xmdataitr.inl,0x78,,FUN_1803ac770,1803ac770,1803ac774
\Sql\Picasso\engine\src\imbi\storage\xmdatalkp.cpp,0x90,XMRawColumnLookup::CreateSegmentLookup,FUN_18026f870,18026f870,18026fdd1
\Sql\Picasso\engine\src\imbi\storage\xmhash.inl,0x32b,`anonymous-namespace\'::StrBufferMgr::EnsureBuffer,FUN_18005c430,18005c430,18005c930
\Sql\Picasso\engine\src\imbi\storage\xmhash.inl,0x32b,`anonymous-namespace\'::StrBufferMgr::EnsureBuffer,FUN_18017b4e0,18017b4e0,18017b8ab
\Sql\Picasso\engine\src\imbi\storage\xmhash.inl,0x32b,`anonymous-namespace\'::StrBufferMgr::EnsureBuffer,FUN_18017c820,18017c820,18017cbb4
\Sql\Picasso\engine\src\imbi\storage\xmhash.inl,0x32b,`anonymous-namespace\'::StrBufferMgr::EnsureBuffer,FUN_18017cc10,18017cc10,18017cffb
\Sql\Picasso\engine\src\imbi\storage\xmhierarchy.cpp,0x6a4,XMHierarchy::CreateStorageArtifacts,FUN_18024d9c0,18024d9c0,18024daa6
\Sql\Picasso\engine\src\imbi\storage\xmhierarchy.cpp,0x6b7,XMHierarchy::CreateStorageArtifactsForTMUpgradeHier,FUN_18024db00,18024db00,18024dccd
\Sql\Picasso\engine\src\imbi\storage\xmhierarchy.cpp,0x6c4,XMHierarchy::CreateStorageArtifactsForTMUpgradeHier,FUN_18024db00,18024db00,18024dccd
\Sql\Picasso\engine\src\imbi\storage\xmhierarchy.cpp,0x6ba,XMHierarchy::CreateStorageArtifactsForTMUpgradeHier,FUN_18024db00,18024db00,18024dccd
\Sql\Picasso\engine\src\imbi\storage\xmhierarchy.cpp,0x6e1,XMHierarchy::DeleteStorageArtifacts,FUN_18024dd80,18024dd80,18024def8
\Sql\Picasso\engine\src\imbi\storage\xmhierarchy.cpp,0x6ea,XMHierarchy::DeleteStorageArtifacts,FUN_18024dd80,18024dd80,18024def8
\Sql\Picasso\engine\src\imbi\storage\xmhierarchy.cpp,0x564,XMHierarchy::ForceFlushAttributeHierarchyData,FUN_18024c4b0,18024c4b0,18024c61c
\Sql\Picasso\engine\src\imbi\storage\xmhierarchy.cpp,0xd1,XMHierarchy::Init,FUN_180248d30,180248d30,180248e5c
\Sql\Picasso\engine\src\imbi\storage\xmhierarchy.cpp,0xd2,XMHierarchy::Init,FUN_180248d30,180248d30,180248e5c
\Sql\Picasso\engine\src\imbi\storage\xmhierarchy.cpp,0xd1,XMHierarchy::Init,FUN_180248d30,180248d30,180248e5c
\Sql\Picasso\engine\src\imbi\storage\xmhierarchy.cpp,0xd3,XMHierarchy::Init,FUN_180248d30,180248d30,180248e5c
\Sql\Picasso\engine\src\imbi\storage\xmhierarchy.cpp,0xd3,XMHierarchy::Init,FUN_180557c60,180557c60,180558529
\Sql\Picasso\engine\src\imbi\storage\xmhierarchy.cpp,0xd3,XMHierarchy::Init,FUN_1805585c0,1805585c0,1.81E+94
\Sql\Picasso\engine\src\imbi\storage\xmhierarchy.cpp,0xd3,XMHierarchy::Init,FUN_180f7be20,180f7be20,180f7c4b5
\Sql\Picasso\engine\src\imbi\storage\xmhierarchy.cpp,0x5e2,XMHierarchy::LoadHierHash,FUN_18024cb60,18024cb60,18024d155
\Sql\Picasso\engine\src\imbi\storage\xmhierarchy.cpp,0x5ed,XMHierarchy::LoadHierHash,FUN_18024cb60,18024cb60,18024d155
\Sql\Picasso\engine\src\imbi\storage\xmhierarchy.cpp,0x3af,XMHierarchy::OnMaterialize,FUN_18024abe0,18024abe0,18024b364
\Sql\Picasso\engine\src\imbi\storage\xmhierarchy.cpp,0x4b9,XMHierarchy::SetDataVersionFromStorageObject,FUN_1802528a0,1802528a0,180252b8c
\Sql\Picasso\engine\src\imbi\storage\xmhierarchy.cpp,0x4c0,XMHierarchy::SetDataVersionFromStorageObject,FUN_1802528a0,1802528a0,180252b8c
\Sql\Picasso\engine\src\imbi\storage\xmhierarchy.cpp,0x758,XMHierarchy::SynchronizeAttributeHierarchyStorageInternal,FUN_1802528a0,1802528a0,180252b8c
\Sql\Picasso\engine\src\imbi\storage\xmhierarchy.cpp,0x758,XMHierarchy::SynchronizeAttributeHierarchyStorageInternal,FUN_180252c90,180252c90,180252ed0
\Sql\Picasso\engine\src\imbi\storage\xmhierarchy.cpp,0xac,XMHierarchyDataID2PositionHashIndex::UpdateFileNameForTMUpgrade,FUN_18024db00,18024db00,18024dccd
\Sql\Picasso\engine\src\imbi\storage\xmhierarchy.cpp,0x794,XMHierarchyDataID2PositionLookup::Init,FUN_1802495f0,1802495f0,1802498db
\Sql\Picasso\engine\src\imbi\storage\xmhierarchy.cpp,0x7fa,XMHierarchyDataID2PositionUnkLookup::Init,FUN_1802495f0,1802495f0,1802498db
\Sql\Picasso\engine\src\imbi\storage\xmhierarchy.cpp,0x8c9,XMHierarchyPosition2DataIDUnkEnum::Init,FUN_1802493a0,1802493a0,18024958f
\Sql\Picasso\engine\src\imbi\storage\xmhierarchy.cpp,0xcd3,XMUserHierarchy::CreateStorageArtifactsForTMUpgrade,FUN_1802506c0,1802506c0,180250b98
\Sql\Picasso\engine\src\imbi\storage\xmhierarchy.cpp,0xcf0,XMUserHierarchy::CreateStorageArtifactsForTMUpgrade,FUN_1802506c0,1802506c0,180250b98
\Sql\Picasso\engine\src\imbi\storage\xmhierarchy.cpp,0xcea,XMUserHierarchy::CreateStorageArtifactsForTMUpgrade,FUN_1802506c0,1802506c0,180250b98
\Sql\Picasso\engine\src\imbi\storage\xmhierarchy.cpp,0xd01,XMUserHierarchy::DeleteStorageArtifacts,FUN_180250ca0,180250ca0,1.80E+30
\Sql\Picasso\engine\src\imbi\storage\xmhierarchy.cpp,0xd0a,XMUserHierarchy::DeleteStorageArtifacts,FUN_180250ca0,180250ca0,1.80E+30
\Sql\Picasso\engine\src\imbi\storage\xmhierarchy.cpp,0xd13,XMUserHierarchy::DeleteStorageArtifacts,FUN_180250ca0,180250ca0,1.80E+30
\Sql\Picasso\engine\src\imbi\storage\xmhierarchy.cpp,0x99c,XMUserHierarchy::Init,FUN_18019f460,18019f460,18019f5f0
\Sql\Picasso\engine\src\imbi\storage\xmhierarchy.cpp,0xb69,XMUserHierarchy::PersistHierarchy,FUN_18024fa90,18024fa90,18024fb00
\Sql\Picasso\engine\src\imbi\storage\xmhierarchy.cpp,0x9dc,XMUserHierarchy::SetProcessedStore,FUN_18024e950,18024e950,18024eaa2
\Sql\Picasso\engine\src\imbi\storage\xmhierarchy.cpp,0xbec,XMUserHierarchy::SynchronizeHierarchyStorageInternal,FUN_180252f60,180252f60,1802531a4
\Sql\Picasso\engine\src\imbi\storage\xmhierarchy.cpp,0xbec,XMUserHierarchy::SynchronizeHierarchyStorageInternal,FUN_180253200,180253200,18025349a
\Sql\Picasso\engine\src\imbi\storage\xmhierarchy.cpp,0xbe9,XMUserHierarchy::SynchronizeHierarchyStorageInternal,FUN_180253200,180253200,18025349a
\Sql\Picasso\engine\src\imbi\storage\xmhierarchy.cpp,0xd9a,XMUserHierarchyDataEnumeratorEx::Init,FUN_180251110,180251110,1802514d3
\Sql\Picasso\engine\src\imbi\storage\xmhierarchy.cpp,0xd9d,XMUserHierarchyDataEnumeratorEx::Init,FUN_180251110,180251110,1802514d3
\Sql\Picasso\engine\src\imbi\storage\xmhierarchy.cpp,0xd9c,XMUserHierarchyDataEnumeratorEx::Init,FUN_180251110,180251110,1802514d3
\Sql\Picasso\engine\src\imbi\storage\xmhierarchy.cpp,0xd9b,XMUserHierarchyDataEnumeratorEx::Init,FUN_180251110,180251110,1802514d3
\Sql\Picasso\engine\src\imbi\storage\xmhierarchy.cpp,0xf13,XMUserHierarchyFastPositionLookupEx::Init,FUN_180251dc0,180251dc0,180252089
\Sql\Picasso\engine\src\imbi\storage\xmhierarchy.cpp,0xf17,XMUserHierarchyFastPositionLookupEx::Init,FUN_180251dc0,180251dc0,180252089
\Sql\Picasso\engine\src\imbi\storage\xmhierarchy.cpp,0xf14,XMUserHierarchyFastPositionLookupEx::Init,FUN_180251dc0,180251dc0,180252089
\Sql\Picasso\engine\src\imbi\storage\xmhierarchy.cpp,0xe75,XMUserHierarchySlowPositionLookup::Init,FUN_180251800,180251800,180251ac9
\Sql\Picasso\engine\src\imbi\storage\xmhierarchy.cpp,0xe79,XMUserHierarchySlowPositionLookup::Init,FUN_180251800,180251800,180251ac9
\Sql\Picasso\engine\src\imbi\storage\xmhierarchy.cpp,0xe76,XMUserHierarchySlowPositionLookup::Init,FUN_180251800,180251800,180251ac9
\Sql\Picasso\engine\src\imbi\storage\xmhierarchy.cpp,0xd1,,FUN_180248d30,180248d30,180248e5c
\Sql\Picasso\engine\src\imbi\storage\xmhierarchy.cpp,0xd2,,FUN_180248d30,180248d30,180248e5c
\Sql\Picasso\engine\src\imbi\storage\xmhierarchy.cpp,0xd3,,FUN_180248d30,180248d30,180248e5c
\Sql\Picasso\engine\src\imbi\storage\xmhierarchy.hpp,0x16f,XMHierarchy::TraverseSerializableObjects,FUN_1802ea400,1802ea400,1802ea6a3
\Sql\Picasso\engine\src\imbi\storage\xmhierarchy.hpp,0x16f,XMHierarchy::TraverseSerializableObjects,FUN_180f6ce30,180f6ce30,180f6d10c
\Sql\Picasso\engine\src\imbi\storage\xmhierarchy.hpp,0x16f,XMHierarchy::TraverseSerializableObjects,FUN_180f6d170,180f6d170,180f6d44c
\Sql\Picasso\engine\src\imbi\storage\xmhierarchy.hpp,0x16f,XMHierarchy::TraverseSerializableObjects,FUN_180f6d990,180f6d990,180f6dc6c
\Sql\Picasso\engine\src\imbi\storage\xmhierarchy.hpp,0x16f,XMHierarchy::TraverseSerializableObjects,FUN_180f6dcd0,180f6dcd0,180f6dfac
\Sql\Picasso\engine\src\imbi\storage\xmhierarchy.hpp,0x16f,XMHierarchy::TraverseSerializableObjects,FUN_180f6e430,180f6e430,180f6e5d3
\Sql\Picasso\engine\src\imbi\storage\xmhierarchy.hpp,0x2d5,XMUserHierarchy::TraverseSerializableObjects,FUN_1802c4870,1802c4870,1802c4b09
\Sql\Picasso\engine\src\imbi\storage\xmhierarchy.hpp,0x2d5,XMUserHierarchy::TraverseSerializableObjects,FUN_180f6a490,180f6a490,180f6a747
\Sql\Picasso\engine\src\imbi\storage\xmhierarchy.hpp,0x2d5,XMUserHierarchy::TraverseSerializableObjects,FUN_180f6a850,180f6a850,180f6ab07
\Sql\Picasso\engine\src\imbi\storage\xmhierarchy.hpp,0x2d5,XMUserHierarchy::TraverseSerializableObjects,FUN_180f6ac10,180f6ac10,180f6ae2e
\Sql\Picasso\engine\src\imbi\storage\xmhierarchy.hpp,0x2d5,XMUserHierarchy::TraverseSerializableObjects,FUN_180f6aee0,180f6aee0,180f6b197
\Sql\Picasso\engine\src\imbi\storage\xmhierarchy.hpp,0x2d5,XMUserHierarchy::TraverseSerializableObjects,FUN_180f6b2a0,180f6b2a0,180f6b557
\Sql\Picasso\engine\src\imbi\storage\xmhierarchy.hpp,0x421,XMUserHierarchyUnkPosLookup::Init,FUN_1800743e0,1.80E+06,180074a33
\Sql\Picasso\engine\src\imbi\storage\xmhierarchy.inl,0x5d,XMHierarchy::IsMaterialized,FUN_1800769c0,1800769c0,180076a4a
\Sql\Picasso\engine\src\imbi\storage\xmhierarchy.inl,99,XMHierarchy::IsMaterialized,FUN_1800769c0,1800769c0,180076a4a
\Sql\Picasso\engine\src\imbi\storage\xmhierarchy.inl,0x5d,,FUN_1800769c0,1800769c0,180076a4a
\Sql\Picasso\engine\src\imbi\storage\xmhierarchy.inl,99,,FUN_1800769c0,1800769c0,180076a4a
\Sql\Picasso\engine\src\imbi\storage\xmhuffmanencoding.cpp,0x295,XMHuffmanEncodedBlobStoreBase::FinishEncoding,FUN_180276070,180276070,180276150
\Sql\Picasso\engine\src\imbi\storage\xmhuffmanencoding.cpp,0x2ae,XMHuffmanEncodedBlobStoreBase::InitForDecoding,FUN_1802761b0,1802761b0,180276260
\Sql\Picasso\engine\src\imbi\storage\xmhuffmanencoding.cpp,0x26f,XMHuffmanEncodedBlobStoreBase::UpdateAllocForBitsBuffer,FUN_180275e80,1.80E+85,180276007
\Sql\Picasso\engine\src\imbi\storage\xmhuffmanencoding.cpp,0x270,XMHuffmanEncodedBlobStoreBase::UpdateAllocForBitsBuffer,FUN_180275e80,1.80E+85,180276007
\Sql\Picasso\engine\src\imbi\storage\xmhuffmanencoding.cpp,0x1cf,XMHuffmanEncoderBase::HuffmanCreateLookupTable,FUN_180275820,180275820,180275c26
\Sql\Picasso\engine\src\imbi\storage\xmhuffmanencoding.cpp,0x1d0,XMHuffmanEncoderBase::HuffmanCreateLookupTable,FUN_180275820,180275820,180275c26
\Sql\Picasso\engine\src\imbi\storage\xmhuffmanencoding.cpp,0x26f,,FUN_180275e80,1.80E+85,180276007
\Sql\Picasso\engine\src\imbi\storage\xmhuffmanencoding.cpp,0x270,,FUN_180275e80,1.80E+85,180276007
\Sql\Picasso\engine\src\imbi\storage\xmhuffmanencoding.cpp,0x2ae,,FUN_1802761b0,1802761b0,180276260
\Sql\Picasso\engine\src\imbi\storage\xmhuffmanencoding.hpp,0x272,XMHuffmanEncodedBlobStore<class XMMultiCharSetSupport>::Encode,FUN_18018bc90,18018bc90,18018c0f1
\Sql\Picasso\engine\src\imbi\storage\xmhuffmanencoding.hpp,0x278,XMHuffmanEncodedBlobStore<class XMMultiCharSetSupport>::Encode,FUN_18018bc90,18018bc90,18018c0f1
\Sql\Picasso\engine\src\imbi\storage\xmhuffmanencoding.hpp,0x272,XMHuffmanEncodedBlobStore<class XMMultiCharSetSupport>::Encode,FUN_180245ae0,180245ae0,1802462a4
\Sql\Picasso\engine\src\imbi\storage\xmhuffmanencoding.hpp,0x278,XMHuffmanEncodedBlobStore<class XMMultiCharSetSupport>::Encode,FUN_180245ae0,180245ae0,1802462a4
\Sql\Picasso\engine\src\imbi\storage\xmhuffmanencoding.hpp,0x212,XMHuffmanEncodedBlobStore<class XMSingleCharSetSupport>::Encode,FUN_18018b6c0,18018b6c0,18018bbda
\Sql\Picasso\engine\src\imbi\storage\xmhuffmanencoding.hpp,0x21f,XMHuffmanEncodedBlobStore<class XMSingleCharSetSupport>::Encode,FUN_18018b6c0,18018b6c0,18018bbda
\Sql\Picasso\engine\src\imbi\storage\xmhuffmanencoding.hpp,0x212,XMHuffmanEncodedBlobStore<class XMSingleCharSetSupport>::Encode,FUN_180245ae0,180245ae0,1802462a4
\Sql\Picasso\engine\src\imbi\storage\xmhuffmanencoding.hpp,0x21f,XMHuffmanEncodedBlobStore<class XMSingleCharSetSupport>::Encode,FUN_180245ae0,180245ae0,1802462a4
\Sql\Picasso\engine\src\imbi\storage\xmimbicore.cxx,0x5ee,XMIMBICoreTest::AddRepeatedColumnTable,FUN_180122fa0,180122fa0,180123380
\Sql\Picasso\engine\src\imbi\storage\xmimbicore.cxx,0x653,XMIMBICoreTest::AddTable,FUN_180123550,180123550,18012398c
\Sql\Picasso\engine\src\imbi\storage\xmimbicore.cxx,0x6cb,XMIMBICoreTest::ExtractStronglyTypedSegmentEnumerator,FUN_180154e80,1.80E+85,180154fb7
\Sql\Picasso\engine\src\imbi\storage\xmimbicore.cxx,0x6cb,XMIMBICoreTest::ExtractStronglyTypedSegmentEnumerator,FUN_1801560f0,1801560f0,180156227
\Sql\Picasso\engine\src\imbi\storage\xmimbicore.cxx,0x6cb,XMIMBICoreTest::ExtractStronglyTypedSegmentEnumerator,FUN_180156280,180156280,1801563b7
\Sql\Picasso\engine\src\imbi\storage\xmimbicore.cxx,0x6cb,XMIMBICoreTest::ExtractStronglyTypedSegmentEnumerator,FUN_180156410,180156410,180156547
\Sql\Picasso\engine\src\imbi\storage\xmimbicore.cxx,0x6cb,XMIMBICoreTest::ExtractStronglyTypedSegmentEnumerator,FUN_180156730,180156730,180156867
\Sql\Picasso\engine\src\imbi\storage\xmimbicore.cxx,0x6cb,XMIMBICoreTest::ExtractStronglyTypedSegmentEnumerator,FUN_180157330,180157330,180157470
\Sql\Picasso\engine\src\imbi\storage\xmimbicore.cxx,0x6cb,XMIMBICoreTest::ExtractStronglyTypedSegmentEnumerator,FUN_180157850,180157850,18015798d
\Sql\Picasso\engine\src\imbi\storage\xmimbicore.cxx,0x6cb,XMIMBICoreTest::ExtractStronglyTypedSegmentEnumerator,FUN_180157b80,180157b80,180157cc0
\Sql\Picasso\engine\src\imbi\storage\xmimbicore.cxx,0x6cb,XMIMBICoreTest::ExtractStronglyTypedSegmentEnumerator,FUN_180157eb0,180157eb0,180157ff0
\Sql\Picasso\engine\src\imbi\storage\xmimbicore.cxx,0x6cb,XMIMBICoreTest::ExtractStronglyTypedSegmentEnumerator,FUN_1801581e0,1.80E+06,180158317
\Sql\Picasso\engine\src\imbi\storage\xmimbicore.cxx,0x6a6,XMIMBICoreTest::ExtractStronglyTypedSegmentIterator,FUN_180154700,180154700,180154834
\Sql\Picasso\engine\src\imbi\storage\xmimbicore.cxx,0x6a6,XMIMBICoreTest::ExtractStronglyTypedSegmentIterator,FUN_180154890,180154890,1801549c4
\Sql\Picasso\engine\src\imbi\storage\xmimbicore.cxx,0x6a6,XMIMBICoreTest::ExtractStronglyTypedSegmentIterator,FUN_180154a20,180154a20,180154b54
\Sql\Picasso\engine\src\imbi\storage\xmimbicore.cxx,0x6a6,XMIMBICoreTest::ExtractStronglyTypedSegmentIterator,FUN_180154cf0,180154cf0,1.80E+30
\Sql\Picasso\engine\src\imbi\storage\xmimbicore.cxx,0x6a6,XMIMBICoreTest::ExtractStronglyTypedSegmentIterator,FUN_1801565a0,1801565a0,1801566d5
\Sql\Picasso\engine\src\imbi\storage\xmimbicore.cxx,0x6a6,XMIMBICoreTest::ExtractStronglyTypedSegmentIterator,FUN_1801576c0,1801576c0,1801577f2
\Sql\Picasso\engine\src\imbi\storage\xmimbicore.cxx,0x6a6,XMIMBICoreTest::ExtractStronglyTypedSegmentIterator,FUN_1801579f0,1801579f0,180157b25
\Sql\Picasso\engine\src\imbi\storage\xmimbicore.cxx,0x6a6,XMIMBICoreTest::ExtractStronglyTypedSegmentIterator,FUN_180157d20,180157d20,1.80E+60
\Sql\Picasso\engine\src\imbi\storage\xmimbicore.cxx,0x6a6,XMIMBICoreTest::ExtractStronglyTypedSegmentIterator,FUN_180158050,180158050,180158184
\Sql\Picasso\engine\src\imbi\storage\xmimbicore.cxx,0x6ef,XMIMBICoreTest::ExtractStronglyTypedSegmentLookup,FUN_180155010,180155010,180155199
\Sql\Picasso\engine\src\imbi\storage\xmimbicore.cxx,0x6ef,XMIMBICoreTest::ExtractStronglyTypedSegmentLookup,FUN_1801551f0,1801551f0,180155379
\Sql\Picasso\engine\src\imbi\storage\xmimbicore.cxx,0x6ef,XMIMBICoreTest::ExtractStronglyTypedSegmentLookup,FUN_1801553d0,1801553d0,180155559
\Sql\Picasso\engine\src\imbi\storage\xmimbicore.cxx,0x6ef,XMIMBICoreTest::ExtractStronglyTypedSegmentLookup,FUN_1801555b0,1801555b0,180155739
\Sql\Picasso\engine\src\imbi\storage\xmimbicore.cxx,0x6ef,XMIMBICoreTest::ExtractStronglyTypedSegmentLookup,FUN_180155790,180155790,180155919
\Sql\Picasso\engine\src\imbi\storage\xmimbicore.cxx,0x6ef,XMIMBICoreTest::ExtractStronglyTypedSegmentLookup,FUN_180155970,180155970,180155af9
\Sql\Picasso\engine\src\imbi\storage\xmimbicore.cxx,0x6ef,XMIMBICoreTest::ExtractStronglyTypedSegmentLookup,FUN_180155b50,180155b50,180155cd9
\Sql\Picasso\engine\src\imbi\storage\xmimbicore.cxx,0x6ef,XMIMBICoreTest::ExtractStronglyTypedSegmentLookup,FUN_180155d30,180155d30,180155eb9
\Sql\Picasso\engine\src\imbi\storage\xmimbicore.cxx,0x6ef,XMIMBICoreTest::ExtractStronglyTypedSegmentLookup,FUN_180155f10,180155f10,180156099
\Sql\Picasso\engine\src\imbi\storage\xmimbicore.cxx,0x6ef,XMIMBICoreTest::ExtractStronglyTypedSegmentLookup,FUN_1801574d0,1801574d0,180157669
\Sql\Picasso\engine\src\imbi\storage\xmimbicore.cxx,0x56c,XMIMBICoreTest::PrepareComplexStorage,FUN_180122550,180122550,180122eed
\Sql\Picasso\engine\src\imbi\storage\xmimbicore.cxx,0x57f,XMIMBICoreTest::PrepareComplexStorage,FUN_180122550,180122550,180122eed
\Sql\Picasso\engine\src\imbi\storage\xmimbicore.cxx,0x554,XMIMBICoreTest::PrepareCompressionInfo,FUN_180122070,180122070,180122470
\Sql\Picasso\engine\src\imbi\storage\xmimbicore.cxx,0x619,XMIMBICoreTest::PrepareRepeatedColumnStorage,FUN_1801233e0,1.80E+06,1801234f4
\Sql\Picasso\engine\src\imbi\storage\xmimbicore.cxx,0x67e,XMIMBICoreTest::PrepareStorage,FUN_1801239f0,1801239f0,180123b28
\Sql\Picasso\engine\src\imbi\storage\xmimbicore.cxx,0x8bd,XMIMBICoreTest::RunColumnIterator,FUN_180123c20,180123c20,1.80E+87
\Sql\Picasso\engine\src\imbi\storage\xmimbicore.cxx,0x91c,XMIMBICoreTest::RunFastTableIterator,FUN_180124260,180124260,18012467a
\Sql\Picasso\engine\src\imbi\storage\xmimbicore.cxx,0x9a2,XMIMBICoreTest::RunRLEWriteTests,FUN_180124700,180124700,180124c94
\Sql\Picasso\engine\src\imbi\storage\xmimbicore.cxx,0x9b0,XMIMBICoreTest::RunRLEWriteTests,FUN_180124700,180124700,180124c94
\Sql\Picasso\engine\src\imbi\storage\xmimbicore.cxx,0x8ec,XMIMBICoreTest::RunTableIterator,FUN_180123ee0,180123ee0,180124204
\Sql\Picasso\engine\src\imbi\storage\xmimbicore.cxx,0xa26,XMIMBICoreTest::RunWriteTests,FUN_18013f9a0,18013f9a0,1801403a4
\Sql\Picasso\engine\src\imbi\storage\xmimbicore.cxx,0xa2f,XMIMBICoreTest::RunWriteTests,FUN_18013f9a0,18013f9a0,1801403a4
\Sql\Picasso\engine\src\imbi\storage\xmimbicore.cxx,0xa6f,XMIMBICoreTest::RunWriteTests,FUN_18013f9a0,18013f9a0,1801403a4
\Sql\Picasso\engine\src\imbi\storage\xmimbicore.cxx,0xa78,XMIMBICoreTest::RunWriteTests,FUN_18013f9a0,18013f9a0,1801403a4
\Sql\Picasso\engine\src\imbi\storage\xmimbicore.cxx,0xa26,XMIMBICoreTest::RunWriteTests,FUN_180140580,180140580,18014108e
\Sql\Picasso\engine\src\imbi\storage\xmimbicore.cxx,0xa2f,XMIMBICoreTest::RunWriteTests,FUN_180140580,180140580,18014108e
\Sql\Picasso\engine\src\imbi\storage\xmimbicore.cxx,0xa6f,XMIMBICoreTest::RunWriteTests,FUN_180140580,180140580,18014108e
\Sql\Picasso\engine\src\imbi\storage\xmimbicore.cxx,0xa78,XMIMBICoreTest::RunWriteTests,FUN_180140580,180140580,18014108e
\Sql\Picasso\engine\src\imbi\storage\xmimbicore.cxx,0xa26,XMIMBICoreTest::RunWriteTests,FUN_1801411d0,1801411d0,18014196f
\Sql\Picasso\engine\src\imbi\storage\xmimbicore.cxx,0xa2f,XMIMBICoreTest::RunWriteTests,FUN_1801411d0,1801411d0,18014196f
\Sql\Picasso\engine\src\imbi\storage\xmimbicore.cxx,0xa6f,XMIMBICoreTest::RunWriteTests,FUN_1801411d0,1801411d0,18014196f
\Sql\Picasso\engine\src\imbi\storage\xmimbicore.cxx,0xa78,XMIMBICoreTest::RunWriteTests,FUN_1801411d0,1801411d0,18014196f
\Sql\Picasso\engine\src\imbi\storage\xmimbicore.cxx,0xa26,XMIMBICoreTest::RunWriteTests,FUN_180141b50,180141b50,180142319
\Sql\Picasso\engine\src\imbi\storage\xmimbicore.cxx,0xa2f,XMIMBICoreTest::RunWriteTests,FUN_180141b50,180141b50,180142319
\Sql\Picasso\engine\src\imbi\storage\xmimbicore.cxx,0xa6f,XMIMBICoreTest::RunWriteTests,FUN_180141b50,180141b50,180142319
\Sql\Picasso\engine\src\imbi\storage\xmimbicore.cxx,0xa78,XMIMBICoreTest::RunWriteTests,FUN_180141b50,180141b50,180142319
\Sql\Picasso\engine\src\imbi\storage\xmimbicore.cxx,0xa26,XMIMBICoreTest::RunWriteTests,FUN_1801424f0,1801424f0,180142cb2
\Sql\Picasso\engine\src\imbi\storage\xmimbicore.cxx,0xa2f,XMIMBICoreTest::RunWriteTests,FUN_1801424f0,1801424f0,180142cb2
\Sql\Picasso\engine\src\imbi\storage\xmimbicore.cxx,0xa6f,XMIMBICoreTest::RunWriteTests,FUN_1801424f0,1801424f0,180142cb2
\Sql\Picasso\engine\src\imbi\storage\xmimbicore.cxx,0xa78,XMIMBICoreTest::RunWriteTests,FUN_1801424f0,1801424f0,180142cb2
\Sql\Picasso\engine\src\imbi\storage\xmimbicore.cxx,0xa26,XMIMBICoreTest::RunWriteTests,FUN_180142e90,1.80E+95,180143961
\Sql\Picasso\engine\src\imbi\storage\xmimbicore.cxx,0xa2f,XMIMBICoreTest::RunWriteTests,FUN_180142e90,1.80E+95,180143961
\Sql\Picasso\engine\src\imbi\storage\xmimbicore.cxx,0xa6f,XMIMBICoreTest::RunWriteTests,FUN_180142e90,1.80E+95,180143961
\Sql\Picasso\engine\src\imbi\storage\xmimbicore.cxx,0xa78,XMIMBICoreTest::RunWriteTests,FUN_180142e90,1.80E+95,180143961
\Sql\Picasso\engine\src\imbi\storage\xmimbicore.cxx,0xa26,XMIMBICoreTest::RunWriteTests,FUN_180143a60,180143a60,180144533
\Sql\Picasso\engine\src\imbi\storage\xmimbicore.cxx,0xa2f,XMIMBICoreTest::RunWriteTests,FUN_180143a60,180143a60,180144533
\Sql\Picasso\engine\src\imbi\storage\xmimbicore.cxx,0xa6f,XMIMBICoreTest::RunWriteTests,FUN_180143a60,180143a60,180144533
\Sql\Picasso\engine\src\imbi\storage\xmimbicore.cxx,0xa78,XMIMBICoreTest::RunWriteTests,FUN_180143a60,180143a60,180144533
\Sql\Picasso\engine\src\imbi\storage\xmimbicore.cxx,0xa26,XMIMBICoreTest::RunWriteTests,FUN_180144640,180144640,180145397
\Sql\Picasso\engine\src\imbi\storage\xmimbicore.cxx,0xa2f,XMIMBICoreTest::RunWriteTests,FUN_180144640,180144640,180145397
\Sql\Picasso\engine\src\imbi\storage\xmimbicore.cxx,0xa6f,XMIMBICoreTest::RunWriteTests,FUN_180144640,180144640,180145397
\Sql\Picasso\engine\src\imbi\storage\xmimbicore.cxx,0xa78,XMIMBICoreTest::RunWriteTests,FUN_180144640,180144640,180145397
\Sql\Picasso\engine\src\imbi\storage\xmimbicore.cxx,0x1277,XMIMBICoreTest::UpdateRLEColumn,FUN_180129530,180129530,180129878
\Sql\Picasso\engine\src\imbi\storage\xmimbicore.cxx,0x1273,XMIMBICoreTest::UpdateRLEColumn,FUN_180129530,180129530,180129878
\Sql\Picasso\engine\src\imbi\storage\xmimbicore.cxx,0x1276,XMIMBICoreTest::UpdateRLEColumn,FUN_180129530,180129530,180129878
\Sql\Picasso\engine\src\imbi\storage\xmimbihash.cxx,0x13f,XMHashTest::RunBasicTests,FUN_1801687b0,1801687b0,1801688f2
\Sql\Picasso\engine\src\imbi\storage\xmimbihash.cxx,0x140,XMHashTest::RunBasicTests,FUN_1801687b0,1801687b0,1801688f2
\Sql\Picasso\engine\src\imbi\storage\xmimbihash.cxx,0x19e,XMHashTest::RunDeleteNonExistingEntryTests,FUN_1801690c0,1801690c0,180169242
\Sql\Picasso\engine\src\imbi\storage\xmimbihash.cxx,0x19f,XMHashTest::RunDeleteNonExistingEntryTests,FUN_1801690c0,1801690c0,180169242
\Sql\Picasso\engine\src\imbi\storage\xmimbihash.cxx,0x1a5,XMHashTest::RunDeleteNonExistingEntryTests,FUN_1801690c0,1801690c0,180169242
\Sql\Picasso\engine\src\imbi\storage\xmimbihash.cxx,0x1a6,XMHashTest::RunDeleteNonExistingEntryTests,FUN_1801690c0,1801690c0,180169242
\Sql\Picasso\engine\src\imbi\storage\xmimbihash.cxx,0x1ac,XMHashTest::RunDeleteNonExistingEntryTests,FUN_1801690c0,1801690c0,180169242
\Sql\Picasso\engine\src\imbi\storage\xmimbihash.cxx,0x1b0,XMHashTest::RunDeleteNonExistingEntryTests,FUN_1801690c0,1801690c0,180169242
\Sql\Picasso\engine\src\imbi\storage\xmimbihash.cxx,0x1b1,XMHashTest::RunDeleteNonExistingEntryTests,FUN_1801690c0,1801690c0,180169242
\Sql\Picasso\engine\src\imbi\storage\xmimbihash.cxx,0x622,XMHashTest::RunDoublePerf,FUN_18016d190,18016d190,18016d88b
\Sql\Picasso\engine\src\imbi\storage\xmimbihash.cxx,0x623,XMHashTest::RunDoublePerf,FUN_18016d190,18016d190,18016d88b
\Sql\Picasso\engine\src\imbi\storage\xmimbihash.cxx,0x4f0,XMHashTest::RunDoubleTests,FUN_18016ca90,18016ca90,18016cd8a
\Sql\Picasso\engine\src\imbi\storage\xmimbihash.cxx,0x4fb,XMHashTest::RunDoubleTests,FUN_18016ca90,18016ca90,18016cd8a
\Sql\Picasso\engine\src\imbi\storage\xmimbihash.cxx,0x4ff,XMHashTest::RunDoubleTests,FUN_18016ca90,18016ca90,18016cd8a
\Sql\Picasso\engine\src\imbi\storage\xmimbihash.cxx,0x500,XMHashTest::RunDoubleTests,FUN_18016ca90,18016ca90,18016cd8a
\Sql\Picasso\engine\src\imbi\storage\xmimbihash.cxx,0x504,XMHashTest::RunDoubleTests,FUN_18016ca90,18016ca90,18016cd8a
\Sql\Picasso\engine\src\imbi\storage\xmimbihash.cxx,0x50a,XMHashTest::RunDoubleTests,FUN_18016ca90,18016ca90,18016cd8a
\Sql\Picasso\engine\src\imbi\storage\xmimbihash.cxx,0x510,XMHashTest::RunDoubleTests,FUN_18016ca90,18016ca90,18016cd8a
\Sql\Picasso\engine\src\imbi\storage\xmimbihash.cxx,0x51a,XMHashTest::RunDoubleTests,FUN_18016ca90,18016ca90,18016cd8a
\Sql\Picasso\engine\src\imbi\storage\xmimbihash.cxx,0x522,XMHashTest::RunDoubleTests,FUN_18016ca90,18016ca90,18016cd8a
\Sql\Picasso\engine\src\imbi\storage\xmimbihash.cxx,0x528,XMHashTest::RunDoubleTests,FUN_18016ca90,18016ca90,18016cd8a
\Sql\Picasso\engine\src\imbi\storage\xmimbihash.cxx,0x52c,XMHashTest::RunDoubleTests,FUN_18016ca90,18016ca90,18016cd8a
\Sql\Picasso\engine\src\imbi\storage\xmimbihash.cxx,0x514,XMHashTest::RunDoubleTests,FUN_18016ca90,18016ca90,18016cd8a
\Sql\Picasso\engine\src\imbi\storage\xmimbihash.cxx,0x6d4,XMHashTest::RunIntPerf,FUN_18016fc80,18016fc80,180170413
\Sql\Picasso\engine\src\imbi\storage\xmimbihash.cxx,0x6d5,XMHashTest::RunIntPerf,FUN_18016fc80,18016fc80,180170413
\Sql\Picasso\engine\src\imbi\storage\xmimbihash.cxx,0x6d4,XMHashTest::RunIntPerf,FUN_1801704b0,1801704b0,180170c53
\Sql\Picasso\engine\src\imbi\storage\xmimbihash.cxx,0x6d5,XMHashTest::RunIntPerf,FUN_1801704b0,1801704b0,180170c53
\Sql\Picasso\engine\src\imbi\storage\xmimbihash.cxx,0x57e,XMHashTest::RunIntTests,FUN_180170eb0,180170eb0,1801711ff
\Sql\Picasso\engine\src\imbi\storage\xmimbihash.cxx,0x589,XMHashTest::RunIntTests,FUN_180170eb0,180170eb0,1801711ff
\Sql\Picasso\engine\src\imbi\storage\xmimbihash.cxx,0x58d,XMHashTest::RunIntTests,FUN_180170eb0,180170eb0,1801711ff
\Sql\Picasso\engine\src\imbi\storage\xmimbihash.cxx,0x58e,XMHashTest::RunIntTests,FUN_180170eb0,180170eb0,1801711ff
\Sql\Picasso\engine\src\imbi\storage\xmimbihash.cxx,0x592,XMHashTest::RunIntTests,FUN_180170eb0,180170eb0,1801711ff
\Sql\Picasso\engine\src\imbi\storage\xmimbihash.cxx,0x598,XMHashTest::RunIntTests,FUN_180170eb0,180170eb0,1801711ff
\Sql\Picasso\engine\src\imbi\storage\xmimbihash.cxx,0x5a2,XMHashTest::RunIntTests,FUN_180170eb0,180170eb0,1801711ff
\Sql\Picasso\engine\src\imbi\storage\xmimbihash.cxx,0x5a8,XMHashTest::RunIntTests,FUN_180170eb0,180170eb0,1801711ff
\Sql\Picasso\engine\src\imbi\storage\xmimbihash.cxx,0x5b0,XMHashTest::RunIntTests,FUN_180170eb0,180170eb0,1801711ff
\Sql\Picasso\engine\src\imbi\storage\xmimbihash.cxx,0x5ba,XMHashTest::RunIntTests,FUN_180170eb0,180170eb0,1801711ff
\Sql\Picasso\engine\src\imbi\storage\xmimbihash.cxx,0x5b6,XMHashTest::RunIntTests,FUN_180170eb0,180170eb0,1801711ff
\Sql\Picasso\engine\src\imbi\storage\xmimbihash.cxx,0x59e,XMHashTest::RunIntTests,FUN_180170eb0,180170eb0,1801711ff
\Sql\Picasso\engine\src\imbi\storage\xmimbihash.cxx,0x57e,XMHashTest::RunIntTests,FUN_180171670,180171670,180171abc
\Sql\Picasso\engine\src\imbi\storage\xmimbihash.cxx,0x589,XMHashTest::RunIntTests,FUN_180171670,180171670,180171abc
\Sql\Picasso\engine\src\imbi\storage\xmimbihash.cxx,0x58d,XMHashTest::RunIntTests,FUN_180171670,180171670,180171abc
\Sql\Picasso\engine\src\imbi\storage\xmimbihash.cxx,0x58e,XMHashTest::RunIntTests,FUN_180171670,180171670,180171abc
\Sql\Picasso\engine\src\imbi\storage\xmimbihash.cxx,0x592,XMHashTest::RunIntTests,FUN_180171670,180171670,180171abc
\Sql\Picasso\engine\src\imbi\storage\xmimbihash.cxx,0x598,XMHashTest::RunIntTests,FUN_180171670,180171670,180171abc
\Sql\Picasso\engine\src\imbi\storage\xmimbihash.cxx,0x59e,XMHashTest::RunIntTests,FUN_180171670,180171670,180171abc
\Sql\Picasso\engine\src\imbi\storage\xmimbihash.cxx,0x5a8,XMHashTest::RunIntTests,FUN_180171670,180171670,180171abc
\Sql\Picasso\engine\src\imbi\storage\xmimbihash.cxx,0x5b0,XMHashTest::RunIntTests,FUN_180171670,180171670,180171abc
\Sql\Picasso\engine\src\imbi\storage\xmimbihash.cxx,0x5b6,XMHashTest::RunIntTests,FUN_180171670,180171670,180171abc
\Sql\Picasso\engine\src\imbi\storage\xmimbihash.cxx,0x5ba,XMHashTest::RunIntTests,FUN_180171670,180171670,180171abc
\Sql\Picasso\engine\src\imbi\storage\xmimbihash.cxx,0x5a2,XMHashTest::RunIntTests,FUN_180171670,180171670,180171abc
\Sql\Picasso\engine\src\imbi\storage\xmimbihash.cxx,0x829,XMHashTest::RunRealDoublePerf,FUN_18016e660,18016e660,18016eb9c
\Sql\Picasso\engine\src\imbi\storage\xmimbihash.cxx,0x861,XMHashTest::RunRealDoublePerf,FUN_18016e660,18016e660,18016eb9c
\Sql\Picasso\engine\src\imbi\storage\xmimbihash.cxx,0x862,XMHashTest::RunRealDoublePerf,FUN_18016e660,18016e660,18016eb9c
\Sql\Picasso\engine\src\imbi\storage\xmimbihash.cxx,0x48c,XMHashTest::RunRealDoubleVariantPerf,FUN_18016c4e0,18016c4e0,18016ca31
\Sql\Picasso\engine\src\imbi\storage\xmimbihash.cxx,0x4c8,XMHashTest::RunRealDoubleVariantPerf,FUN_18016c4e0,18016c4e0,18016ca31
\Sql\Picasso\engine\src\imbi\storage\xmimbihash.cxx,0x4c9,XMHashTest::RunRealDoubleVariantPerf,FUN_18016c4e0,18016c4e0,18016ca31
\Sql\Picasso\engine\src\imbi\storage\xmimbihash.cxx,0x7a1,XMHashTest::RunRealStringPerf,FUN_18016e070,1.80E+74,18016e603
\Sql\Picasso\engine\src\imbi\storage\xmimbihash.cxx,0x7ff,XMHashTest::RunRealStringPerf,FUN_18016e070,1.80E+74,18016e603
\Sql\Picasso\engine\src\imbi\storage\xmimbihash.cxx,0x15b,XMHashTest::RunResizeTests,FUN_1801689a0,1801689a0,180168c00
\Sql\Picasso\engine\src\imbi\storage\xmimbihash.cxx,0x15c,XMHashTest::RunResizeTests,FUN_1801689a0,1801689a0,180168c00
\Sql\Picasso\engine\src\imbi\storage\xmimbihash.cxx,0x162,XMHashTest::RunResizeTests,FUN_1801689a0,1801689a0,180168c00
\Sql\Picasso\engine\src\imbi\storage\xmimbihash.cxx,0x162,XMHashTest::RunResizeTests,FUN_1801689a0,1801689a0,180168c00
\Sql\Picasso\engine\src\imbi\storage\xmimbihash.cxx,0x163,XMHashTest::RunResizeTests,FUN_1801689a0,1801689a0,180168c00
\Sql\Picasso\engine\src\imbi\storage\xmimbihash.cxx,0x16a,XMHashTest::RunResizeTests,FUN_1801689a0,1801689a0,180168c00
\Sql\Picasso\engine\src\imbi\storage\xmimbihash.cxx,0x16a,XMHashTest::RunResizeTests,FUN_1801689a0,1801689a0,180168c00
\Sql\Picasso\engine\src\imbi\storage\xmimbihash.cxx,0x16b,XMHashTest::RunResizeTests,FUN_1801689a0,1801689a0,180168c00
\Sql\Picasso\engine\src\imbi\storage\xmimbihash.cxx,0x170,XMHashTest::RunResizeTests,FUN_1801689a0,1801689a0,180168c00
\Sql\Picasso\engine\src\imbi\storage\xmimbihash.cxx,0x170,XMHashTest::RunResizeTests,FUN_1801689a0,1801689a0,180168c00
\Sql\Picasso\engine\src\imbi\storage\xmimbihash.cxx,0x171,XMHashTest::RunResizeTests,FUN_1801689a0,1801689a0,180168c00
\Sql\Picasso\engine\src\imbi\storage\xmimbihash.cxx,0x177,XMHashTest::RunResizeTests,FUN_1801689a0,1801689a0,180168c00
\Sql\Picasso\engine\src\imbi\storage\xmimbihash.cxx,0x177,XMHashTest::RunResizeTests,FUN_1801689a0,1801689a0,180168c00
\Sql\Picasso\engine\src\imbi\storage\xmimbihash.cxx,0x178,XMHashTest::RunResizeTests,FUN_1801689a0,1801689a0,180168c00
\Sql\Picasso\engine\src\imbi\storage\xmimbihash.cxx,0x17d,XMHashTest::RunResizeTests,FUN_1801689a0,1801689a0,180168c00
\Sql\Picasso\engine\src\imbi\storage\xmimbihash.cxx,0x17d,XMHashTest::RunResizeTests,FUN_1801689a0,1801689a0,180168c00
\Sql\Picasso\engine\src\imbi\storage\xmimbihash.cxx,0x17e,XMHashTest::RunResizeTests,FUN_1801689a0,1801689a0,180168c00
\Sql\Picasso\engine\src\imbi\storage\xmimbihash.cxx,0x182,XMHashTest::RunResizeTests,FUN_1801689a0,1801689a0,180168c00
\Sql\Picasso\engine\src\imbi\storage\xmimbihash.cxx,0x182,XMHashTest::RunResizeTests,FUN_1801689a0,1801689a0,180168c00
\Sql\Picasso\engine\src\imbi\storage\xmimbihash.cxx,0x183,XMHashTest::RunResizeTests,FUN_1801689a0,1801689a0,180168c00
\Sql\Picasso\engine\src\imbi\storage\xmimbihash.cxx,0x703,XMHashTest::RunStringPerf,FUN_18016d8e0,18016d8e0,1.80E+18
\Sql\Picasso\engine\src\imbi\storage\xmimbihash.cxx,0x774,XMHashTest::RunStringPerf,FUN_18016d8e0,18016d8e0,1.80E+18
\Sql\Picasso\engine\src\imbi\storage\xmimbihash.cxx,0x1e0,XMHashTest::RunStringTests,FUN_1801694a0,1801694a0,180169ac4
\Sql\Picasso\engine\src\imbi\storage\xmimbihash.cxx,0x1ff,XMHashTest::RunStringTests,FUN_1801694a0,1801694a0,180169ac4
\Sql\Picasso\engine\src\imbi\storage\xmimbihash.cxx,0x207,XMHashTest::RunStringTests,FUN_1801694a0,1801694a0,180169ac4
\Sql\Picasso\engine\src\imbi\storage\xmimbihash.cxx,0x213,XMHashTest::RunStringTests,FUN_1801694a0,1801694a0,180169ac4
\Sql\Picasso\engine\src\imbi\storage\xmimbihash.cxx,0x218,XMHashTest::RunStringTests,FUN_1801694a0,1801694a0,180169ac4
\Sql\Picasso\engine\src\imbi\storage\xmimbihash.cxx,0x21e,XMHashTest::RunStringTests,FUN_1801694a0,1801694a0,180169ac4
\Sql\Picasso\engine\src\imbi\storage\xmimbihash.cxx,0x21f,XMHashTest::RunStringTests,FUN_1801694a0,1801694a0,180169ac4
\Sql\Picasso\engine\src\imbi\storage\xmimbihash.cxx,0x225,XMHashTest::RunStringTests,FUN_1801694a0,1801694a0,180169ac4
\Sql\Picasso\engine\src\imbi\storage\xmimbihash.cxx,0x226,XMHashTest::RunStringTests,FUN_1801694a0,1801694a0,180169ac4
\Sql\Picasso\engine\src\imbi\storage\xmimbihash.cxx,0x22c,XMHashTest::RunStringTests,FUN_1801694a0,1801694a0,180169ac4
\Sql\Picasso\engine\src\imbi\storage\xmimbihash.cxx,0x233,XMHashTest::RunStringTests,FUN_1801694a0,1801694a0,180169ac4
\Sql\Picasso\engine\src\imbi\storage\xmimbihash.cxx,0x239,XMHashTest::RunStringTests,FUN_1801694a0,1801694a0,180169ac4
\Sql\Picasso\engine\src\imbi\storage\xmimbihash.cxx,0x23f,XMHashTest::RunStringTests,FUN_1801694a0,1801694a0,180169ac4
\Sql\Picasso\engine\src\imbi\storage\xmimbihash.cxx,0x245,XMHashTest::RunStringTests,FUN_1801694a0,1801694a0,180169ac4
\Sql\Picasso\engine\src\imbi\storage\xmimbihash.cxx,0x24b,XMHashTest::RunStringTests,FUN_1801694a0,1801694a0,180169ac4
\Sql\Picasso\engine\src\imbi\storage\xmimbihash.cxx,0x251,XMHashTest::RunStringTests,FUN_1801694a0,1801694a0,180169ac4
\Sql\Picasso\engine\src\imbi\storage\xmimbihash.cxx,0x255,XMHashTest::RunStringTests,FUN_1801694a0,1801694a0,180169ac4
\Sql\Picasso\engine\src\imbi\storage\xmimbihash.cxx,0x25b,XMHashTest::RunStringTests,FUN_1801694a0,1801694a0,180169ac4
\Sql\Picasso\engine\src\imbi\storage\xmimbihash.cxx,0x261,XMHashTest::RunStringTests,FUN_1801694a0,1801694a0,180169ac4
\Sql\Picasso\engine\src\imbi\storage\xmimbihash.cxx,0x267,XMHashTest::RunStringTests,FUN_1801694a0,1801694a0,180169ac4
\Sql\Picasso\engine\src\imbi\storage\xmimbihash.cxx,0x356,XMHashTest::RunVariantNumTests,FUN_18016afe0,18016afe0,18016bf7d
\Sql\Picasso\engine\src\imbi\storage\xmimbihash.cxx,0x37a,XMHashTest::RunVariantNumTests,FUN_18016afe0,18016afe0,18016bf7d
\Sql\Picasso\engine\src\imbi\storage\xmimbihash.cxx,0x390,XMHashTest::RunVariantNumTests,FUN_18016afe0,18016afe0,18016bf7d
\Sql\Picasso\engine\src\imbi\storage\xmimbihash.cxx,0x396,XMHashTest::RunVariantNumTests,FUN_18016afe0,18016afe0,18016bf7d
\Sql\Picasso\engine\src\imbi\storage\xmimbihash.cxx,0x39a,XMHashTest::RunVariantNumTests,FUN_18016afe0,18016afe0,18016bf7d
\Sql\Picasso\engine\src\imbi\storage\xmimbihash.cxx,0x39b,XMHashTest::RunVariantNumTests,FUN_18016afe0,18016afe0,18016bf7d
\Sql\Picasso\engine\src\imbi\storage\xmimbihash.cxx,0x39f,XMHashTest::RunVariantNumTests,FUN_18016afe0,18016afe0,18016bf7d
\Sql\Picasso\engine\src\imbi\storage\xmimbihash.cxx,0x3a0,XMHashTest::RunVariantNumTests,FUN_18016afe0,18016afe0,18016bf7d
\Sql\Picasso\engine\src\imbi\storage\xmimbihash.cxx,0x3aa,XMHashTest::RunVariantNumTests,FUN_18016afe0,18016afe0,18016bf7d
\Sql\Picasso\engine\src\imbi\storage\xmimbihash.cxx,0x3b6,XMHashTest::RunVariantNumTests,FUN_18016afe0,18016afe0,18016bf7d
\Sql\Picasso\engine\src\imbi\storage\xmimbihash.cxx,0x3bf,XMHashTest::RunVariantNumTests,FUN_18016afe0,18016afe0,18016bf7d
\Sql\Picasso\engine\src\imbi\storage\xmimbihash.cxx,0x3c0,XMHashTest::RunVariantNumTests,FUN_18016afe0,18016afe0,18016bf7d
\Sql\Picasso\engine\src\imbi\storage\xmimbihash.cxx,0x3c6,XMHashTest::RunVariantNumTests,FUN_18016afe0,18016afe0,18016bf7d
\Sql\Picasso\engine\src\imbi\storage\xmimbihash.cxx,0x3d2,XMHashTest::RunVariantNumTests,FUN_18016afe0,18016afe0,18016bf7d
\Sql\Picasso\engine\src\imbi\storage\xmimbihash.cxx,0x3d6,XMHashTest::RunVariantNumTests,FUN_18016afe0,18016afe0,18016bf7d
\Sql\Picasso\engine\src\imbi\storage\xmimbihash.cxx,0x3e4,XMHashTest::RunVariantNumTests,FUN_18016afe0,18016afe0,18016bf7d
\Sql\Picasso\engine\src\imbi\storage\xmimbihash.cxx,0x3ef,XMHashTest::RunVariantNumTests,FUN_18016afe0,18016afe0,18016bf7d
\Sql\Picasso\engine\src\imbi\storage\xmimbihash.cxx,0x3eb,XMHashTest::RunVariantNumTests,FUN_18016afe0,18016afe0,18016bf7d
\Sql\Picasso\engine\src\imbi\storage\xmimbihash.cxx,0x3db,XMHashTest::RunVariantNumTests,FUN_18016afe0,18016afe0,18016bf7d
\Sql\Picasso\engine\src\imbi\storage\xmimbihash.cxx,0x3cc,XMHashTest::RunVariantNumTests,FUN_18016afe0,18016afe0,18016bf7d
\Sql\Picasso\engine\src\imbi\storage\xmimbihash.cxx,0x2aa,XMHashTest::RunVariantStringTests,FUN_18016a120,18016a120,18016aa1e
\Sql\Picasso\engine\src\imbi\storage\xmimbihash.cxx,0x2b7,XMHashTest::RunVariantStringTests,FUN_18016a120,18016a120,18016aa1e
\Sql\Picasso\engine\src\imbi\storage\xmimbihash.cxx,0x2be,XMHashTest::RunVariantStringTests,FUN_18016a120,18016a120,18016aa1e
\Sql\Picasso\engine\src\imbi\storage\xmimbihash.cxx,0x2d5,XMHashTest::RunVariantStringTests,FUN_18016a120,18016a120,18016aa1e
\Sql\Picasso\engine\src\imbi\storage\xmimbihash.cxx,0x2d6,XMHashTest::RunVariantStringTests,FUN_18016a120,18016a120,18016aa1e
\Sql\Picasso\engine\src\imbi\storage\xmimbihash.cxx,0x2db,XMHashTest::RunVariantStringTests,FUN_18016a120,18016a120,18016aa1e
\Sql\Picasso\engine\src\imbi\storage\xmimbihash.cxx,0x2dc,XMHashTest::RunVariantStringTests,FUN_18016a120,18016a120,18016aa1e
\Sql\Picasso\engine\src\imbi\storage\xmimbihash.cxx,0x2e1,XMHashTest::RunVariantStringTests,FUN_18016a120,18016a120,18016aa1e
\Sql\Picasso\engine\src\imbi\storage\xmimbihash.cxx,0x2ee,XMHashTest::RunVariantStringTests,FUN_18016a120,18016a120,18016aa1e
\Sql\Picasso\engine\src\imbi\storage\xmimbihash.cxx,0x2f3,XMHashTest::RunVariantStringTests,FUN_18016a120,18016a120,18016aa1e
\Sql\Picasso\engine\src\imbi\storage\xmimbihash.cxx,0x2ff,XMHashTest::RunVariantStringTests,FUN_18016a120,18016a120,18016aa1e
\Sql\Picasso\engine\src\imbi\storage\xmimbihash.cxx,0x304,XMHashTest::RunVariantStringTests,FUN_18016a120,18016a120,18016aa1e
\Sql\Picasso\engine\src\imbi\storage\xmimbihash.cxx,0x307,XMHashTest::RunVariantStringTests,FUN_18016a120,18016a120,18016aa1e
\Sql\Picasso\engine\src\imbi\storage\xmimbihash.cxx,0x30d,XMHashTest::RunVariantStringTests,FUN_18016a120,18016a120,18016aa1e
\Sql\Picasso\engine\src\imbi\storage\xmimbihash.cxx,0x318,XMHashTest::RunVariantStringTests,FUN_18016a120,18016a120,18016aa1e
\Sql\Picasso\engine\src\imbi\storage\xmimbihash.cxx,0x313,XMHashTest::RunVariantStringTests,FUN_18016a120,18016a120,18016aa1e
\Sql\Picasso\engine\src\imbi\storage\xmimbihash.cxx,0x2f9,XMHashTest::RunVariantStringTests,FUN_18016a120,18016a120,18016aa1e
\Sql\Picasso\engine\src\imbi\storage\xmimbihash.cxx,0x2e8,XMHashTest::RunVariantStringTests,FUN_18016a120,18016a120,18016aa1e
\Sql\Picasso\engine\src\imbi\storage\xmimbihash.cxx,0x2d0,XMHashTest::RunVariantStringTests,FUN_18016a120,18016a120,18016aa1e
\Sql\Picasso\engine\src\imbi\storage\xmimbihash.cxx,0x2ca,XMHashTest::RunVariantStringTests,FUN_18016a120,18016a120,18016aa1e
\Sql\Picasso\engine\src\imbi\storage\xmimbihashMT.cxx,0x223,XMMultiThreadedHashTest::MTLookupInsertThread,FUN_18017ed30,18017ed30,18017f509
\Sql\Picasso\engine\src\imbi\storage\xmimbihashMT.cxx,0x93,XMMultiThreadedHashTest::RunBasicTests,FUN_18017dd70,18017dd70,1.80E+21
\Sql\Picasso\engine\src\imbi\storage\xmimbihashMT.cxx,0x95,XMMultiThreadedHashTest::RunBasicTests,FUN_18017dd70,18017dd70,1.80E+21
\Sql\Picasso\engine\src\imbi\storage\xmimbihashMT.cxx,0x82,XMMultiThreadedHashTest::RunBasicTests,FUN_18017dd70,18017dd70,1.80E+21
\Sql\Picasso\engine\src\imbi\storage\xmimbihashMT.cxx,0x127,XMMultiThreadedHashTest::RunMaskSpinLockTests,FUN_18017e5d0,18017e5d0,18017e731
\Sql\Picasso\engine\src\imbi\storage\xmimbihashMT.cxx,0xb0,XMMultiThreadedHashTest::RunResizeTests,FUN_18017e160,1.80E+164,18017e31a
\Sql\Picasso\engine\src\imbi\storage\xmimbihashMT.cxx,0xb1,XMMultiThreadedHashTest::RunResizeTests,FUN_18017e160,1.80E+164,18017e31a
\Sql\Picasso\engine\src\imbi\storage\xmimbihashMT.cxx,0xb8,XMMultiThreadedHashTest::RunResizeTests,FUN_18017e160,1.80E+164,18017e31a
\Sql\Picasso\engine\src\imbi\storage\xmimbihashMT.cxx,0xb9,XMMultiThreadedHashTest::RunResizeTests,FUN_18017e160,1.80E+164,18017e31a
\Sql\Picasso\engine\src\imbi\storage\xmimbihashMT.cxx,0xbf,XMMultiThreadedHashTest::RunResizeTests,FUN_18017e160,1.80E+164,18017e31a
\Sql\Picasso\engine\src\imbi\storage\xmimbihashMT.cxx,0xc0,XMMultiThreadedHashTest::RunResizeTests,FUN_18017e160,1.80E+164,18017e31a
\Sql\Picasso\engine\src\imbi\storage\xmimbihashMT.cxx,0xca,XMMultiThreadedHashTest::RunResizeTests,FUN_18017e160,1.80E+164,18017e31a
\Sql\Picasso\engine\src\imbi\storage\xmimbihashMT.cxx,0xcb,XMMultiThreadedHashTest::RunResizeTests,FUN_18017e160,1.80E+164,18017e31a
\Sql\Picasso\engine\src\imbi\storage\xmimbihashMT.cxx,0x127,,FUN_18017e5d0,18017e5d0,18017e731
\Sql\Picasso\engine\src\imbi\storage\xmimbihuffman.cxx,0x609,XMIMBIHuffmanTest::RunIntegrationDecodeTest,FUN_18018a330,18018a330,18018aaac
\Sql\Picasso\engine\src\imbi\storage\xmimbihuffman.cxx,0x620,XMIMBIHuffmanTest::RunIntegrationDecodeTest,FUN_18018a330,18018a330,18018aaac
\Sql\Picasso\engine\src\imbi\storage\xmimbihuffman.cxx,0x609,XMIMBIHuffmanTest::RunIntegrationDecodeTest,FUN_18018a330,18018a330,18018aaac
\Sql\Picasso\engine\src\imbi\storage\xmimbihuffman.cxx,0x66e,,Catch@181089db0,181089db0,181089dca
\Sql\Picasso\engine\src\imbi\storage\xmimbihuffman.cxx,0x672,,Catch@181089dff,181089dff,1.81E+24
\Sql\Picasso\engine\src\imbi\storage\xmmetadata.inl,0x42,XMAutoAdjustObjectTxState<class XMIMetadataObject>::XMAutoAdjustObjectTxState,FUN_180030f90,180030f90,180031062
\Sql\Picasso\engine\src\imbi\storage\xmmetadata.inl,0x42,XMAutoAdjustObjectTxState<class XMIMetadataObject>::XMAutoAdjustObjectTxState,FUN_1800310c0,1800310c0,18003114e
\Sql\Picasso\engine\src\imbi\storage\xmmetadata.inl,0x42,,FUN_180030f90,180030f90,180031062
\Sql\Picasso\engine\src\imbi\storage\xmmetadata.inl,0x42,,FUN_1800310c0,1800310c0,18003114e
\Sql\Picasso\engine\src\imbi\storage\xmMTHash.inl,0x30d,XMConstDataIdTupleSet::ST_Insert,FUN_18017c6a0,18017c6a0,18017c719
\Sql\Picasso\engine\src\imbi\storage\xmMTHash.inl,0x30d,XMConstDataIdTupleSet::ST_Insert,FUN_18056e400,18056e400,18056e74f
\Sql\Picasso\engine\src\imbi\storage\xmMTHash.inl,0x30d,XMConstDataIdTupleSet::ST_Insert,FUN_180596b50,180596b50,180596c07
\Sql\Picasso\engine\src\imbi\storage\xmMTHash.inl,0xb9,XMHashBinVectorWithMTSafeBehavior<int *,FUN_180574bc0,180574bc0,180574c27
\Sql\Picasso\engine\src\imbi\storage\xmMTHash.inl,0xb9,XMHashBinVectorWithMTSafeBehavior<unsigned __int64,FUN_180576600,180576600,180576667
\Sql\Picasso\engine\src\imbi\storage\xmMTHash.inl,0xb9,XMHashBinVectorWithMTSafeBehavior<unsigned int,FUN_180180660,180180660,1801806c7
\Sql\Picasso\engine\src\imbi\storage\xmMTHash.inl,0xb9,XMHashBinVectorWithMTSafeBehavior<unsigned int,FUN_180576530,180576530,180576597
\Sql\Picasso\engine\src\imbi\storage\xmMTHash.inl,0x30d,,FUN_18017c6a0,18017c6a0,18017c719
\Sql\Picasso\engine\src\imbi\storage\xmMTHash.inl,0xb9,,FUN_180180660,180180660,1801806c7
\Sql\Picasso\engine\src\imbi\storage\xmMTHash.inl,0xb9,,FUN_180574bc0,180574bc0,180574c27
\Sql\Picasso\engine\src\imbi\storage\xmMTHash.inl,0xb9,,FUN_180576530,180576530,180576597
\Sql\Picasso\engine\src\imbi\storage\xmMTHash.inl,0xb9,,FUN_180576600,180576600,180576667
\Sql\Picasso\engine\src\imbi\storage\xmMTHash.inl,0x30d,,FUN_180596b50,180596b50,180596c07
\Sql\Picasso\engine\src\imbi\storage\xmnumadatamgr.cpp,0x14a,XMNumaDataManager::CalcIdealNumaNode,FUN_180109fb0,180109fb0,18010a3d5
\Sql\Picasso\engine\src\imbi\storage\xmnumadatamgr.cpp,0x31,XMNumaDataManager::Init,FUN_180109740,180109740,180109b55
\Sql\Picasso\engine\src\imbi\storage\xmnumadatamgr.cpp,0x32,XMNumaDataManager::Init,FUN_180109740,180109740,180109b55
\Sql\Picasso\engine\src\imbi\storage\xmrelationship.cpp,0xc6f,XMIRelationshipIndex::CreateJoinIndexResource,FUN_180213290,180213290,1802135ae
\Sql\Picasso\engine\src\imbi\storage\xmrelationship.cpp,0xc81,XMIRelationshipIndex::EnrollInVertiparquet,FUN_180213610,180213610,18021373f
\Sql\Picasso\engine\src\imbi\storage\xmrelationship.cpp,0xb24,XMRelationship::CheckConsistency,FUN_180211af0,180211af0,1802121f2
\Sql\Picasso\engine\src\imbi\storage\xmrelationship.cpp,0x996,XMRelationship::CreateRelationshipIndexInternal,FUN_1802100b0,1802100b0,1802116a7
\Sql\Picasso\engine\src\imbi\storage\xmrelationship.cpp,0x996,XMRelationship::CreateRelationshipIndexInternal,FUN_1802100b0,1802100b0,1802116a7
\Sql\Picasso\engine\src\imbi\storage\xmrelationship.cpp,0x9bf,XMRelationship::CreateRelationshipIndexInternal,FUN_1802100b0,1802100b0,1802116a7
\Sql\Picasso\engine\src\imbi\storage\xmrelationship.cpp,0x933,XMRelationship::CreateStorageArtifactsForTMUpgrade,FUN_18020f7a0,18020f7a0,18020fcbc
\Sql\Picasso\engine\src\imbi\storage\xmrelationship.cpp,0x953,XMRelationship::DeleteStorageArtifacts,FUN_18020fd10,18020fd10,18020feb8
\Sql\Picasso\engine\src\imbi\storage\xmrelationship.cpp,0x839,XMRelationship::GetReferencedColumn,FUN_18020e6e0,18020e6e0,18020e9b0
\Sql\Picasso\engine\src\imbi\storage\xmrelationship.cpp,0x84a,XMRelationship::GetReferencedColumn,FUN_18020e6e0,18020e6e0,18020e9b0
\Sql\Picasso\engine\src\imbi\storage\xmrelationship.cpp,0x88d,XMRelationship::OnMaterialize,FUN_18020eb70,18020eb70,18020f31f
\Sql\Picasso\engine\src\imbi\storage\xmrelationship.cpp,0xbcd,XMRelationship::ShallowCreateStorageArtifacts,FUN_180212820,180212820,180212996
\Sql\Picasso\engine\src\imbi\storage\xmrelationship.cpp,0xb9e,XMRelationship::SynchronizeRelationshipStorageInternal,FUN_18021b9c0,18021b9c0,18021bb3c
\Sql\Picasso\engine\src\imbi\storage\xmrelationship.cpp,0xb9e,XMRelationship::SynchronizeRelationshipStorageInternal,FUN_18021bba0,18021bba0,18021bd31
\Sql\Picasso\engine\src\imbi\storage\xmrelationship.cpp,0x35b,XMRelationshipIndexDenseDIDs_Base::DeleteSystemTables,FUN_18020aa20,18020aa20,18020aaad
\Sql\Picasso\engine\src\imbi\storage\xmrelationship.cpp,0x123,XMRelationshipIndexDenseDIDs_Base::Init,FUN_180207700,180207700,1802092b0
\Sql\Picasso\engine\src\imbi\storage\xmrelationship.cpp,0x14e,XMRelationshipIndexDenseDIDs_Base::Init,FUN_180207700,180207700,1802092b0
\Sql\Picasso\engine\src\imbi\storage\xmrelationship.cpp,0x166,XMRelationshipIndexDenseDIDs_Base::Init,FUN_180207700,180207700,1802092b0
\Sql\Picasso\engine\src\imbi\storage\xmrelationship.cpp,0x17c,XMRelationshipIndexDenseDIDs_Base::InitSerializationParameters,FUN_180209540,180209540,1802095f1
\Sql\Picasso\engine\src\imbi\storage\xmrelationship.cpp,0x221,XMRelationshipIndexDenseDIDs_Base::InitWrapper,FUN_180209890,180209890,180209d64
\Sql\Picasso\engine\src\imbi\storage\xmrelationship.cpp,0x3b3,XMRelationshipIndexDenseDIDs::CreateStorageArtifactsForTMUpgrade,FUN_18020adf0,18020adf0,18020b1d0
\Sql\Picasso\engine\src\imbi\storage\xmrelationship.cpp,0x3db,XMRelationshipIndexDenseDIDs::SynchronizeRelationshipIndexStorage,FUN_18020b230,18020b230,18020b29f
\Sql\Picasso\engine\src\imbi\storage\xmrelationship.cpp,0xcce,XMRelationshipIndexDenseDIDsConcurrentInserter::Initialize,FUN_180214160,180214160,1802156f9
\Sql\Picasso\engine\src\imbi\storage\xmrelationship.cpp,0xce7,XMRelationshipIndexDenseDIDsConcurrentInserter::ZSeqInsertNV,FUN_180215890,180215890,180215f05
\Sql\Picasso\engine\src\imbi\storage\xmrelationship.cpp,0x7d,XMRelationshipIndexSentinel::InitShallowCopy,FUN_180207290,180207290,180207294
\Sql\Picasso\engine\src\imbi\storage\xmrelationship.cpp,0x772,XMRelationshipIndexSparseDIDs::CreateStorageArtifactsForTMUpgrade,FUN_18020de00,18020de00,18020de41
\Sql\Picasso\engine\src\imbi\storage\xmrelationship.cpp,0x626,XMRelationshipIndexSparseDIDs::InitSparseRelIndex,FUN_18020cdb0,18020cdb0,18020cefe
\Sql\Picasso\engine\src\imbi\storage\xmrelationship.cpp,0x563,XMRelationshipMMIndexDenseDIDs::CreateStorageArtifactsForTMUpgrade,FUN_18020be20,18020be20,18020be24
\Sql\Picasso\engine\src\imbi\storage\xmrelationship.cpp,0x5e0,XMRelationshipMMIndexDenseDIDs::DeleteSystemTables,FUN_18020ca70,18020ca70,18020ca74
\Sql\Picasso\engine\src\imbi\storage\xmrelationship.cpp,0x558,XMRelationshipMMIndexDenseDIDs::InitShallowCopy,FUN_18020bdc0,18020bdc0,18020bdc4
\Sql\Picasso\engine\src\imbi\storage\xmrelationship.cpp,0x575,XMRelationshipMMIndexDenseDIDs::SynchronizeRelationshipIndexStorage,FUN_18020be80,18020be80,18020bfbd
\Sql\Picasso\engine\src\imbi\storage\xmrelationship.cpp,0x582,XMRelationshipMMIndexDenseDIDs::SynchronizeRelationshipIndexStorage,FUN_18020be80,18020be80,18020bfbd
\Sql\Picasso\engine\src\imbi\storage\xmrelationship.cpp,0x590,XMRelationshipMMIndexDenseDIDs::SynchronizeRelationshipIndexStorageForTMUpgrade,FUN_18020c070,18020c070,18020c074
\Sql\Picasso\engine\src\imbi\storage\xmrelationship.cpp,0x7d,,FUN_180207290,180207290,180207294
\Sql\Picasso\engine\src\imbi\storage\xmrelationship.cpp,0x17c,,FUN_180209540,180209540,1802095f1
\Sql\Picasso\engine\src\imbi\storage\xmrelationship.cpp,0x26b,,FUN_180209fd0,180209fd0,18020a3aa
\Sql\Picasso\engine\src\imbi\storage\xmrelationship.cpp,0x2e0,,FUN_18020a4f0,18020a4f0,18020a664
\Sql\Picasso\engine\src\imbi\storage\xmrelationship.cpp,0x2f5,,FUN_18020a6c0,18020a6c0,18020a6fa
\Sql\Picasso\engine\src\imbi\storage\xmrelationship.cpp,0x2fb,,FUN_18020a6c0,18020a6c0,18020a6fa
\Sql\Picasso\engine\src\imbi\storage\xmrelationship.cpp,0x2f5,,FUN_18020bb30,18020bb30,18020bbab
\Sql\Picasso\engine\src\imbi\storage\xmrelationship.cpp,0x2fb,,FUN_18020bb30,18020bb30,18020bbab
\Sql\Picasso\engine\src\imbi\storage\xmrelationship.cpp,0x558,,FUN_18020bdc0,18020bdc0,18020bdc4
\Sql\Picasso\engine\src\imbi\storage\xmrelationship.cpp,0x563,,FUN_18020be20,18020be20,18020be24
\Sql\Picasso\engine\src\imbi\storage\xmrelationship.cpp,0x590,,FUN_18020c070,18020c070,18020c074
\Sql\Picasso\engine\src\imbi\storage\xmrelationship.cpp,0x5e0,,FUN_18020ca70,18020ca70,18020ca74
\Sql\Picasso\engine\src\imbi\storage\xmrelationship.cpp,0x626,,FUN_18020cdb0,18020cdb0,18020cefe
\Sql\Picasso\engine\src\imbi\storage\xmrelationship.cpp,0xc81,,FUN_180213610,180213610,18021373f
\Sql\Picasso\engine\src\imbi\storage\xmrelationship.cpp,0xce7,,FUN_180215890,180215890,180215f05
\Sql\Picasso\engine\src\imbi\storage\xmrelationship.inl,0x1c5,XMRelationship::TraverseSerializableObjects,FUN_1802c4870,1802c4870,1802c4bb5
\Sql\Picasso\engine\src\imbi\storage\xmrelationship.inl,0x1c5,XMRelationship::TraverseSerializableObjects,FUN_180f6a490,180f6a490,180f6a7f3
\Sql\Picasso\engine\src\imbi\storage\xmrelationship.inl,0x1c5,XMRelationship::TraverseSerializableObjects,FUN_180f6a850,180f6a850,180f6abb3
\Sql\Picasso\engine\src\imbi\storage\xmrelationship.inl,0x1c5,XMRelationship::TraverseSerializableObjects,FUN_180f6aee0,180f6aee0,180f6b243
\Sql\Picasso\engine\src\imbi\storage\xmrelationship.inl,0x1c5,XMRelationship::TraverseSerializableObjects,FUN_180f6b2a0,180f6b2a0,180f6b603
\Sql\Picasso\engine\src\imbi\storage\xmrelationship.inl,0x1c5,XMRelationship::TraverseSerializableObjects,FUN_180f6d740,180f6d740,180f6d930
\Sql\Picasso\engine\src\imbi\storage\xmrelationship.inl,0x31,XMRelationshipIndexDenseDIDs_Base::InsertNV,FUN_1803ab780,1803ab780,1803abce2
\Sql\Picasso\engine\src\imbi\storage\xmrelationship.inl,0x31,XMRelationshipIndexDenseDIDs_Base::InsertNV,FUN_1803b0a30,1803b0a30,1803b1270
\Sql\Picasso\engine\src\imbi\storage\xmrelationship.inl,0x6a,XMRelationshipIndexDenseDIDs_Base::UntestedLookupNVRaw,FUN_180462370,180462370,180464cd1
\Sql\Picasso\engine\src\imbi\storage\xmrelationship.inl,0x1d5,XMRelationshipIndexDenseDIDsConcurrentInserter::InsertNV,FUN_180382da0,180382da0,180383611
\Sql\Picasso\engine\src\imbi\storage\xmrelationship.inl,0x1d5,XMRelationshipIndexDenseDIDsConcurrentInserter::InsertNV,FUN_1803aac40,1803aac40,1803ab510
\Sql\Picasso\engine\src\imbi\storage\xmrelationship.inl,0x1c5,,FUN_1802c4870,1802c4870,1802c4bb5
\Sql\Picasso\engine\src\imbi\storage\xmrelationship.inl,0x1d5,,FUN_180382da0,180382da0,180383611
\Sql\Picasso\engine\src\imbi\storage\xmrelationship.inl,0x1d5,,FUN_1803aac40,1803aac40,1803ab510
\Sql\Picasso\engine\src\imbi\storage\xmrelationship.inl,0x31,,FUN_1803ab780,1803ab780,1803abce2
\Sql\Picasso\engine\src\imbi\storage\xmrelationship.inl,0x31,,FUN_1803b0a30,1803b0a30,1803b1270
\Sql\Picasso\engine\src\imbi\storage\xmrelationship.inl,0x6a,,FUN_180462370,180462370,180464cd1
\Sql\Picasso\engine\src\imbi\storage\xmrelationship.inl,0x1c5,,FUN_180f6a490,180f6a490,180f6a7f3
\Sql\Picasso\engine\src\imbi\storage\xmrelationship.inl,0x1c5,,FUN_180f6a850,180f6a850,180f6abb3
\Sql\Picasso\engine\src\imbi\storage\xmrelationship.inl,0x1c5,,FUN_180f6aee0,180f6aee0,180f6b243
\Sql\Picasso\engine\src\imbi\storage\xmrelationship.inl,0x1c5,,FUN_180f6b2a0,180f6b2a0,180f6b603
\Sql\Picasso\engine\src\imbi\storage\xmserialize.cpp,0x282,PFXMSerializableDataObjectImpl::SetDataVersion,FUN_1801b7e70,1801b7e70,1801b7f15
\Sql\Picasso\engine\src\imbi\storage\xmserialize.cpp,0xa6,PFXMSerializableImpl::GetPropertyValue,FUN_1801b71a0,1801b71a0,1801b73e8
\Sql\Picasso\engine\src\imbi\storage\xmserialize.cpp,0x17d,PFXMSerializableImpl::SetObjectByName,FUN_1801b79f0,1801b79f0,1801b79f4
\Sql\Picasso\engine\src\imbi\storage\xmserialize.cpp,0xf8,PFXMSerializableImpl::SetPropertyValue,FUN_1801b7490,1801b7490,1801b75c4
\Sql\Picasso\engine\src\imbi\storage\xmserialize.cpp,0xa6,,FUN_1801b71a0,1801b71a0,1801b73e8
\Sql\Picasso\engine\src\imbi\storage\xmserialize.cpp,0xf8,,FUN_1801b7490,1801b7490,1801b75c4
\Sql\Picasso\engine\src\imbi\storage\xmserialize.cpp,0x17d,,FUN_1801b79f0,1801b79f0,1801b79f4
\Sql\Picasso\engine\src\imbi\storage\xmserialize.h,0x10b,PFXMSerializableDataObjectImpl::GetInMemoryReadStream,FUN_1800a85a0,1800a85a0,1800a85a4
\Sql\Picasso\engine\src\imbi\storage\xmserialize.h,0x10a,PFXMSerializableDataObjectImpl::GetReadStream,FUN_1800a8600,1800a8600,1800a8604
\Sql\Picasso\engine\src\imbi\storage\xmserialize.h,0xbb,PFXMSerializableImpl::Deserialize,FUN_180031510,180031510,180031514
\Sql\Picasso\engine\src\imbi\storage\xmserialize.h,0xc9,PFXMSerializableImpl::GetFileName,FUN_180031440,180031440,180031444
\Sql\Picasso\engine\src\imbi\storage\xmserialize.h,0xba,PFXMSerializableImpl::Serialize,FUN_1800314b0,1800314b0,1800314b4
\Sql\Picasso\engine\src\imbi\storage\xmserialize.h,0x76,PFXMSerializableImpl::SetDataObjectImplementationVersion,FUN_180031360,180031360,180031389
\Sql\Picasso\engine\src\imbi\storage\xmserialize.h,0x25d,XMDataObjectAccessorGeneric<class XMHashDataDictionary<__int64>,FUN_1801d9070,1801d9070,1801d9074
\Sql\Picasso\engine\src\imbi\storage\xmserialize.h,0x25d,XMDataObjectAccessorGeneric<class XMHashDataDictionary<class PFVariantBase *>,FUN_18022b840,18022b840,18022b844
\Sql\Picasso\engine\src\imbi\storage\xmserialize.h,0x25d,XMDataObjectAccessorGeneric<class XMHashDataDictionary<double>,FUN_1801d9350,1801d9350,1801d9354
\Sql\Picasso\engine\src\imbi\storage\xmserialize.h,0x25d,XMDataObjectAccessorGeneric<class XMHashDataDictionary<wchar_t *>,FUN_1801d8d30,1801d8d30,1801d8d34
\Sql\Picasso\engine\src\imbi\storage\xmserialize.h,0x25d,XMDataObjectAccessorGeneric<class XMRawColumnPartitionDataObject,FUN_180206340,180206340,180206344
\Sql\Picasso\engine\src\imbi\storage\xmserialize.h,0x25d,XMDataObjectAccessorGeneric<class XMRelationshipIndexSparseDIDs,FUN_180227bd0,180227bd0,180227bd4
\Sql\Picasso\engine\src\imbi\storage\xmserialize.h,0xc9,,FUN_180031440,180031440,180031444
\Sql\Picasso\engine\src\imbi\storage\xmserialize.h,0xba,,FUN_1800314b0,1800314b0,1800314b4
\Sql\Picasso\engine\src\imbi\storage\xmserialize.h,0xbb,,FUN_180031510,180031510,180031514
\Sql\Picasso\engine\src\imbi\storage\xmserialize.h,0x10b,,FUN_1800a85a0,1800a85a0,1800a85a4
\Sql\Picasso\engine\src\imbi\storage\xmserialize.h,0x10a,,FUN_1800a8600,1800a8600,1800a8604
\Sql\Picasso\engine\src\imbi\storage\xmserialize.h,0x25d,,FUN_1801d8d30,1801d8d30,1801d8d34
\Sql\Picasso\engine\src\imbi\storage\xmserialize.h,0x25d,,FUN_1801d9070,1801d9070,1801d9074
\Sql\Picasso\engine\src\imbi\storage\xmserialize.h,0x25d,,FUN_1801d9350,1801d9350,1801d9354
\Sql\Picasso\engine\src\imbi\storage\xmserialize.h,0x25d,,FUN_180206340,180206340,180206344
\Sql\Picasso\engine\src\imbi\storage\xmserialize.h,0x25d,,FUN_180227bd0,180227bd0,180227bd4
\Sql\Picasso\engine\src\imbi\storage\xmserialize.h,0x25d,,FUN_18022b840,18022b840,18022b844
\Sql\Picasso\engine\src\imbi\storage\xmserializetest.cxx,0x1a3,XMSerializeTest::PrepareComplexStorage,FUN_1801664b0,1801664b0,180166784
\Sql\Picasso\engine\src\imbi\storage\xmserializetest.cxx,0x1c1,XMSerializeTest::PrepareComplexStorage,FUN_1801664b0,1801664b0,180166784
\Sql\Picasso\engine\src\imbi\storage\xmserializetest.cxx,0xa7,XMSerializeTest::RunSerializerTests,FUN_180165c50,180165c50,18016601f
\Sql\Picasso\engine\src\imbi\storage\xmserializetest.cxx,0xaa,XMSerializeTest::RunSerializerTests,FUN_180165c50,180165c50,18016601f
\Sql\Picasso\engine\src\imbi\storage\xmserializetest.cxx,0xaa,XMSerializeTest::RunSerializerTests,FUN_1801660d0,1801660d0,1801661ef
\Sql\Picasso\engine\src\imbi\storage\xmserializetest.cxx,0xa7,XMSerializeTest::RunSerializerTests,FUN_1801660d0,1801660d0,1801661ef
\Sql\Picasso\engine\src\imbi\storage\xmserializetest.hxx,0x6e,XMSimpleXMLWriter::LeafElem,FUN_1801652f0,1801652f0,180165440
\Sql\Picasso\engine\src\imbi\storage\xmserializetest.hxx,0x6e,,FUN_1801652f0,1801652f0,180165440
\Sql\Picasso\engine\src\imbi\storage\xmss.cpp,0x6d1,XMRawColumnPartitionDataObject::SegmentMetadataDataObjectAccessor::Deserialize,FUN_180284b80,180284b80,180284b84
\Sql\Picasso\engine\src\imbi\storage\xmss.cpp,0x673,XMRelationshipIndexDenseDIDs_Base::Deserialize,FUN_1802847f0,1802847f0,1802847f4
\Sql\Picasso\engine\src\imbi\storage\xmss.cpp,0x668,XMRelationshipIndexDenseDIDs_Base::Serialize,FUN_180284790,180284790,180284794
\Sql\Picasso\engine\src\imbi\storage\xmss.cpp,0x375,XMStreamDeserializer::DeserializeHashBinVector,FUN_180287ba0,180287ba0,180287dd7
\Sql\Picasso\engine\src\imbi\storage\xmss.cpp,0x33f,XMStreamDeserializer::DeserializeHashBinVector,FUN_180287e90,1.80E+95,180288403
\Sql\Picasso\engine\src\imbi\storage\xmss.cpp,0x375,XMStreamDeserializer::DeserializeHashBinVector,FUN_180287e90,1.80E+95,180288403
\Sql\Picasso\engine\src\imbi\storage\xmss.cpp,0x375,XMStreamDeserializer::DeserializeHashBinVector,FUN_1802885a0,1802885a0,1802887d7
\Sql\Picasso\engine\src\imbi\storage\xmss.cpp,0x33f,XMStreamDeserializer::DeserializeHashBinVector,FUN_180288890,180288890,180288dc0
\Sql\Picasso\engine\src\imbi\storage\xmss.cpp,0x375,XMStreamDeserializer::DeserializeHashBinVector,FUN_180288890,180288890,180288dc0
\Sql\Picasso\engine\src\imbi\storage\xmss.cpp,0x7ed,XMStreamSerializer::SerializeColumnSegmentDataOffsetInfo,FUN_180285dd0,180285dd0,18028604e
\Sql\Picasso\engine\src\imbi\storage\xmss.cpp,0x7d1,XMStreamSerializer::SerializeFields,FUN_180285920,180285920,180285d6c
\Sql\Picasso\engine\src\imbi\storage\xmss.cpp,0x16c,XMStreamSerializer::SerializeStringStorePage,FUN_180281120,180281120,1802813bf
\Sql\Picasso\engine\src\imbi\storage\xmss.cpp,0x111,XMStreamSerializer::SerializeVector,FUN_180281450,180281450,1802815f1
\Sql\Picasso\engine\src\imbi\storage\xmss.cpp,0x111,XMStreamSerializer::SerializeVector,FUN_180281800,180281800,180281a0d
\Sql\Picasso\engine\src\imbi\storage\xmss.cpp,0x111,XMStreamSerializer::SerializeVector,FUN_180281ab0,180281ab0,180281dfe
\Sql\Picasso\engine\src\imbi\storage\xmss.cpp,0x111,XMStreamSerializer::SerializeVector,FUN_180287050,180287050,180287112
\Sql\Picasso\engine\src\imbi\storage\xmss.cpp,0x668,,FUN_180284790,180284790,180284794
\Sql\Picasso\engine\src\imbi\storage\xmss.cpp,0x673,,FUN_1802847f0,1802847f0,1802847f4
\Sql\Picasso\engine\src\imbi\storage\xmss.cpp,0x6d1,,FUN_180284b80,180284b80,180284b84
\Sql\Picasso\engine\src\imbi\storage\xmstghelpers.cpp,0x87,XMTableHelper::ClearAllData,FUN_180278210,180278210,1802784b6
\Sql\Picasso\engine\src\imbi\storage\xmstghelpers.cpp,0x42,XMTableHelper::ClearPartitionData,FUN_180277cd0,180277cd0,180278166
\Sql\Picasso\engine\src\imbi\storage\xmstghelpers.cpp,0x45,XMTableHelper::ClearPartitionData,FUN_180277cd0,180277cd0,180278166
\Sql\Picasso\engine\src\imbi\storage\xmstghelpers.cpp,0x4b,XMTableHelper::ClearPartitionData,FUN_180277cd0,180277cd0,180278166
\Sql\Picasso\engine\src\imbi\storage\xmstghelpers.cpp,0x23,XMTableHelper::Init,FUN_180277bc0,180277bc0,180277c67
\Sql\Picasso\engine\src\imbi\storage\xmstghelpers.cpp,0x24,XMTableHelper::Init,FUN_180277bc0,180277bc0,180277c67
\Sql\Picasso\engine\src\imbi\storage\xmstghelpers.cpp,0x11f,XMTableHelper::NullColumnData,FUN_180278a60,180278a60,180278da1
\Sql\Picasso\engine\src\imbi\storage\xmstghelpers.cpp,0x120,XMTableHelper::NullColumnData,FUN_180278a60,180278a60,180278da1
\Sql\Picasso\engine\src\imbi\storage\xmstghelpers.cpp,0x127,XMTableHelper::NullColumnData,FUN_180278a60,180278a60,180278da1
\Sql\Picasso\engine\src\imbi\storage\xmstghelpers.cpp,0xc4,XMTableHelper::NullPartitionColumnData,FUN_180278510,180278510,1802788fb
\Sql\Picasso\engine\src\imbi\storage\xmstghelpers.cpp,199,XMTableHelper::NullPartitionColumnData,FUN_180278510,180278510,1802788fb
\Sql\Picasso\engine\src\imbi\storage\xmstghelpers.cpp,0xca,XMTableHelper::NullPartitionColumnData,FUN_180278510,180278510,1802788fb
\Sql\Picasso\engine\src\imbi\storage\xmstghelpers.cpp,0xcb,XMTableHelper::NullPartitionColumnData,FUN_180278510,180278510,1802788fb
\Sql\Picasso\engine\src\imbi\storage\xmstghelpers.cpp,0x14d,XMTableHelper::RecreateColumnSegments,FUN_180f56890,180f56890,180f56a49
\Sql\Picasso\engine\src\imbi\storage\xmstghelpers.cpp,0x23,,FUN_180277bc0,180277bc0,180277c67
\Sql\Picasso\engine\src\imbi\storage\xmstringindex.cpp,0x297,XMStringIndexRegistry::CreateStringIndexRegistry,FUN_180016c20,180016c20,180017430
\Sql\Picasso\engine\src\imbi\storage\xmstringindex.cpp,0x3f,,FUN_180100eb0,180100eb0,180100f35
\Sql\Picasso\engine\src\imbi\storage\xmstrstore.cpp,0x2ac,XMStringStore::StoreString,FUN_180246b10,180246b10,180246d10
\Sql\Picasso\engine\src\imbi\storage\xmstrstore.cpp,0x11c,XMStringStorePage::Compress,FUN_180245ae0,180245ae0,1802461f8
\Sql\Picasso\engine\src\imbi\storage\xmstrstore.cpp,0xce,XMStringStorePage::InitBlobStore_DecideOnCompression,FUN_180245800,180245800,180245a2c
\Sql\Picasso\engine\src\imbi\storage\xmstrstore.cpp,0xcf,XMStringStorePage::InitBlobStore_DecideOnCompression,FUN_180245800,180245800,180245a2c
\Sql\Picasso\engine\src\imbi\storage\xmstrstore.cpp,0x92,XMStringStorePage::StoreStringOnPage,FUN_180245660,180245660,18024579a
\Sql\Picasso\engine\src\imbi\storage\xmstrstore.cpp,0x97,XMStringStorePage::StoreStringOnPage,FUN_180245660,180245660,18024579a
\Sql\Picasso\engine\src\imbi\storage\xmstrstore.cpp,0x97,,FUN_180245660,180245660,18024579a
\Sql\Picasso\engine\src\imbi\storage\xmstrstore.cpp,0x1ce,,FUN_180246440,180246440,1802465bb
\Sql\Picasso\engine\src\imbi\storage\xmstrstore.cpp,0x1e7,,FUN_180246440,180246440,1802465bb
\Sql\Picasso\engine\src\imbi\storage\xmstrstore.cpp,0x200,,FUN_180246440,180246440,1802465bb
\Sql\Picasso\engine\src\imbi\storage\xmtable.cpp,0x1334,XMCompareStoragePosition<class TMIRPColumnStorage>::Compare,FUN_1801a8b00,1801a8b00,1801a8b04
\Sql\Picasso\engine\src\imbi\storage\xmtable.cpp,0x1334,XMCompareStoragePosition<class TMIRPPartitionStorage>::Compare,FUN_1801a8aa0,1801a8aa0,1801a8aa4
\Sql\Picasso\engine\src\imbi\storage\xmtable.cpp,0x1904,XMMultiPartSegmentMap::RemovePartitionSegmentMap,FUN_1801a67f0,1801a67f0,1801a689c
\Sql\Picasso\engine\src\imbi\storage\xmtable.cpp,0x18f3,XMMultiPartSegmentMap::SetPartitionSegmentMap,FUN_1801a6720,1801a6720,1801a678d
\Sql\Picasso\engine\src\imbi\storage\xmtable.cpp,0x848,XMPartition::CheckConsistency,FUN_1801983f0,1801983f0,1801984a1
\Sql\Picasso\engine\src\imbi\storage\xmtable.cpp,0x84c,XMPartition::CheckConsistency,FUN_1801983f0,1801983f0,1801984a1
\Sql\Picasso\engine\src\imbi\storage\xmtable.cpp,0x850,XMPartition::CheckConsistency,FUN_1801983f0,1801983f0,1801984a1
\Sql\Picasso\engine\src\imbi\storage\xmtable.cpp,0xaec,XMPartition::DeltaColumnPrimitiveType,FUN_18019c930,18019c930,18019c99b
\Sql\Picasso\engine\src\imbi\storage\xmtable.cpp,0xb8a,XMPartition::LoadDeltaTableMetadata,FUN_18019d480,18019d480,18019d8a7
\Sql\Picasso\engine\src\imbi\storage\xmtable.cpp,0xb9b,XMPartition::LoadDeltaTableMetadata,FUN_18019d480,18019d480,18019d8a7
\Sql\Picasso\engine\src\imbi\storage\xmtable.cpp,0x8a5,XMPartition::LoadPartitionUpdateMultipartSM,FUN_180198740,180198740,180198eca
\Sql\Picasso\engine\src\imbi\storage\xmtable.cpp,0x8aa,XMPartition::LoadPartitionUpdateMultipartSM,FUN_180198740,180198740,180198eca
\Sql\Picasso\engine\src\imbi\storage\xmtable.cpp,0x869,XMPartition::PersistPartition,FUN_1801985b0,1801985b0,1801986dc
\Sql\Picasso\engine\src\imbi\storage\xmtable.cpp,0x820,XMPartition::PropagateStatesForTMUpgrade,FUN_180197e90,1.80E+95,180198324
\Sql\Picasso\engine\src\imbi\storage\xmtable.cpp,0x7b0,XMPartition::ShallowCreateStorageArtifacts,FUN_180197c80,180197c80,1.80E+38
\Sql\Picasso\engine\src\imbi\storage\xmtable.cpp,0x6b2,XMSchema::CheckConsistency,FUN_180196330,180196330,18019634d
\Sql\Picasso\engine\src\imbi\storage\xmtable.cpp,0x621,XMSchema::EditTable,FUN_1801956c0,1801956c0,180195f05
\Sql\Picasso\engine\src\imbi\storage\xmtable.cpp,0x4a0,XMSchema::PrepareMasterTablesVector,FUN_1801942b0,1801942b0,18019469c
\Sql\Picasso\engine\src\imbi\storage\xmtable.cpp,0x1b72,XMSchema::UpsertIncrementalFramingInfoForTable,FUN_1801a80e0,1801a80e0,1801a8333
\Sql\Picasso\engine\src\imbi\storage\xmtable.cpp,0x464,XMSchema::ValidateColumnSegmentsMatchPartitions,FUN_180194000,180194000,18019424e
\Sql\Picasso\engine\src\imbi\storage\xmtable.cpp,0x1a9d,XMSegment1Map::DeserializeFields,FUN_1801a7400,1801a7400,1801a7472
\Sql\Picasso\engine\src\imbi\storage\xmtable.cpp,0x17d6,XMSegmentEqualMapEx<class XMSegmentEqualMap_ComplexInstantiation>::DeserializeFields,FUN_1801aafb0,1801aafb0,1801ab002
\Sql\Picasso\engine\src\imbi\storage\xmtable.cpp,0x16cc,XMSegmentEqualMapEx<class XMSegmentEqualMap_FastInstantiation>::ComputeBitsForShift,FUN_1801aac80,1801aac80,1801aad0a
\Sql\Picasso\engine\src\imbi\storage\xmtable.cpp,0x16d4,XMSegmentEqualMapEx<class XMSegmentEqualMap_FastInstantiation>::ComputeBitsForShift,FUN_1801aac80,1801aac80,1801aad0a
\Sql\Picasso\engine\src\imbi\storage\xmtable.cpp,0x17d2,XMSegmentEqualMapEx<class XMSegmentEqualMap_FastInstantiation>::DeserializeFields,FUN_1801aaac0,1801aaac0,1801aab1a
\Sql\Picasso\engine\src\imbi\storage\xmtable.cpp,0xd8c,XMSimpleTable::AddRelationship,FUN_18019f0b0,18019f0b0,18019f306
\Sql\Picasso\engine\src\imbi\storage\xmtable.cpp,0xd8f,XMSimpleTable::AddRelationship,FUN_18019f0b0,18019f0b0,18019f306
\Sql\Picasso\engine\src\imbi\storage\xmtable.cpp,0xd90,XMSimpleTable::AddRelationship,FUN_18019f0b0,18019f0b0,18019f306
\Sql\Picasso\engine\src\imbi\storage\xmtable.cpp,0xda0,XMSimpleTable::AddRelationship,FUN_18019f0b0,18019f0b0,18019f306
\Sql\Picasso\engine\src\imbi\storage\xmtable.cpp,0x11ff,XMSimpleTable::CheckConsistency,FUN_1801a10a0,1801a10a0,1801a1142
\Sql\Picasso\engine\src\imbi\storage\xmtable.cpp,0x10b1,XMSimpleTable::ComputeStats,FUN_1801a0800,1801a0800,1801a082f
\Sql\Picasso\engine\src\imbi\storage\xmtable.cpp,0x1581,XMSimpleTable::CreateStorageArtifactsForTMUpgradeTable,FUN_1801a4fc0,1801a4fc0,1801a5b35
\Sql\Picasso\engine\src\imbi\storage\xmtable.cpp,0x1484,XMSimpleTable::CreateTablePartitionsAndMultipartSM,FUN_1801a34b0,1801a34b0,1801a3f2d
\Sql\Picasso\engine\src\imbi\storage\xmtable.cpp,0xedf,XMSimpleTable::DeleteColumnPartitionStorageObjects,FUN_18019fdc0,18019fdc0,18019ff3a
\Sql\Picasso\engine\src\imbi\storage\xmtable.cpp,0xe33,XMSimpleTable::DeletePartition,FUN_18019f780,18019f780,18019f8d3
\Sql\Picasso\engine\src\imbi\storage\xmtable.cpp,0xe86,XMSimpleTable::InstantiateColumnPartitionStorageObjects,FUN_1800522a0,1800522a0,180052bcc
\Sql\Picasso\engine\src\imbi\storage\xmtable.cpp,0x1448,XMSimpleTable::LoadTableColumnsCompleted,FUN_1801a3160,1801a3160,1801a3446
\Sql\Picasso\engine\src\imbi\storage\xmtable.cpp,0x1152,XMSimpleTable::SetObjectByName,FUN_1801a0b70,1801a0b70,1801a0bfc
\Sql\Picasso\engine\src\imbi\storage\xmtable.cpp,0x12fc,XMSimpleTable::UpdateStoragePositions,FUN_1801a1e60,1801a1e60,1801a1f8f
\Sql\Picasso\engine\src\imbi\storage\xmtable.cpp,0xea4,XMSimpleTable::ValidateColumnPartitionIds,FUN_18019fa90,18019fa90,18019fb82
\Sql\Picasso\engine\src\imbi\storage\xmtable.cpp,0x39,XMTableObjectHelpers::SetIndicatorToSkipSerialization,FUN_180190ec0,180190ec0,180190edc
\Sql\Picasso\engine\src\imbi\storage\xmtable.cpp,0xa9c,,Catch@18108c865,18108c865,18108c895
\Sql\Picasso\engine\src\imbi\storage\xmtable.cpp,0x39,,FUN_180190ec0,180190ec0,180190edc
\Sql\Picasso\engine\src\imbi\storage\xmtable.cpp,0x6b2,,FUN_180196330,180196330,18019634d
\Sql\Picasso\engine\src\imbi\storage\xmtable.cpp,0xab7,,FUN_18019c1d0,18019c1d0,18019c24e
\Sql\Picasso\engine\src\imbi\storage\xmtable.cpp,0x10b1,,FUN_1801a0800,1801a0800,1801a082f
\Sql\Picasso\engine\src\imbi\storage\xmtable.cpp,0x107f,,FUN_1801a0800,1801a0800,1801a082f
\Sql\Picasso\engine\src\imbi\storage\xmtable.cpp,0x1152,,FUN_1801a0b70,1801a0b70,1801a0bfc
\Sql\Picasso\engine\src\imbi\storage\xmtable.cpp,0x11ff,,FUN_1801a10a0,1801a10a0,1801a1142
\Sql\Picasso\engine\src\imbi\storage\xmtable.cpp,0x1bb5,,FUN_1801a86a0,1801a86a0,1801a875b
\Sql\Picasso\engine\src\imbi\storage\xmtable.cpp,0x1334,,FUN_1801a8aa0,1801a8aa0,1801a8aa4
\Sql\Picasso\engine\src\imbi\storage\xmtable.cpp,0x1334,,FUN_1801a8b00,1801a8b00,1801a8b04
\Sql\Picasso\engine\src\imbi\storage\xmtable.cpp,0x16cc,,FUN_1801aac80,1801aac80,1801aad0a
\Sql\Picasso\engine\src\imbi\storage\xmtable.hpp,0x405,PFIMBIDataAllocatorWrapper::MemoryHolder,FUN_180049f80,180049f80,180049f95
\Sql\Picasso\engine\src\imbi\storage\xmtable.hpp,1099,XMMultiPartSegmentMap::AddSegment,FUN_1801b5a20,1801b5a20,1801b5a24
\Sql\Picasso\engine\src\imbi\storage\xmtable.hpp,0x44f,XMMultiPartSegmentMap::DeserializeFields,FUN_1801b5b40,1801b5b40,1801b5b44
\Sql\Picasso\engine\src\imbi\storage\xmtable.hpp,0x44e,XMMultiPartSegmentMap::SerializeFields,FUN_1801b5ae0,1801b5ae0,1801b5ae4
\Sql\Picasso\engine\src\imbi\storage\xmtable.hpp,0x44c,XMMultiPartSegmentMap::SetLastSegmentRecordCount,FUN_1801b5a80,1801b5a80,1801b5a84
\Sql\Picasso\engine\src\imbi\storage\xmtable.hpp,0x514,XMSegment1Map::AddSegment,FUN_180163fe0,180163fe0,180163fe4
\Sql\Picasso\engine\src\imbi\storage\xmtable.hpp,0x49e,XMSegmentGeneralMap::SetLastSegmentRecordCount,FUN_1801b3fd0,1801b3fd0,1801b3fd4
\Sql\Picasso\engine\src\imbi\storage\xmtable.hpp,0x405,,FUN_180049f80,180049f80,180049f95
\Sql\Picasso\engine\src\imbi\storage\xmtable.hpp,0x514,,FUN_180163fe0,180163fe0,180163fe4
\Sql\Picasso\engine\src\imbi\storage\xmtable.hpp,0x49e,,FUN_1801b3fd0,1801b3fd0,1801b3fd4
\Sql\Picasso\engine\src\imbi\storage\xmtable.hpp,1099,,FUN_1801b5a20,1801b5a20,1801b5a24
\Sql\Picasso\engine\src\imbi\storage\xmtable.hpp,0x44c,,FUN_1801b5a80,1801b5a80,1801b5a84
\Sql\Picasso\engine\src\imbi\storage\xmtable.hpp,0x44e,,FUN_1801b5ae0,1801b5ae0,1801b5ae4
\Sql\Picasso\engine\src\imbi\storage\xmtable.hpp,0x44f,,FUN_1801b5b40,1801b5b40,1801b5b44
\Sql\Picasso\engine\src\imbi\storage\xmtable.inl,0x20f,Counts::Add,FUN_1801b5710,1801b5710,1801b573b
\Sql\Picasso\engine\src\imbi\storage\xmtable.inl,0x144,XMSimpleTable::TraverseSerializableObjects,FUN_1802c4870,1802c4870,1802c4a5d
\Sql\Picasso\engine\src\imbi\storage\xmtable.inl,0x14c,XMSimpleTable::TraverseSerializableObjects,FUN_1802c4870,1802c4870,1802c4a5d
\Sql\Picasso\engine\src\imbi\storage\xmtable.inl,0x154,XMSimpleTable::TraverseSerializableObjects,FUN_1802c4870,1802c4870,1802c4a5d
\Sql\Picasso\engine\src\imbi\storage\xmtable.inl,0x144,XMSimpleTable::TraverseSerializableObjects,FUN_180f6a490,180f6a490,180f6a69b
\Sql\Picasso\engine\src\imbi\storage\xmtable.inl,0x14c,XMSimpleTable::TraverseSerializableObjects,FUN_180f6a490,180f6a490,180f6a69b
\Sql\Picasso\engine\src\imbi\storage\xmtable.inl,0x154,XMSimpleTable::TraverseSerializableObjects,FUN_180f6a490,180f6a490,180f6a69b
\Sql\Picasso\engine\src\imbi\storage\xmtable.inl,0x144,XMSimpleTable::TraverseSerializableObjects,FUN_180f6a850,180f6a850,180f6aa5b
\Sql\Picasso\engine\src\imbi\storage\xmtable.inl,0x14c,XMSimpleTable::TraverseSerializableObjects,FUN_180f6a850,180f6a850,180f6aa5b
\Sql\Picasso\engine\src\imbi\storage\xmtable.inl,0x154,XMSimpleTable::TraverseSerializableObjects,FUN_180f6a850,180f6a850,180f6aa5b
\Sql\Picasso\engine\src\imbi\storage\xmtable.inl,0x144,XMSimpleTable::TraverseSerializableObjects,FUN_180f6ac10,180f6ac10,180f6ad82
\Sql\Picasso\engine\src\imbi\storage\xmtable.inl,0x14c,XMSimpleTable::TraverseSerializableObjects,FUN_180f6ac10,180f6ac10,180f6ad82
\Sql\Picasso\engine\src\imbi\storage\xmtable.inl,0x154,XMSimpleTable::TraverseSerializableObjects,FUN_180f6ac10,180f6ac10,180f6ad82
\Sql\Picasso\engine\src\imbi\storage\xmtable.inl,0x144,XMSimpleTable::TraverseSerializableObjects,FUN_180f6aee0,180f6aee0,180f6b0eb
\Sql\Picasso\engine\src\imbi\storage\xmtable.inl,0x14c,XMSimpleTable::TraverseSerializableObjects,FUN_180f6aee0,180f6aee0,180f6b0eb
\Sql\Picasso\engine\src\imbi\storage\xmtable.inl,0x154,XMSimpleTable::TraverseSerializableObjects,FUN_180f6aee0,180f6aee0,180f6b0eb
\Sql\Picasso\engine\src\imbi\storage\xmtable.inl,0x144,XMSimpleTable::TraverseSerializableObjects,FUN_180f6b2a0,180f6b2a0,180f6b4ab
\Sql\Picasso\engine\src\imbi\storage\xmtable.inl,0x14c,XMSimpleTable::TraverseSerializableObjects,FUN_180f6b2a0,180f6b2a0,180f6b4ab
\Sql\Picasso\engine\src\imbi\storage\xmtable.inl,0x154,XMSimpleTable::TraverseSerializableObjects,FUN_180f6b2a0,180f6b2a0,180f6b4ab
\Sql\Picasso\engine\src\imbi\storage\xmtable.inl,0x20f,,FUN_1801b5710,1801b5710,1801b573b
\Sql\Picasso\engine\src\imbi\storage\xmtokenstore.cpp,0x2a,XMTokenizationStore::Init,FUN_180fd7690,180fd7690,180fd79ac
\Sql\Picasso\engine\src\imbi\storage\xmvaluedictionarywrapper.hpp,0x27,XMValueDictionaryWrapper<__int64,FUN_18007cb30,18007cb30,18007cb34
\Sql\Picasso\engine\src\imbi\storage\xmvaluedictionarywrapper.hpp,0x27,XMValueDictionaryWrapper<__int64,FUN_18007ccb0,18007ccb0,18007ccb4
\Sql\Picasso\engine\src\imbi\storage\xmvaluedictionarywrapper.hpp,0x27,XMValueDictionaryWrapper<__int64,FUN_18007ce10,18007ce10,18007ce14
\Sql\Picasso\engine\src\imbi\storage\xmvaluedictionarywrapper.hpp,0x27,,FUN_18007cb30,18007cb30,18007cb34
\Sql\Picasso\engine\src\imbi\storage\xmvaluedictionarywrapper.hpp,0x27,,FUN_18007ccb0,18007ccb0,18007ccb4
\Sql\Picasso\engine\src\imbi\storage\xmvaluedictionarywrapper.hpp,0x27,,FUN_18007ce10,18007ce10,18007ce14
\Sql\Picasso\engine\src\imbi\storage\xmvdp.cpp,0x117,Resource::DoPrefetch,FUN_180106ff0,180106ff0,180107400
\Sql\Picasso\engine\src\imbi\storage\xmvdp.cpp,0x133,XMSegmentResource::Fetch,FUN_1801074b0,1801074b0,1801076f9
\Sql\Picasso\engine\src\imbi\storage\xmvdp.cpp,0x135,XMSegmentResource::Fetch,FUN_1801074b0,1801074b0,1801076f9
\Sql\Picasso\engine\src\imbi\storage\xmvdp.cpp,0x48,XMSegmentResource::VerifyReadResult,FUN_180106a90,180106a90,180106d9a
\Sql\Picasso\engine\src\imbi\storage\xmvdp.cpp,0x35,,FUN_180106a90,180106a90,180106d9a
\Sql\Picasso\engine\src\imbi\storage\xmvdp.cpp,0x3f,,FUN_180106a90,180106a90,180106d9a
\Sql\Picasso\engine\src\imbi\storage\xmvdp.cpp,0x238,,FUN_1801087c0,1801087c0,1801089dc
\Sql\Picasso\engine\src\imbi\storage\xmvdp.hpp,0xd4,,FUN_1801092f0,1801092f0,180109326
\Sql\Picasso\engine\src\imbi\support\xmdiscovery.cpp,0x247,XMDiscoverColumnsRowset::GetColumnVariant,FUN_180fc92d0,180fc92d0,180fcad6f
\Sql\Picasso\engine\src\imbi\support\xmdiscovery.cpp,0x260,XMDiscoverColumnsRowset::GetColumnVariant,FUN_180fc92d0,180fc92d0,180fcad6f
\Sql\Picasso\engine\src\imbi\support\xmdiscovery.cpp,0x293,XMDiscoverColumnsRowset::GetColumnVariant,FUN_180fc92d0,180fc92d0,180fcad6f
\Sql\Picasso\engine\src\imbi\support\xmdiscovery.cpp,0x2ca,XMDiscoverColumnsRowset::GetColumnVariant,FUN_180fc92d0,180fc92d0,180fcad6f
\Sql\Picasso\engine\src\imbi\support\xmdiscovery.cpp,0x1be,XMDiscoverColumnsRowset::Init,FUN_180071240,180071240,180071694
\Sql\Picasso\engine\src\imbi\support\xmdiscovery.cpp,0x3bb,XMDiscoverSegmentsRowset::GetColumnVariant,FUN_180fcb310,180fcb310,180fcbd8a
\Sql\Picasso\engine\src\imbi\support\xmdiscovery.cpp,0x409,XMDiscoverSegmentsRowset::GetColumnVariant,FUN_180fcb310,180fcb310,180fcbd8a
\Sql\Picasso\engine\src\imbi\support\xmdiscovery.cpp,0x2f2,XMDiscoverSegmentsRowset::Init,FUN_180071240,180071240,180071694
\Sql\Picasso\engine\src\imbi\support\xmdiscovery.cpp,0x189,XMDiscoverTablesRowset::GetColumnVariant,FUN_180fc8c10,180fc8c10,180fc904f
\Sql\Picasso\engine\src\imbi\support\xmdiscovery.cpp,0x196,XMDiscoverTablesRowset::GetColumnVariant,FUN_180fc8c10,180fc8c10,180fc904f
\Sql\Picasso\engine\src\imbi\support\xmdiscovery.cpp,0x144,XMDiscoverTablesRowset::Init,FUN_180071240,180071240,180071694
\Sql\Picasso\engine\src\imbi\support\xmparalleldbcc.cpp,0x1eb,XMCheckConsistencyJob::AddContextErrors,FUN_180fcd6e0,180fcd6e0,180fcd748
\Sql\Picasso\engine\src\imbi\support\xmparalleldbcc.cpp,0x18b,XMCheckConsistencyJob::AddParallelChildren,FUN_180fccd80,180fccd80,180fcd184
\Sql\Picasso\engine\src\imbi\support\xmparalleldbcc.cpp,0x93,XMCheckConsistencyJob::Run,FUN_180fcc6f0,180fcc6f0,180fcc8d7
\Sql\Picasso\engine\src\imbi\support\xmparalleldbcc.cpp,0x93,,FUN_180fcc6f0,180fcc6f0,180fcc8d7
\Sql\Picasso\engine\src\imbi\support\xmrulelangparser.cxx,0x21e,XMRuleLanguageTest::SerializeRuleToReversePolishForm,FUN_180fc52a0,180fc52a0,180fc55b8
\Sql\Picasso\engine\src\imbi\support\xmrulelangparser.cxx,0x231,XMRuleLanguageTest::SerializeRuleToReversePolishForm,FUN_180fc52a0,180fc52a0,180fc55b8
\Sql\Picasso\engine\src\imbi\support\xmrulelangparser.cxx,0x23a,XMRuleLanguageTest::SerializeRuleToReversePolishForm,FUN_180fc52a0,180fc52a0,180fc55b8
\Sql\Picasso\engine\src\imbi\support\xmrulelangparser.cxx,0x250,XMRuleLanguageTest::SerializeRuleToReversePolishForm,FUN_180fc52a0,180fc52a0,180fc55b8
\Sql\Picasso\engine\src\imbi\support\xmrulelangparser.cxx,0x240,XMRuleLanguageTest::SerializeRuleToReversePolishForm,FUN_180fc52a0,180fc52a0,180fc55b8
\Sql\Picasso\engine\src\imbi\support\xmrulelangparser.cxx,0x24b,XMRuleLanguageTest::SerializeRuleToReversePolishForm,FUN_180fc52a0,180fc52a0,180fc55b8
\Sql\Picasso\engine\src\imbi\support\xmrulelangparser.cxx,0x23a,,FUN_180fc52a0,180fc52a0,180fc55b8
\Sql\Picasso\engine\src\imbi\support\xmrulelangparser.cxx,0x250,,FUN_180fc52a0,180fc52a0,180fc55b8
\Sql\Picasso\engine\src\imbi\support\xmrulelangparser.cxx,0x24b,,FUN_180fc52a0,180fc52a0,180fc55b8
\Sql\Picasso\engine\src\imbi\support\xmtrace.hpp,0x23,XMITraceSupport::GetResourceTracker,FUN_18001e820,18001e820,18001e835
\Sql\Picasso\engine\src\imbi\support\xmtrace.hpp,0x23,,FUN_18001e820,18001e820,18001e835
\Sql\Picasso\engine\src\pf\kernel\ds\pffasthash.inl,0x106,PFHashBinVector<class XMHashBase,FUN_18005b1c0,18005b1c0,18005b29c
\Sql\Picasso\engine\src\pf\kernel\ds\pffasthash.inl,0x106,PFHashBinVector<class XMHashBase,FUN_18005c9a0,18005c9a0,18005ca7c
\Sql\Picasso\engine\src\pf\kernel\ds\pffasthash.inl,0x106,PFHashBinVector<class XMHashBase,FUN_18005d600,18005d600,18005d6dc
\Sql\Picasso\engine\src\pf\kernel\ds\pffasthash.inl,0x106,PFHashBinVector<class XMHashBase,FUN_18005e220,1.80E+224,18005e2fc
\Sql\Picasso\engine\src\pf\kernel\ds\pffasthash.inl,0x240,PFHashBinVector<class XMHashBase,FUN_180172e00,1.80E+05,180172f77
\Sql\Picasso\engine\src\pf\kernel\ds\pffasthash.inl,0x243,PFHashBinVector<class XMHashBase,FUN_180172e00,1.80E+05,180172f77
\Sql\Picasso\engine\src\pf\kernel\ds\pffasthash.inl,0x240,PFHashBinVector<class XMHashBase,FUN_180173330,180173330,1801734a7
\Sql\Picasso\engine\src\pf\kernel\ds\pffasthash.inl,0x243,PFHashBinVector<class XMHashBase,FUN_180173330,180173330,1801734a7
\Sql\Picasso\engine\src\pf\kernel\ds\pffasthash.inl,0x106,PFHashBinVector<class XMHashBase,FUN_180173e00,1.80E+05,180173edc
\Sql\Picasso\engine\src\pf\kernel\ds\pffasthash.inl,0x240,PFHashBinVector<class XMHashBase,FUN_180174080,180174080,1801741d7
\Sql\Picasso\engine\src\pf\kernel\ds\pffasthash.inl,0x243,PFHashBinVector<class XMHashBase,FUN_180174080,180174080,1801741d7
\Sql\Picasso\engine\src\pf\kernel\ds\pffasthash.inl,0x106,PFHashBinVector<class XMHashBase,FUN_180174b00,180174b00,180174bdc
\Sql\Picasso\engine\src\pf\kernel\ds\pffasthash.inl,0x240,PFHashBinVector<class XMHashBase,FUN_180174ce0,180174ce0,180174e5b
\Sql\Picasso\engine\src\pf\kernel\ds\pffasthash.inl,0x243,PFHashBinVector<class XMHashBase,FUN_180174ce0,180174ce0,180174e5b
\Sql\Picasso\engine\src\pf\kernel\ds\pffasthash.inl,0x243,PFHashBinVector<class XMHashBase,FUN_180175490,180175490,180175607
\Sql\Picasso\engine\src\pf\kernel\ds\pffasthash.inl,0x106,PFHashBinVector<class XMHashBase,FUN_180176ce0,180176ce0,180176dbc
\Sql\Picasso\engine\src\pf\kernel\ds\pffasthash.inl,0x106,PFHashBinVector<class XMHashBase,FUN_1801776f0,1801776f0,1801777cc
\Sql\Picasso\engine\src\pf\kernel\ds\pffasthash.inl,0x240,PFHashBinVector<class XMHashBase,FUN_180178280,180178280,1801783d7
\Sql\Picasso\engine\src\pf\kernel\ds\pffasthash.inl,0x243,PFHashBinVector<class XMHashBase,FUN_180178280,180178280,1801783d7
\Sql\Picasso\engine\src\pf\kernel\ds\pffasthash.inl,0x106,PFHashBinVector<class XMHashBase,FUN_180178d00,180178d00,180178ddc
\Sql\Picasso\engine\src\pf\kernel\ds\pffasthash.inl,0x106,PFHashBinVector<class XMHashBase,FUN_18017a9b0,18017a9b0,18017aa8c
\Sql\Picasso\engine\src\pf\kernel\ds\pffasthash.inl,0x106,PFHashBinVector<class XMHashBase,FUN_18017ba70,18017ba70,18017bb4c
\Sql\Picasso\engine\src\pf\kernel\ds\pffasthash.inl,0x106,PFHashBinVector<class XMHashBase,FUN_1801812e0,1.80E+06,1801813bc
\Sql\Picasso\engine\src\pf\kernel\ds\pffasthash.inl,0x106,PFHashBinVector<class XMHashBase,FUN_180181d60,180181d60,180181e3c
\Sql\Picasso\engine\src\pf\kernel\ds\pffasthash.inl,0x106,PFHashBinVector<class XMHashBase,FUN_1801b0750,1801b0750,1801b082c
\Sql\Picasso\engine\src\pf\kernel\ds\pffasthash.inl,0x106,PFHashBinVector<class XMHashBase,FUN_18021ee90,18021ee90,18021ef6c
\Sql\Picasso\engine\src\pf\kernel\ds\pffasthash.inl,0x106,PFHashBinVector<class XMHashBase,FUN_180444590,180444590,18044466c
\Sql\Picasso\engine\src\pf\kernel\ds\pffasthash.inl,0x106,PFHashBinVector<class XMHashBase,FUN_18047a1b0,18047a1b0,18047a28c
\Sql\Picasso\engine\src\pf\kernel\ds\pffasthash.inl,0x106,PFHashBinVector<class XMHashBase,FUN_18047abe0,18047abe0,18047acbc
\Sql\Picasso\engine\src\pf\kernel\ds\pffasthash.inl,0x106,PFHashBinVector<class XMHashBase,FUN_1804c8740,1804c8740,1804c881c
\Sql\Picasso\engine\src\pf\kernel\ds\pffasthash.inl,0x106,PFHashBinVector<class XMHashBase,FUN_1804e59d0,1804e59d0,1804e5aac
\Sql\Picasso\engine\src\pf\kernel\ds\pffasthash.inl,0x106,PFHashBinVector<class XMHashBase,FUN_180531d70,180531d70,180531e4c
\Sql\Picasso\engine\src\pf\kernel\ds\pffasthash.inl,0x106,PFHashBinVector<class XMHashBase,FUN_180532c00,180532c00,180532cdc
\Sql\Picasso\engine\src\pf\kernel\ds\pffasthash.inl,0x106,PFHashBinVector<class XMHashBase,FUN_1805485a0,1805485a0,18054867c
\Sql\Picasso\engine\src\pf\kernel\ds\pffasthash.inl,0x106,PFHashBinVector<class XMHashBase,FUN_180549040,180549040,18054911c
\Sql\Picasso\engine\src\pf\kernel\ds\pffasthash.inl,0x106,PFHashBinVector<class XMHashBase,FUN_1805758a0,1805758a0,18057597c
\Sql\Picasso\engine\src\pf\kernel\ds\pffasthash.inl,0x106,PFHashBinVector<class XMHashBase,FUN_1805763f0,1805763f0,1805764cc
\Sql\Picasso\engine\src\pf\kernel\ds\pffasthash.inl,0x106,PFHashBinVector<class XMHashBase,FUN_18057c6f0,18057c6f0,18057c7cc
\Sql\Picasso\engine\src\pf\kernel\ds\pffasthash.inl,0x106,PFHashBinVector<class XMHashBase,FUN_18057d590,18057d590,18057d66c
\Sql\Picasso\engine\src\pf\kernel\ds\pffasthash.inl,0x106,PFHashBinVector<class XMHashBase,FUN_180f46ca0,180f46ca0,180f46d7c
\Sql\Picasso\engine\src\pf\kernel\ds\pffasthash.inl,0x106,PFHashBinVector<class XMHashBase,FUN_180f69e20,180f69e20,180f69efc
\Sql\Picasso\engine\src\pf\kernel\ds\pffasthash.inl,0x106,PFHashBinVector<class XMHashBase,FUN_180f6c7a0,180f6c7a0,180f6c87c
\Sql\Picasso\engine\src\pf\kernel\ds\pffasthash.inl,0x106,PFHashBinVector<class XMHashBase,FUN_180fd5200,180fd5200,180fd52dc
\Sql\Picasso\engine\src\pf\kernel\ds\pffasthash.inl,0x106,,FUN_18005b1c0,18005b1c0,18005b29c
\Sql\Picasso\engine\src\pf\kernel\ds\pffasthash.inl,0x106,,FUN_18005c9a0,18005c9a0,18005ca7c
\Sql\Picasso\engine\src\pf\kernel\ds\pffasthash.inl,0x106,,FUN_18005d600,18005d600,18005d6dc
\Sql\Picasso\engine\src\pf\kernel\ds\pffasthash.inl,0x106,,FUN_18005e220,1.80E+224,18005e2fc
\Sql\Picasso\engine\src\pf\kernel\ds\pffasthash.inl,0x106,,FUN_18010a830,18010a830,18010a90c
\Sql\Picasso\engine\src\pf\kernel\ds\pffasthash.inl,0x240,,FUN_180172e00,1.80E+05,180172f77
\Sql\Picasso\engine\src\pf\kernel\ds\pffasthash.inl,0x243,,FUN_180172e00,1.80E+05,180172f77
\Sql\Picasso\engine\src\pf\kernel\ds\pffasthash.inl,0x240,,FUN_180173330,180173330,1801734a7
\Sql\Picasso\engine\src\pf\kernel\ds\pffasthash.inl,0x243,,FUN_180173330,180173330,1801734a7
\Sql\Picasso\engine\src\pf\kernel\ds\pffasthash.inl,0x106,,FUN_180173e00,1.80E+05,180173edc
\Sql\Picasso\engine\src\pf\kernel\ds\pffasthash.inl,0x240,,FUN_180174080,180174080,1801741d7
\Sql\Picasso\engine\src\pf\kernel\ds\pffasthash.inl,0x243,,FUN_180174080,180174080,1801741d7
\Sql\Picasso\engine\src\pf\kernel\ds\pffasthash.inl,0x106,,FUN_180174b00,180174b00,180174bdc
\Sql\Picasso\engine\src\pf\kernel\ds\pffasthash.inl,0x240,,FUN_180174ce0,180174ce0,180174e5b
\Sql\Picasso\engine\src\pf\kernel\ds\pffasthash.inl,0x243,,FUN_180174ce0,180174ce0,180174e5b
\Sql\Picasso\engine\src\pf\kernel\ds\pffasthash.inl,0x240,,FUN_180175490,180175490,180175607
\Sql\Picasso\engine\src\pf\kernel\ds\pffasthash.inl,0x243,,FUN_180175490,180175490,180175607
\Sql\Picasso\engine\src\pf\kernel\ds\pffasthash.inl,0x106,,FUN_180175f40,180175f40,18017601c
\Sql\Picasso\engine\src\pf\kernel\ds\pffasthash.inl,0x106,,FUN_180176ce0,180176ce0,180176dbc
\Sql\Picasso\engine\src\pf\kernel\ds\pffasthash.inl,0x106,,FUN_1801776f0,1801776f0,1801777cc
\Sql\Picasso\engine\src\pf\kernel\ds\pffasthash.inl,0x106,,FUN_180178100,180178100,1801781dc
\Sql\Picasso\engine\src\pf\kernel\ds\pffasthash.inl,0x240,,FUN_180178280,180178280,1801783d7
\Sql\Picasso\engine\src\pf\kernel\ds\pffasthash.inl,0x243,,FUN_180178280,180178280,1801783d7
\Sql\Picasso\engine\src\pf\kernel\ds\pffasthash.inl,0x106,,FUN_180178d00,180178d00,180178ddc
\Sql\Picasso\engine\src\pf\kernel\ds\pffasthash.inl,0x106,,FUN_18017a9b0,18017a9b0,18017aa8c
\Sql\Picasso\engine\src\pf\kernel\ds\pffasthash.inl,0x106,,FUN_18017ba70,18017ba70,18017bb4c
\Sql\Picasso\engine\src\pf\kernel\ds\pffasthash.inl,0x106,,FUN_1801812e0,1.80E+06,1801813bc
\Sql\Picasso\engine\src\pf\kernel\ds\pffasthash.inl,0x106,,FUN_180181d60,180181d60,180181e3c
\Sql\Picasso\engine\src\pf\kernel\ds\pffasthash.inl,0x106,,FUN_1801b0750,1801b0750,1801b082c
\Sql\Picasso\engine\src\pf\kernel\ds\pffasthash.inl,0x106,,FUN_18021ee90,18021ee90,18021ef6c
\Sql\Picasso\engine\src\pf\kernel\ds\pffasthash.inl,0x106,,FUN_180444590,180444590,18044466c
\Sql\Picasso\engine\src\pf\kernel\ds\pffasthash.inl,0x106,,FUN_18047a1b0,18047a1b0,18047a28c
\Sql\Picasso\engine\src\pf\kernel\ds\pffasthash.inl,0x106,,FUN_18047abe0,18047abe0,18047acbc
\Sql\Picasso\engine\src\pf\kernel\ds\pffasthash.inl,0x106,,FUN_1804b3560,1804b3560,1804b363c
\Sql\Picasso\engine\src\pf\kernel\ds\pffasthash.inl,0x106,,FUN_1804c8740,1804c8740,1804c881c
\Sql\Picasso\engine\src\pf\kernel\ds\pffasthash.inl,0x106,,FUN_1804e59d0,1804e59d0,1804e5aac
\Sql\Picasso\engine\src\pf\kernel\ds\pffasthash.inl,0x106,,FUN_180527ea0,180527ea0,180527f7c
\Sql\Picasso\engine\src\pf\kernel\ds\pffasthash.inl,0x106,,FUN_1805289f0,1805289f0,180528acc
\Sql\Picasso\engine\src\pf\kernel\ds\pffasthash.inl,0x106,,FUN_180531d70,180531d70,180531e4c
\Sql\Picasso\engine\src\pf\kernel\ds\pffasthash.inl,0x106,,FUN_180532c00,180532c00,180532cdc
\Sql\Picasso\engine\src\pf\kernel\ds\pffasthash.inl,0x106,,FUN_1805485a0,1805485a0,18054867c
\Sql\Picasso\engine\src\pf\kernel\ds\pffasthash.inl,0x106,,FUN_180549040,180549040,18054911c
\Sql\Picasso\engine\src\pf\kernel\ds\pffasthash.inl,0x106,,FUN_1805758a0,1805758a0,18057597c
\Sql\Picasso\engine\src\pf\kernel\ds\pffasthash.inl,0x106,,FUN_1805763f0,1805763f0,1805764cc
\Sql\Picasso\engine\src\pf\kernel\ds\pffasthash.inl,0x106,,FUN_18057c6f0,18057c6f0,18057c7cc
\Sql\Picasso\engine\src\pf\kernel\ds\pffasthash.inl,0x106,,FUN_18057d590,18057d590,18057d66c
\Sql\Picasso\engine\src\pf\kernel\ds\pffasthash.inl,0x106,,FUN_180f46040,180f46040,180f4611c
\Sql\Picasso\engine\src\pf\kernel\ds\pffasthash.inl,0x106,,FUN_180f46ca0,180f46ca0,180f46d7c
\Sql\Picasso\engine\src\pf\kernel\ds\pffasthash.inl,0x106,,FUN_180f69e20,180f69e20,180f69efc
\Sql\Picasso\engine\src\pf\kernel\ds\pffasthash.inl,0x106,,FUN_180f6c7a0,180f6c7a0,180f6c87c
\Sql\Picasso\engine\src\pf\kernel\ds\pffasthash.inl,0x106,,FUN_180fd5200,180fd5200,180fd52dc
\Sql\Picasso\engine\src\pf\kernel\ds\pfvector.cpp,0x5d,PFVectorBase<__int64,FUN_18005f180,18005f180,18005f241
\Sql\Picasso\engine\src\pf\kernel\ds\pfvector.cpp,0x5d,PFVectorBase<__int64 *,FUN_180f37060,180f37060,180f37158
\Sql\Picasso\engine\src\pf\kernel\ds\pfvector.cpp,0x5d,PFVectorBase<bool,FUN_1800b2ab0,1800b2ab0,1800b2b6c
\Sql\Picasso\engine\src\pf\kernel\ds\pfvector.cpp,0x5d,PFVectorBase<class ColumnChunkResource *,FUN_1802b0d70,1802b0d70,1802b0e68
\Sql\Picasso\engine\src\pf\kernel\ds\pfvector.cpp,0x5d,PFVectorBase<class PFBaseString const *,FUN_18002f1d0,18002f1d0,18002f2c8
\Sql\Picasso\engine\src\pf\kernel\ds\pfvector.cpp,0x5d,PFVectorBase<class PFComPtr<class Task>,FUN_1804b2570,1804b2570,1804b2616
\Sql\Picasso\engine\src\pf\kernel\ds\pfvector.cpp,0x5d,PFVectorBase<class PFISharedDataTransformer *,FUN_18006a390,18006a390,18006a496
\Sql\Picasso\engine\src\pf\kernel\ds\pfvector.cpp,0x5d,PFVectorBase<class PFIXMLookup *,FUN_180564070,180564070,180564194
\Sql\Picasso\engine\src\pf\kernel\ds\pfvector.cpp,0x5d,PFVectorBase<class PFIXMSQLConditionComponent *,FUN_18003a8e0,18003a8e0,18003aa04
\Sql\Picasso\engine\src\pf\kernel\ds\pfvector.cpp,0x5d,PFVectorBase<class PFObjectRoot *,FUN_18003abe0,18003abe0,18003acd8
\Sql\Picasso\engine\src\pf\kernel\ds\pfvector.cpp,0x5d,PFVectorBase<class PFString,FUN_180059db0,180059db0,1.80E+76
\Sql\Picasso\engine\src\pf\kernel\ds\pfvector.cpp,0x5d,PFVectorBase<class PFString *,FUN_180079160,180079160,180079266
\Sql\Picasso\engine\src\pf\kernel\ds\pfvector.cpp,0x5d,PFVectorBase<class PFString const *,FUN_1801ddc30,1801ddc30,1801ddd28
\Sql\Picasso\engine\src\pf\kernel\ds\pfvector.cpp,0x5d,PFVectorBase<class PFVariantBase *,FUN_180172960,180172960,180172a58
\Sql\Picasso\engine\src\pf\kernel\ds\pfvector.cpp,0x5d,PFVectorBase<class PFVariantBase *,FUN_1805590e0,1.81E+06,1.81E+12
\Sql\Picasso\engine\src\pf\kernel\ds\pfvector.cpp,0x5d,PFVectorBase<class PFVector<int,FUN_180471890,180471890,180471988
\Sql\Picasso\engine\src\pf\kernel\ds\pfvector.cpp,0x5d,PFVectorBase<class PFVector<unsigned __int64,FUN_180471740,180471740,180471838
\Sql\Picasso\engine\src\pf\kernel\ds\pfvector.cpp,0x5d,PFVectorBase<class PFXMIDataObject const *,FUN_180f69130,180f69130,180f69228
\Sql\Picasso\engine\src\pf\kernel\ds\pfvector.cpp,0x1cd,PFVectorBase<class PFXMISerializable *,FUN_1800316f0,1800316f0,1800317c1
\Sql\Picasso\engine\src\pf\kernel\ds\pfvector.cpp,0x5d,PFVectorBase<class PFXMISerializable *,FUN_1800318b0,1800318b0,180031956
\Sql\Picasso\engine\src\pf\kernel\ds\pfvector.cpp,0x5d,PFVectorBase<class PFXMISerializableDataObject *,FUN_1801add20,1801add20,1801addc6
\Sql\Picasso\engine\src\pf\kernel\ds\pfvector.cpp,0x1cd,PFVectorBase<class PFXMISerializableDataObject *,FUN_1801ade30,1801ade30,1801adf01
\Sql\Picasso\engine\src\pf\kernel\ds\pfvector.cpp,0x5d,PFVectorBase<class TMIRPTable *,FUN_180f742a0,180f742a0,180f743a6
\Sql\Picasso\engine\src\pf\kernel\ds\pfvector.cpp,0x5d,PFVectorBase<class XMColumnSegment *,FUN_180486620,180486620,180486744
\Sql\Picasso\engine\src\pf\kernel\ds\pfvector.cpp,0x5d,PFVectorBase<class XMColumnSegmentIterator<class XMRENoSplitCompressionInfo<32> > *,FUN_1804715c0,1804715c0,1.80E+10
\Sql\Picasso\engine\src\pf\kernel\ds\pfvector.cpp,0x5d,PFVectorBase<class XMColumnSegmentLookup<class XMRENoSplitCompressionInfo<32> > *,FUN_1804e4b00,1804e4b00,1804e4c24
\Sql\Picasso\engine\src\pf\kernel\ds\pfvector.cpp,0x5d,PFVectorBase<class XMDataEncoder *,FUN_180471b30,180471b30,180471c54
\Sql\Picasso\engine\src\pf\kernel\ds\pfvector.cpp,0x5d,PFVectorBase<class XMDCRowMapper *,FUN_180754210,180754210,180754334
\Sql\Picasso\engine\src\pf\kernel\ds\pfvector.cpp,0x5d,PFVectorBase<class XMFastWindowDataCache *,FUN_18055e2c0,18055e2c0,18055e3e4
\Sql\Picasso\engine\src\pf\kernel\ds\pfvector.cpp,0x5d,PFVectorBase<class XMIColumn *,FUN_180532a80,180532a80,180532ba4
\Sql\Picasso\engine\src\pf\kernel\ds\pfvector.cpp,0x5d,PFVectorBase<class XMIColumnEncoder *,FUN_180471cb0,180471cb0,180471dd4
\Sql\Picasso\engine\src\pf\kernel\ds\pfvector.cpp,0x5d,PFVectorBase<class XMIColumnSegmentEnumerator *,FUN_18026a9b0,18026a9b0,18026aad4
\Sql\Picasso\engine\src\pf\kernel\ds\pfvector.cpp,0x5d,PFVectorBase<class XMIColumnSegmentLookup *,FUN_180270060,180270060,180270184
\Sql\Picasso\engine\src\pf\kernel\ds\pfvector.cpp,0x5d,PFVectorBase<class XMICompressionInfo *,FUN_180157210,180157210,1801572d1
\Sql\Picasso\engine\src\pf\kernel\ds\pfvector.cpp,0x5d,PFVectorBase<class XMIDataCache *,FUN_180531c60,180531c60,180531d06
\Sql\Picasso\engine\src\pf\kernel\ds\pfvector.cpp,0x5d,PFVectorBase<class XMIDataEnumerator *,FUN_18006a7b0,18006a7b0,18006a8d4
\Sql\Picasso\engine\src\pf\kernel\ds\pfvector.cpp,0x5d,PFVectorBase<class XMIDataIterator *,FUN_1802673e0,1.80E+06,180267504
\Sql\Picasso\engine\src\pf\kernel\ds\pfvector.cpp,0x5d,PFVectorBase<class XMIDataLookup *,FUN_1801568c0,1801568c0,1.80E+10
\Sql\Picasso\engine\src\pf\kernel\ds\pfvector.cpp,0x5d,PFVectorBase<class XMIOCompletionTask *,FUN_180108de0,180108de0,180108f04
\Sql\Picasso\engine\src\pf\kernel\ds\pfvector.cpp,0x5d,PFVectorBase<class XMIRelationship *,FUN_180f45480,180f45480,180f455a4
\Sql\Picasso\engine\src\pf\kernel\ds\pfvector.cpp,0x5d,PFVectorBase<class XMIStatefulDictionaryWrapper *,FUN_180483070,180483070,180483194
\Sql\Picasso\engine\src\pf\kernel\ds\pfvector.cpp,0x5d,PFVectorBase<class XMITable *,FUN_1801acff0,1801acff0,1801ad114
\Sql\Picasso\engine\src\pf\kernel\ds\pfvector.cpp,0x5d,PFVectorBase<class XMJob *,FUN_1800e2510,1800e2510,1800e25b6
\Sql\Picasso\engine\src\pf\kernel\ds\pfvector.cpp,0x5d,PFVectorBase<class XMJobGroup *,FUN_1800f5830,1800f5830,1800f5954
\Sql\Picasso\engine\src\pf\kernel\ds\pfvector.cpp,0x5d,PFVectorBase<class XMMeasure *,FUN_18003aa60,18003aa60,18003ab84
\Sql\Picasso\engine\src\pf\kernel\ds\pfvector.cpp,0x5d,PFVectorBase<class XMQueryFragment *,FUN_180547610,180547610,180547734
\Sql\Picasso\engine\src\pf\kernel\ds\pfvector.cpp,0x5d,PFVectorBase<class XMRawColumnPartitionDataObject *,FUN_1801e6f70,1801e6f70,1801e7016
\Sql\Picasso\engine\src\pf\kernel\ds\pfvector.cpp,0x5d,PFVectorBase<class XMResourceGovTicket *,FUN_1800f5530,1800f5530,1800f5636
\Sql\Picasso\engine\src\pf\kernel\ds\pfvector.cpp,0x5d,PFVectorBase<class XMSchema *,FUN_180044380,180044380,1800444a4
\Sql\Picasso\engine\src\pf\kernel\ds\pfvector.cpp,0x5d,PFVectorBase<class XMSchemaContext *,FUN_1800379d0,1800379d0,180037af4
\Sql\Picasso\engine\src\pf\kernel\ds\pfvector.cpp,0x5d,PFVectorBase<class XMSchemaMgr *,FUN_180044500,180044500,180044624
\Sql\Picasso\engine\src\pf\kernel\ds\pfvector.cpp,0x5d,PFVectorBase<class XMSegmentHistogram *,FUN_1804e4c80,1804e4c80,1804e4da4
\Sql\Picasso\engine\src\pf\kernel\ds\pfvector.cpp,0x5d,PFVectorBase<class XMSelectColumnInfo *,FUN_180f99ce0,180f99ce0,180f99d86
\Sql\Picasso\engine\src\pf\kernel\ds\pfvector.cpp,0x5d,PFVectorBase<class XMSerializableCollection<class XMColumnSegment> *,FUN_180f6b9f0,180f6b9f0,180f6bae8
\Sql\Picasso\engine\src\pf\kernel\ds\pfvector.cpp,0x5d,PFVectorBase<class XMSODeltaColumn *,FUN_1804ed480,1804ed480,1804ed5a4
\Sql\Picasso\engine\src\pf\kernel\ds\pfvector.cpp,0x5d,PFVectorBase<class XMSODeltaTable *,FUN_1804ed600,1804ed600,1804ed724
\Sql\Picasso\engine\src\pf\kernel\ds\pfvector.cpp,0x5d,PFVectorBase<class XMSqlNode *,FUN_180fa8940,180fa8940,180fa8a64
\Sql\Picasso\engine\src\pf\kernel\ds\pfvector.cpp,0x5d,PFVectorBase<class XMSqlNodeAliasDefinition *,FUN_180fa9b40,180fa9b40,180fa9c64
\Sql\Picasso\engine\src\pf\kernel\ds\pfvector.cpp,0x5d,PFVectorBase<class XMSqlNodeColRef *,FUN_180fa9240,180fa9240,180fa9364
\Sql\Picasso\engine\src\pf\kernel\ds\pfvector.cpp,0x5d,PFVectorBase<class XMSqlNodeColumnOption *,FUN_180fa96c0,180fa96c0,180fa97e4
\Sql\Picasso\engine\src\pf\kernel\ds\pfvector.cpp,0x5d,PFVectorBase<class XMSqlNodeCondition *,FUN_180fa8c40,180fa8c40,180fa8d64
\Sql\Picasso\engine\src\pf\kernel\ds\pfvector.cpp,0x5d,PFVectorBase<class XMSqlNodeDataValue *,FUN_180fa93c0,180fa93c0,180fa94e4
\Sql\Picasso\engine\src\pf\kernel\ds\pfvector.cpp,0x5d,PFVectorBase<class XMSqlNodeDataValues *,FUN_180fa8dc0,180fa8dc0,180fa8ee4
\Sql\Picasso\engine\src\pf\kernel\ds\pfvector.cpp,0x5d,PFVectorBase<class XMSqlNodeDeclareColumn *,FUN_180fa9540,180fa9540,180fa9664
\Sql\Picasso\engine\src\pf\kernel\ds\pfvector.cpp,0x5d,PFVectorBase<class XMSqlNodeExpression *,FUN_180fa9cc0,180fa9cc0,180fa9de4
\Sql\Picasso\engine\src\pf\kernel\ds\pfvector.cpp,0x5d,PFVectorBase<class XMSqlNodeJoin *,FUN_180fa8f40,180fa8f40,180fa9064
\Sql\Picasso\engine\src\pf\kernel\ds\pfvector.cpp,0x5d,PFVectorBase<class XMSqlNodeLoadOption *,FUN_180fa87c0,180fa87c0,180fa88e4
\Sql\Picasso\engine\src\pf\kernel\ds\pfvector.cpp,0x5d,PFVectorBase<class XMSqlNodeRelationshipOption *,FUN_180fa9840,180fa9840,180fa9964
\Sql\Picasso\engine\src\pf\kernel\ds\pfvector.cpp,0x5d,PFVectorBase<class XMSqlNodeSelectField *,FUN_180fa8ac0,180fa8ac0,180fa8be4
\Sql\Picasso\engine\src\pf\kernel\ds\pfvector.cpp,0x5d,PFVectorBase<class XMSqlNodeTableOption *,FUN_180fa99c0,180fa99c0,180fa9ae4
\Sql\Picasso\engine\src\pf\kernel\ds\pfvector.cpp,0x5d,PFVectorBase<class XMSqlNodeTableRef *,FUN_180fa90c0,180fa90c0,180fa91e4
\Sql\Picasso\engine\src\pf\kernel\ds\pfvector.cpp,0x5d,PFVectorBase<class XMStringIndex *,FUN_180104240,180104240,180104364
\Sql\Picasso\engine\src\pf\kernel\ds\pfvector.cpp,0x5d,PFVectorBase<class XMStringStorePage *,FUN_180248010,180248010,180248134
\Sql\Picasso\engine\src\pf\kernel\ds\pfvector.cpp,0x5d,PFVectorBase<class XMUserHierarchyLevelAggDataCache *,FUN_1805641f0,1805641f0,180564314
\Sql\Picasso\engine\src\pf\kernel\ds\pfvector.cpp,0x5d,PFVectorBase<class XMVariantStorePage *,FUN_1802875a0,1802875a0,1802876c4
\Sql\Picasso\engine\src\pf\kernel\ds\pfvector.cpp,0x5d,PFVectorBase<class XMVSAlias *,FUN_180030d10,180030d10,180030dd1
\Sql\Picasso\engine\src\pf\kernel\ds\pfvector.cpp,0x5d,PFVectorBase<class XMVSBaseExpression *,FUN_1800345a0,1800345a0,180034661
\Sql\Picasso\engine\src\pf\kernel\ds\pfvector.cpp,0x5d,PFVectorBase<class XMVSColumn *,FUN_180030bf0,180030bf0,180030cb1
\Sql\Picasso\engine\src\pf\kernel\ds\pfvector.cpp,0x5d,PFVectorBase<class XMVSGroupBy *,FUN_18001f5d0,18001f5d0,18001f691
\Sql\Picasso\engine\src\pf\kernel\ds\pfvector.cpp,0x5d,PFVectorBase<class XMVSMeasure *,FUN_18001f6f0,18001f6f0,18001f7b1
\Sql\Picasso\engine\src\pf\kernel\ds\pfvector.cpp,0x5d,PFVectorBase<class XMVSQueryJTRegistryEntry *,FUN_180533750,180533750,180533874
\Sql\Picasso\engine\src\pf\kernel\ds\pfvector.cpp,0x5d,PFVectorBase<class XMVSQueryRewriteRegistryEntry *,FUN_180526ec0,180526ec0,180526fe4
\Sql\Picasso\engine\src\pf\kernel\ds\pfvector.cpp,0x5d,PFVectorBase<class XMVSQuerySpec *,FUN_180f99ad0,180f99ad0,180f99bf4
\Sql\Picasso\engine\src\pf\kernel\ds\pfvector.cpp,0x5d,PFVectorBase<class XMVSRelationshipResolver *,FUN_180539990,180539990,180539a51
\Sql\Picasso\engine\src\pf\kernel\ds\pfvector.cpp,0x5d,PFVectorBase<class XMVSWhere *,FUN_18001f810,18001f810,18001f8d1
\Sql\Picasso\engine\src\pf\kernel\ds\pfvector.cpp,0x5d,PFVectorBase<class XMVSXJoin *,FUN_180030e30,1.80E+35,180030ef1
\Sql\Picasso\engine\src\pf\kernel\ds\pfvector.cpp,0x5d,PFVectorBase<double,FUN_18005a780,18005a780,18005a841
\Sql\Picasso\engine\src\pf\kernel\ds\pfvector.cpp,0x5d,PFVectorBase<enum PF_DBTYPE,FUN_18006ab00,18006ab00,18006aba6
\Sql\Picasso\engine\src\pf\kernel\ds\pfvector.cpp,0x5d,PFVectorBase<enum XM_TYPE,FUN_18006a9f0,18006a9f0,18006aa96
\Sql\Picasso\engine\src\pf\kernel\ds\pfvector.cpp,0x5d,PFVectorBase<enum XMColumnType,FUN_180f371b0,180f371b0,180f372a7
\Sql\Picasso\engine\src\pf\kernel\ds\pfvector.cpp,0x5d,PFVectorBase<int,FUN_180024fc0,180024fc0,180025081
\Sql\Picasso\engine\src\pf\kernel\ds\pfvector.cpp,0x5d,PFVectorBase<struct _GROUP_AFFINITY,FUN_1800fa230,1800fa230,1800fa328
\Sql\Picasso\Engine\src\pf\kernel\ds\pfvector.cpp,0x5d,PFVectorBase<struct PFXMTableMap,FUN_1800d8010,1800d8010,1800d810f
\Sql\Picasso\engine\src\pf\kernel\ds\pfvector.cpp,0x5d,PFVectorBase<struct RangeFilterItem,FUN_18001cae0,18001cae0,18001cbfc
\Sql\Picasso\engine\src\pf\kernel\ds\pfvector.cpp,0x5d,PFVectorBase<struct std::pair<int,FUN_180104430,180104430,1801044f1
\Sql\Picasso\engine\src\pf\kernel\ds\pfvector.cpp,0x5d,PFVectorBase<struct TrieEdge,FUN_180277910,180277910,180277a08
\Sql\Picasso\engine\src\pf\kernel\ds\pfvector.cpp,0x5d,PFVectorBase<struct TrieResultNode,FUN_1802777c0,1802777c0,1802778b8
\Sql\Picasso\engine\src\pf\kernel\ds\pfvector.cpp,0x5d,PFVectorBase<struct XMCacheBlockRecord,FUN_180574a40,180574a40,180574b6b
\Sql\Picasso\engine\src\pf\kernel\ds\pfvector.cpp,0x5d,PFVectorBase<struct XMColumnEncoder<__int64>::BatchStatistics,FUN_18047c680,18047c680,18047c78f
\Sql\Picasso\engine\src\pf\kernel\ds\pfvector.cpp,0x5d,PFVectorBase<struct XMColumnEncoder<class PFVariantBase *>::BatchStatistics,FUN_1804df6e0,1804df6e0,1804df7ef
\Sql\Picasso\engine\src\pf\kernel\ds\pfvector.cpp,0x5d,PFVectorBase<struct XMColumnEncoder<double>::BatchStatistics,FUN_18047c4f0,18047c4f0,18047c5ff
\Sql\Picasso\engine\src\pf\kernel\ds\pfvector.cpp,0x5d,PFVectorBase<struct XMColumnEncoder<wchar_t *>::BatchStatistics,FUN_18047b460,18047b460,18047b56f
\Sql\Picasso\engine\src\pf\kernel\ds\pfvector.cpp,0x5d,PFVectorBase<struct XMConversionInfo,FUN_1804831f0,1804831f0,18048331e
\Sql\Picasso\engine\src\pf\kernel\ds\pfvector.cpp,0x5d,PFVectorBase<struct XMDataEncoder::SegmentIndexes::Index,FUN_180471e30,1.80E+35,180471f28
\Sql\Picasso\engine\src\pf\kernel\ds\pfvector.cpp,0x5d,PFVectorBase<struct XMDataPartition *,FUN_1804e4e00,1804e4e00,1804e4f06
\Sql\Picasso\engine\src\pf\kernel\ds\pfvector.cpp,0x5d,PFVectorBase<struct XMDCRowMapper::XMFieldMap,FUN_180782860,180782860,180782989
\Sql\Picasso\engine\src\pf\kernel\ds\pfvector.cpp,0x5d,PFVectorBase<struct XMProcessReader::Progress::PartitionInfo,FUN_18006a640,18006a640,18006a74e
\Sql\Picasso\engine\src\pf\kernel\ds\pfvector.cpp,0x5d,PFVectorBase<struct XMRowIndexCacheEntry,FUN_180574da0,180574da0,1.81E+51
\Sql\Picasso\engine\src\pf\kernel\ds\pfvector.cpp,0x5d,PFVectorBase<struct XMSchemaGraphEdge,FUN_180f77070,180f77070,180f7717f
\Sql\Picasso\engine\src\pf\kernel\ds\pfvector.cpp,0x5d,PFVectorBase<struct XMSchemaGraphNode *,FUN_180f76f10,180f76f10,180f77016
\Sql\Picasso\engine\src\pf\kernel\ds\pfvector.cpp,0x5d,PFVectorBase<struct XMSchemaMgr::PartitionMergeInfo,FUN_180f69400,180f69400,180f69514
\Sql\Picasso\engine\src\pf\kernel\ds\pfvector.cpp,0x5d,PFVectorBase<struct XMSequenceIndexCacheEntry,FUN_180574c90,180574c90,180574d36
\Sql\Picasso\engine\src\pf\kernel\ds\pfvector.cpp,0x5d,PFVectorBase<union XM_RecordHandle,FUN_180248200,180248200,1802482a6
\Sql\Picasso\engine\src\pf\kernel\ds\pfvector.cpp,0x5d,PFVectorBase<unsigned __int64,FUN_180079320,180079320,1800793c6
\Sql\Picasso\engine\src\pf\kernel\ds\pfvector.cpp,0x5d,PFVectorBase<unsigned char *,FUN_180471470,180471470,180471568
\Sql\Picasso\engine\src\pf\kernel\ds\pfvector.cpp,0x5d,PFVectorBase<unsigned long,FUN_18006a4f0,18006a4f0,18006a5e7
\Sql\Picasso\engine\src\pf\kernel\ds\pfvector.cpp,0x5d,PFVectorBase<void *,FUN_1804719e0,1.80E+06,180471ad8
\Sql\Picasso\engine\src\pf\kernel\ds\pfvector.cpp,0x5d,PFVectorBase<wchar_t *,FUN_180172810,180172810,180172908
\Sql\Picasso\engine\src\pf\kernel\ds\pfvector.cpp,0x5d,,FUN_18001cae0,18001cae0,18001cbfc
\Sql\Picasso\engine\src\pf\kernel\ds\pfvector.cpp,0x5d,,FUN_18001f5d0,18001f5d0,18001f691
\Sql\Picasso\engine\src\pf\kernel\ds\pfvector.cpp,0x5d,,FUN_18001f6f0,18001f6f0,18001f7b1
\Sql\Picasso\engine\src\pf\kernel\ds\pfvector.cpp,0x5d,,FUN_18001f810,18001f810,18001f8d1
\Sql\Picasso\engine\src\pf\kernel\ds\pfvector.cpp,0x5d,,FUN_180024fc0,180024fc0,180025081
\Sql\Picasso\engine\src\pf\kernel\ds\pfvector.cpp,0x5d,,FUN_18002f1d0,18002f1d0,18002f2c8
\Sql\Picasso\engine\src\pf\kernel\ds\pfvector.cpp,0x5d,,FUN_180030bf0,180030bf0,180030cb1
\Sql\Picasso\engine\src\pf\kernel\ds\pfvector.cpp,0x5d,,FUN_180030d10,180030d10,180030dd1
\Sql\Picasso\engine\src\pf\kernel\ds\pfvector.cpp,0x5d,,FUN_180030e30,1.80E+35,180030ef1
\Sql\Picasso\engine\src\pf\kernel\ds\pfvector.cpp,0x1cd,,FUN_1800316f0,1800316f0,1800317c1
\Sql\Picasso\engine\src\pf\kernel\ds\pfvector.cpp,0x5d,,FUN_1800318b0,1800318b0,180031956
\Sql\Picasso\engine\src\pf\kernel\ds\pfvector.cpp,0x5d,,FUN_1800345a0,1800345a0,180034661
\Sql\Picasso\engine\src\pf\kernel\ds\pfvector.cpp,0x5d,,FUN_1800379d0,1800379d0,180037af4
\Sql\Picasso\engine\src\pf\kernel\ds\pfvector.cpp,0x5d,,FUN_18003a8e0,18003a8e0,18003aa04
\Sql\Picasso\engine\src\pf\kernel\ds\pfvector.cpp,0x5d,,FUN_18003aa60,18003aa60,18003ab84
\Sql\Picasso\engine\src\pf\kernel\ds\pfvector.cpp,0x5d,,FUN_18003abe0,18003abe0,18003acd8
\Sql\Picasso\engine\src\pf\kernel\ds\pfvector.cpp,0x5d,,FUN_180044380,180044380,1800444a4
\Sql\Picasso\engine\src\pf\kernel\ds\pfvector.cpp,0x5d,,FUN_180044500,180044500,180044624
\Sql\Picasso\engine\src\pf\kernel\ds\pfvector.cpp,0x5d,,FUN_180059db0,180059db0,1.80E+76
\Sql\Picasso\engine\src\pf\kernel\ds\pfvector.cpp,0x5d,,FUN_18005a780,18005a780,18005a841
\Sql\Picasso\engine\src\pf\kernel\ds\pfvector.cpp,0x5d,,FUN_18005f180,18005f180,18005f241
\Sql\Picasso\engine\src\pf\kernel\ds\pfvector.cpp,0x5d,,FUN_18006a390,18006a390,18006a496
\Sql\Picasso\engine\src\pf\kernel\ds\pfvector.cpp,0x5d,,FUN_18006a4f0,18006a4f0,18006a5e7
\Sql\Picasso\engine\src\pf\kernel\ds\pfvector.cpp,0x5d,,FUN_18006a640,18006a640,18006a74e
\Sql\Picasso\engine\src\pf\kernel\ds\pfvector.cpp,0x5d,,FUN_18006a7b0,18006a7b0,18006a8d4
\Sql\Picasso\engine\src\pf\kernel\ds\pfvector.cpp,0x5d,,FUN_18006a9f0,18006a9f0,18006aa96
\Sql\Picasso\engine\src\pf\kernel\ds\pfvector.cpp,0x5d,,FUN_18006ab00,18006ab00,18006aba6
\Sql\Picasso\engine\src\pf\kernel\ds\pfvector.cpp,0x5d,,FUN_180079160,180079160,180079266
\Sql\Picasso\engine\src\pf\kernel\ds\pfvector.cpp,0x5d,,FUN_180079320,180079320,1800793c6
\Sql\Picasso\engine\src\pf\kernel\ds\pfvector.cpp,0x5d,,FUN_1800b2ab0,1800b2ab0,1800b2b6c
\Sql\Picasso\Engine\src\pf\kernel\ds\pfvector.cpp,0x5d,,FUN_1800d8010,1800d8010,1800d810f
\Sql\Picasso\engine\src\pf\kernel\ds\pfvector.cpp,0x5d,,FUN_1800e2510,1800e2510,1800e25b6
\Sql\Picasso\engine\src\pf\kernel\ds\pfvector.cpp,0x5d,,FUN_1800f5530,1800f5530,1800f5636
\Sql\Picasso\engine\src\pf\kernel\ds\pfvector.cpp,0x5d,,FUN_1800f5830,1800f5830,1800f5954
\Sql\Picasso\engine\src\pf\kernel\ds\pfvector.cpp,0x5d,,FUN_1800fa230,1800fa230,1800fa328
\Sql\Picasso\engine\src\pf\kernel\ds\pfvector.cpp,0x5d,,FUN_180104240,180104240,180104364
\Sql\Picasso\engine\src\pf\kernel\ds\pfvector.cpp,0x5d,,FUN_180104430,180104430,1801044f1
\Sql\Picasso\engine\src\pf\kernel\ds\pfvector.cpp,0x5d,,FUN_180108de0,180108de0,180108f04
\Sql\Picasso\engine\src\pf\kernel\ds\pfvector.cpp,0x5d,,FUN_1801568c0,1801568c0,1.80E+10
\Sql\Picasso\engine\src\pf\kernel\ds\pfvector.cpp,0x5d,,FUN_180157210,180157210,1801572d1
\Sql\Picasso\engine\src\pf\kernel\ds\pfvector.cpp,0x5d,,FUN_180172810,180172810,180172908
\Sql\Picasso\engine\src\pf\kernel\ds\pfvector.cpp,0x5d,,FUN_180172960,180172960,180172a58
\Sql\Picasso\engine\src\pf\kernel\ds\pfvector.cpp,0x5d,,FUN_1801acff0,1801acff0,1801ad114
\Sql\Picasso\engine\src\pf\kernel\ds\pfvector.cpp,0x5d,,FUN_1801add20,1801add20,1801addc6
\Sql\Picasso\engine\src\pf\kernel\ds\pfvector.cpp,0x1cd,,FUN_1801ade30,1801ade30,1801adf01
\Sql\Picasso\engine\src\pf\kernel\ds\pfvector.cpp,0x5d,,FUN_1801ddc30,1801ddc30,1801ddd28
\Sql\Picasso\engine\src\pf\kernel\ds\pfvector.cpp,0x5d,,FUN_1801e6f70,1801e6f70,1801e7016
\Sql\Picasso\engine\src\pf\kernel\ds\pfvector.cpp,0x5d,,FUN_180248010,180248010,180248134
\Sql\Picasso\engine\src\pf\kernel\ds\pfvector.cpp,0x5d,,FUN_180248200,180248200,1802482a6
\Sql\Picasso\engine\src\pf\kernel\ds\pfvector.cpp,0x5d,,FUN_1802673e0,1.80E+06,180267504
\Sql\Picasso\engine\src\pf\kernel\ds\pfvector.cpp,0x5d,,FUN_18026a9b0,18026a9b0,18026aad4
\Sql\Picasso\engine\src\pf\kernel\ds\pfvector.cpp,0x5d,,FUN_180270060,180270060,180270184
\Sql\Picasso\engine\src\pf\kernel\ds\pfvector.cpp,0x5d,,FUN_1802777c0,1802777c0,1802778b8
\Sql\Picasso\engine\src\pf\kernel\ds\pfvector.cpp,0x5d,,FUN_180277910,180277910,180277a08
\Sql\Picasso\engine\src\pf\kernel\ds\pfvector.cpp,0x5d,,FUN_1802875a0,1802875a0,1802876c4
\Sql\Picasso\engine\src\pf\kernel\ds\pfvector.cpp,0x5d,,FUN_1802b0d70,1802b0d70,1802b0e68
\Sql\Picasso\engine\src\pf\kernel\ds\pfvector.cpp,0x5d,,FUN_180471470,180471470,180471568
\Sql\Picasso\engine\src\pf\kernel\ds\pfvector.cpp,0x5d,,FUN_1804715c0,1804715c0,1.80E+10
\Sql\Picasso\engine\src\pf\kernel\ds\pfvector.cpp,0x5d,,FUN_180471740,180471740,180471838
\Sql\Picasso\engine\src\pf\kernel\ds\pfvector.cpp,0x5d,,FUN_180471890,180471890,180471988
\Sql\Picasso\engine\src\pf\kernel\ds\pfvector.cpp,0x5d,,FUN_1804719e0,1.80E+06,180471ad8
\Sql\Picasso\engine\src\pf\kernel\ds\pfvector.cpp,0x5d,,FUN_180471b30,180471b30,180471c54
\Sql\Picasso\engine\src\pf\kernel\ds\pfvector.cpp,0x5d,,FUN_180471cb0,180471cb0,180471dd4
\Sql\Picasso\engine\src\pf\kernel\ds\pfvector.cpp,0x5d,,FUN_180471e30,1.80E+35,180471f28
\Sql\Picasso\engine\src\pf\kernel\ds\pfvector.cpp,0x5d,,FUN_18047b460,18047b460,18047b56f
\Sql\Picasso\engine\src\pf\kernel\ds\pfvector.cpp,0x5d,,FUN_18047c4f0,18047c4f0,18047c5ff
\Sql\Picasso\engine\src\pf\kernel\ds\pfvector.cpp,0x5d,,FUN_18047c680,18047c680,18047c78f
\Sql\Picasso\engine\src\pf\kernel\ds\pfvector.cpp,0x5d,,FUN_180483070,180483070,180483194
\Sql\Picasso\engine\src\pf\kernel\ds\pfvector.cpp,0x5d,,FUN_1804831f0,1804831f0,18048331e
\Sql\Picasso\engine\src\pf\kernel\ds\pfvector.cpp,0x5d,,FUN_180486620,180486620,180486744
\Sql\Picasso\engine\src\pf\kernel\ds\pfvector.cpp,0x5d,,FUN_1804b2570,1804b2570,1804b2616
\Sql\Picasso\engine\src\pf\kernel\ds\pfvector.cpp,0x5d,,FUN_1804df6e0,1804df6e0,1804df7ef
\Sql\Picasso\engine\src\pf\kernel\ds\pfvector.cpp,0x5d,,FUN_1804e4b00,1804e4b00,1804e4c24
\Sql\Picasso\engine\src\pf\kernel\ds\pfvector.cpp,0x5d,,FUN_1804e4c80,1804e4c80,1804e4da4
\Sql\Picasso\engine\src\pf\kernel\ds\pfvector.cpp,0x5d,,FUN_1804e4e00,1804e4e00,1804e4f06
\Sql\Picasso\engine\src\pf\kernel\ds\pfvector.cpp,0x5d,,FUN_1804ed480,1804ed480,1804ed5a4
\Sql\Picasso\engine\src\pf\kernel\ds\pfvector.cpp,0x5d,,FUN_1804ed600,1804ed600,1804ed724
\Sql\Picasso\engine\src\pf\kernel\ds\pfvector.cpp,0x5d,,FUN_180526ec0,180526ec0,180526fe4
\Sql\Picasso\engine\src\pf\kernel\ds\pfvector.cpp,0x5d,,FUN_180531c60,180531c60,180531d06
\Sql\Picasso\engine\src\pf\kernel\ds\pfvector.cpp,0x5d,,FUN_180532a80,180532a80,180532ba4
\Sql\Picasso\engine\src\pf\kernel\ds\pfvector.cpp,0x5d,,FUN_180533750,180533750,180533874
\Sql\Picasso\engine\src\pf\kernel\ds\pfvector.cpp,0x5d,,FUN_180539990,180539990,180539a51
\Sql\Picasso\engine\src\pf\kernel\ds\pfvector.cpp,0x5d,,FUN_180547610,180547610,180547734
\Sql\Picasso\engine\src\pf\kernel\ds\pfvector.cpp,0x5d,,FUN_1805590e0,1.81E+06,1.81E+12
\Sql\Picasso\engine\src\pf\kernel\ds\pfvector.cpp,0x5d,,FUN_18055e2c0,18055e2c0,18055e3e4
\Sql\Picasso\engine\src\pf\kernel\ds\pfvector.cpp,0x5d,,FUN_180564070,180564070,180564194
\Sql\Picasso\engine\src\pf\kernel\ds\pfvector.cpp,0x5d,,FUN_1805641f0,1805641f0,180564314
\Sql\Picasso\engine\src\pf\kernel\ds\pfvector.cpp,0x5d,,FUN_180574a40,180574a40,180574b6b
\Sql\Picasso\engine\src\pf\kernel\ds\pfvector.cpp,0x5d,,FUN_180574c90,180574c90,180574d36
\Sql\Picasso\engine\src\pf\kernel\ds\pfvector.cpp,0x5d,,FUN_180574da0,180574da0,1.81E+51
\Sql\Picasso\engine\src\pf\kernel\ds\pfvector.cpp,0x5d,,FUN_180754210,180754210,180754334
\Sql\Picasso\engine\src\pf\kernel\ds\pfvector.cpp,0x5d,,FUN_180782860,180782860,180782989
\Sql\Picasso\engine\src\pf\kernel\ds\pfvector.cpp,0x5d,,FUN_180f37060,180f37060,180f37158
\Sql\Picasso\engine\src\pf\kernel\ds\pfvector.cpp,0x5d,,FUN_180f371b0,180f371b0,180f372a7
\Sql\Picasso\engine\src\pf\kernel\ds\pfvector.cpp,0x5d,,FUN_180f45480,180f45480,180f455a4
\Sql\Picasso\engine\src\pf\kernel\ds\pfvector.cpp,0x5d,,FUN_180f69130,180f69130,180f69228
\Sql\Picasso\engine\src\pf\kernel\ds\pfvector.cpp,0x5d,,FUN_180f69400,180f69400,180f69514
\Sql\Picasso\engine\src\pf\kernel\ds\pfvector.cpp,0x5d,,FUN_180f6b9f0,180f6b9f0,180f6bae8
\Sql\Picasso\engine\src\pf\kernel\ds\pfvector.cpp,0x5d,,FUN_180f742a0,180f742a0,180f743a6
\Sql\Picasso\engine\src\pf\kernel\ds\pfvector.cpp,0x5d,,FUN_180f76f10,180f76f10,180f77016
\Sql\Picasso\engine\src\pf\kernel\ds\pfvector.cpp,0x5d,,FUN_180f77070,180f77070,180f7717f
\Sql\Picasso\engine\src\pf\kernel\ds\pfvector.cpp,0x5d,,FUN_180f99ad0,180f99ad0,180f99bf4
\Sql\Picasso\engine\src\pf\kernel\ds\pfvector.cpp,0x5d,,FUN_180f99ce0,180f99ce0,180f99d86
\Sql\Picasso\engine\src\pf\kernel\ds\pfvector.cpp,0x5d,,FUN_180fa87c0,180fa87c0,180fa88e4
\Sql\Picasso\engine\src\pf\kernel\ds\pfvector.cpp,0x5d,,FUN_180fa8940,180fa8940,180fa8a64
\Sql\Picasso\engine\src\pf\kernel\ds\pfvector.cpp,0x5d,,FUN_180fa8ac0,180fa8ac0,180fa8be4
\Sql\Picasso\engine\src\pf\kernel\ds\pfvector.cpp,0x5d,,FUN_180fa8c40,180fa8c40,180fa8d64
\Sql\Picasso\engine\src\pf\kernel\ds\pfvector.cpp,0x5d,,FUN_180fa8dc0,180fa8dc0,180fa8ee4
\Sql\Picasso\engine\src\pf\kernel\ds\pfvector.cpp,0x5d,,FUN_180fa8f40,180fa8f40,180fa9064
\Sql\Picasso\engine\src\pf\kernel\ds\pfvector.cpp,0x5d,,FUN_180fa90c0,180fa90c0,180fa91e4
\Sql\Picasso\engine\src\pf\kernel\ds\pfvector.cpp,0x5d,,FUN_180fa9240,180fa9240,180fa9364
\Sql\Picasso\engine\src\pf\kernel\ds\pfvector.cpp,0x5d,,FUN_180fa93c0,180fa93c0,180fa94e4
\Sql\Picasso\engine\src\pf\kernel\ds\pfvector.cpp,0x5d,,FUN_180fa9540,180fa9540,180fa9664
\Sql\Picasso\engine\src\pf\kernel\ds\pfvector.cpp,0x5d,,FUN_180fa96c0,180fa96c0,180fa97e4
\Sql\Picasso\engine\src\pf\kernel\ds\pfvector.cpp,0x5d,,FUN_180fa9840,180fa9840,180fa9964
\Sql\Picasso\engine\src\pf\kernel\ds\pfvector.cpp,0x5d,,FUN_180fa99c0,180fa99c0,180fa9ae4
\Sql\Picasso\engine\src\pf\kernel\ds\pfvector.cpp,0x5d,,FUN_180fa9b40,180fa9b40,180fa9c64
\Sql\Picasso\engine\src\pf\kernel\ds\pfvector.cpp,0x5d,,FUN_180fa9cc0,180fa9cc0,180fa9de4
\Sql\Picasso\Engine\src\pf\kernel\intf\pfdbshared.cpp,0x1e2,PFDBSharedHelperOledb::MapColumnTypeSize,FUN_1800d66c0,1800d66c0,1800d68bb
\Sql\Picasso\Engine\src\pf\kernel\intf\pfdbshared.cpp,0x1e2,,FUN_1800d66c0,1800d66c0,1800d68bb
\Sql\Picasso\engine\src\pf\kernel\intf\pfdbshared.hpp,0xc4,PFIDBSharedReader::Bind,FUN_18001e8e0,18001e8e0,18001e8e4
\Sql\Picasso\engine\src\pf\kernel\intf\pfdbshared.hpp,0xa3,PFIDBSharedReader::FetchColValue,FUN_18001e950,18001e950,18001e954
\Sql\Picasso\engine\src\pf\kernel\intf\pfdbshared.hpp,0xc4,,FUN_18001e8e0,18001e8e0,18001e8e4
\Sql\Picasso\engine\src\pf\kernel\intf\pfdbshared.hpp,0xa3,,FUN_18001e950,18001e950,18001e954
\Sql\Picasso\engine\src\pf\kernel\intf\pfstreamintf.hpp,0x4d,IStreamUtilities::WriteBig,FUN_1802068e0,1.80E+06,1802069b1
\Sql\Picasso\Engine\src\pf\kernel\intf\pfxmmetadata.cpp,0x14a,PFXMColumnSpec::Init,FUN_18004d0d0,18004d0d0,18004d38b
\Sql\Picasso\Engine\src\pf\kernel\intf\pfxmmetadata.cpp,0x14b,PFXMColumnSpec::Init,FUN_18004d0d0,18004d0d0,18004d38b
\Sql\Picasso\Engine\src\pf\kernel\intf\pfxmmetadata.cpp,0x126,PFXMPartitionSpec::Init,FUN_1800522a0,1800522a0,180052c22
\Sql\Picasso\Engine\src\pf\kernel\intf\pfxmtwqueryinterface.cpp,0x1f,PFIXMSQLConditionComponent::Add,FUN_1800d7be0,1800d7be0,1800d7be4
\Sql\Picasso\Engine\src\pf\kernel\intf\pfxmtwqueryinterface.cpp,0x2d,PFIXMSQLConditionComponent::Remove,FUN_1800d7c40,1800d7c40,1800d7c44
\Sql\Picasso\Engine\src\pf\kernel\intf\pfxmtwqueryinterface.cpp,0x1f,,FUN_1800d7be0,1800d7be0,1800d7be4
\Sql\Picasso\Engine\src\pf\kernel\intf\pfxmtwqueryinterface.cpp,0x2d,,FUN_1800d7c40,1800d7c40,1800d7c44
\Sql\Picasso\Engine\src\pf\kernel\intf\resource.cpp,0x120,Resource::ThrowCachedError,FUN_1800d70b0,1800d70b0,1800d70d7
\Sql\Picasso\Engine\src\pf\kernel\intf\resource.cpp,0xef,Resource::WaitForPrefetch,FUN_1800d6c40,1800d6c40,1800d6c84
\Sql\Picasso\Engine\src\pf\kernel\intf\resource.cpp,0xef,,FUN_1800d6c40,1800d6c40,1800d6c84
\Sql\Picasso\Engine\src\pf\kernel\intf\resource.cpp,0xfb,,FUN_1800d6c40,1800d6c40,1800d6c84
\Sql\Picasso\engine\src\pf\kernel\msg\Error.cpp,0xd9,err::BaseError::ThrowFromTLS,FUN_1800bedb0,1800bedb0,1800bede8
\Sql\Picasso\engine\src\pf\kernel\msg\Error.cpp,0xe4,err::BaseError::ThrowFromTLS,FUN_1800bedb0,1800bedb0,1800bede8
\Sql\Picasso\engine\src\pf\kernel\msg\Error.cpp,0x196,uVar3,FUN_1800bd8e0,1800bd8e0,1800bd980
\Sql\Picasso\engine\src\pf\kernel\msg\Error.cpp,0xd9,,FUN_1800bedb0,1800bedb0,1800bede8
\Sql\Picasso\engine\src\pf\kernel\msg\Error.cpp,0xe4,,FUN_1800bedb0,1800bedb0,1800bede8
\Sql\Picasso\engine\src\pf\kernel\msg\Error.cpp,0x1a9,,FUN_1800bf2b0,1800bf2b0,1800bf2e7
\Sql\Picasso\Engine\src\pf\kernel\rulelang\xrparser.cpp,0x3e,XRYacc::Init,FUN_1800d81b0,1800d81b0,1800d826f
\Sql\Picasso\Engine\src\pf\kernel\rulelang\xrreduce.cpp,0x177,XRYacc::reduce,FUN_1800d8770,1800d8770,1800d90b0
\Sql\Picasso\engine\src\pf\kernel\shared\IMemoryResource.hpp,0x2e,PFIAllocator::AlignedAlloc,FUN_18003bb80,18003bb80,18003bb95
\Sql\Picasso\engine\src\pf\kernel\shared\IMemoryResource.hpp,0x31,PFIAllocator::AlignedFree,FUN_18003bc50,18003bc50,18003bc65
\Sql\Picasso\engine\src\pf\kernel\shared\IMemoryResource.hpp,0x32,PFIAllocator::AlignedGetSize,FUN_18003bcc0,18003bcc0,18003bcc4
\Sql\Picasso\engine\src\pf\kernel\shared\IMemoryResource.hpp,0x30,PFIAllocator::AlignedRealloc,FUN_18003bbf0,18003bbf0,18003bbf4
\Sql\Picasso\engine\src\pf\kernel\shared\IMemoryResource.hpp,0x38,PFIAllocator::ArenaFreeToSavepoint,FUN_18003bd90,18003bd90,18003bda5
\Sql\Picasso\engine\src\pf\kernel\shared\IMemoryResource.hpp,0x37,PFIAllocator::ArenaGetSavepoint,FUN_18003bd20,18003bd20,18003bd35
\Sql\Picasso\engine\src\pf\kernel\shared\IMemoryResource.hpp,0x39,PFIAllocator::DisableSerialize,FUN_18003be00,18003be00,18003be15
\Sql\Picasso\engine\src\pf\kernel\shared\IMemoryResource.hpp,0x54,PFIAllocator::GetAllocatorThreadId,FUN_18003bf30,18003bf30,18003bf45
\Sql\Picasso\engine\src\pf\kernel\shared\IMemoryResource.hpp,0x4d,PFIAllocator::ResetPath,FUN_18003be70,18003be70,18003be74
\Sql\Picasso\engine\src\pf\kernel\shared\IMemoryResource.hpp,0x53,PFIAllocator::SetAllocatorThreadId,FUN_18003bed0,18003bed0,18003bed4
\Sql\Picasso\engine\src\pf\kernel\shared\IMemoryResource.hpp,0x2e,,FUN_18003bb80,18003bb80,18003bb95
\Sql\Picasso\engine\src\pf\kernel\shared\IMemoryResource.hpp,0x30,,FUN_18003bbf0,18003bbf0,18003bbf4
\Sql\Picasso\engine\src\pf\kernel\shared\IMemoryResource.hpp,0x31,,FUN_18003bc50,18003bc50,18003bc65
\Sql\Picasso\engine\src\pf\kernel\shared\IMemoryResource.hpp,0x32,,FUN_18003bcc0,18003bcc0,18003bcc4
\Sql\Picasso\engine\src\pf\kernel\shared\IMemoryResource.hpp,0x37,,FUN_18003bd20,18003bd20,18003bd35
\Sql\Picasso\engine\src\pf\kernel\shared\IMemoryResource.hpp,0x38,,FUN_18003bd90,18003bd90,18003bda5
\Sql\Picasso\engine\src\pf\kernel\shared\IMemoryResource.hpp,0x39,,FUN_18003be00,18003be00,18003be15
\Sql\Picasso\engine\src\pf\kernel\shared\IMemoryResource.hpp,0x4d,,FUN_18003be70,18003be70,18003be74
\Sql\Picasso\engine\src\pf\kernel\shared\IMemoryResource.hpp,0x53,,FUN_18003bed0,18003bed0,18003bed4
\Sql\Picasso\engine\src\pf\kernel\shared\IMemoryResource.hpp,0x54,,FUN_18003bf30,18003bf30,18003bf45
\Sql\Picasso\Engine\src\pf\kernel\shared\pfshbarrier.cpp,0x5e,,Catch@181069270,181069270,181069285
\Sql\Picasso\Engine\src\pf\kernel\shared\pfshcancel.cpp,0x30f,NCThrowInternalError,FUN_1800d4070,1800d4070,1800d4090
\Sql\Picasso\Engine\src\pf\kernel\shared\pfshcancel.cpp,0x41a,PFThreadCancelPoint::CheckToRaiseCancellationError,FUN_1800d4140,1800d4140,1800d42db
\Sql\Picasso\Engine\src\pf\kernel\shared\pfshcancel.cpp,0xe1,,Catch@181068fe0,181068fe0,181069009
\Sql\Picasso\Engine\src\pf\kernel\shared\pfshcancel.cpp,0xe5,,Catch@181069046,181069046,18106905b
\Sql\Picasso\Engine\src\pf\kernel\shared\pfshcancel.cpp,0x30f,,FUN_1800d4070,1800d4070,1800d4090
\Sql\Picasso\Engine\src\pf\kernel\shared\pfshcancel.cpp,0x41a,,FUN_1800d4140,1800d4140,1800d42db
\Sql\Picasso\engine\src\pf\kernel\shared\pfshdata.cpp,0x5d,PFData<wchar_t>::AllocData,FUN_18004aa90,18004aa90,18004acaf
\Sql\Picasso\Engine\src\pf\kernel\shared\pfshmisc.cpp,0x32b,PFDevTrace,FUN_1800c04b0,1800c04b0,1800c0ae4
\Sql\Picasso\Engine\src\pf\kernel\shared\pfshobjectimpl.cpp,0x23a,PFObjectImpl<class PFObjectFullSupport,FUN_1800c76e0,1800c76e0,1800c7768
\Sql\Picasso\Engine\src\pf\kernel\shared\pfshobjectimpl.cpp,0x23a,PFObjectImpl<class PFObjectMemorySupport,FUN_1800c8d60,1800c8d60,1800c8de8
\Sql\Picasso\Engine\src\pf\kernel\shared\pfshobjectimpl.cpp,0x23a,PFObjectImpl<class PFObjectMetadataSupport,FUN_1800c86f0,1800c86f0,1800c8778
\Sql\Picasso\Engine\src\pf\kernel\shared\pfshobjectimpl.cpp,0x23a,PFObjectImpl<class PFObjectMinimalSupport,FUN_1800c7a40,1800c7a40,1800c7a6d
\Sql\Picasso\Engine\src\pf\kernel\shared\pfshobjectimpl.cpp,0x23a,PFObjectImpl<class PFObjectParentSupport,FUN_1800c7d80,1800c7d80,1800c7e08
\Sql\Picasso\Engine\src\pf\kernel\shared\pfshobjectimpl.cpp,0x23a,PFObjectImpl<class PFObjectStateSupport,FUN_1800c7f10,1800c7f10,1800c7f3d
\Sql\Picasso\Engine\src\pf\kernel\shared\pfshobjectimpl.cpp,0x23a,PFObjectImpl<struct PFObjectSupport,FUN_1800c6b80,1800c6b80,1800c6bad
\Sql\Picasso\Engine\src\pf\kernel\shared\pfshobjectimpl.cpp,0x23a,,FUN_1800c6b80,1800c6b80,1800c6bad
\Sql\Picasso\Engine\src\pf\kernel\shared\pfshobjectimpl.cpp,0x23a,,FUN_1800c76e0,1800c76e0,1800c7768
\Sql\Picasso\Engine\src\pf\kernel\shared\pfshobjectimpl.cpp,0x23a,,FUN_1800c7a40,1800c7a40,1800c7a6d
\Sql\Picasso\Engine\src\pf\kernel\shared\pfshobjectimpl.cpp,0x23a,,FUN_1800c7d80,1800c7d80,1800c7e08
\Sql\Picasso\Engine\src\pf\kernel\shared\pfshobjectimpl.cpp,0x23a,,FUN_1800c7f10,1800c7f10,1800c7f3d
\Sql\Picasso\Engine\src\pf\kernel\shared\pfshobjectimpl.cpp,0x23a,,FUN_1800c86f0,1800c86f0,1800c8778
\Sql\Picasso\Engine\src\pf\kernel\shared\pfshobjectimpl.cpp,0x23a,,FUN_1800c8d60,1800c8d60,1800c8de8
\Sql\Picasso\Engine\src\pf\kernel\shared\pfshresgov.cpp,0x971,PFPerAllocAllocatorWrapper::Init,FUN_1800d9b80,1800d9b80,1800d9db4
\Sql\Picasso\engine\src\pf\kernel\shared\pfshresgov.hpp,0x361,PFAllocatorWrapper::MemoryHolder,FUN_18003b910,18003b910,18003b925
\Sql\Picasso\engine\src\pf\kernel\shared\pfshresgov.hpp,0x38c,PFPerAllocAllocatorWrapper::MemoryHolder,FUN_1800da1a0,1800da1a0,1800da1b5
\Sql\Picasso\engine\src\pf\kernel\shared\pfshresgov.hpp,0x361,,FUN_18003b910,18003b910,18003b925
\Sql\Picasso\engine\src\pf\kernel\shared\pfshresgov.hpp,0x38c,,FUN_1800da1a0,1800da1a0,1800da1b5
\Sql\Picasso\Engine\src\pf\kernel\shared\pfshspinlock.cpp,0xcb,PFSpinlock::WaitLock,FUN_1800c9bf0,1800c9bf0,1800c9d7c
\Sql\Picasso\Engine\src\pf\kernel\shared\pfshspinlock.cpp,0xcb,,FUN_1800c9bf0,1800c9bf0,1800c9d7c
\Sql\Picasso\Engine\src\pf\kernel\shared\pfshstring.cpp,0x7d,PFBaseString::Clear,FUN_1800ce7a0,1800ce7a0,1800ce8da
\Sql\Picasso\Engine\src\pf\kernel\shared\pfshstring.cpp,0x7d,PFBaseString::Clear,FUN_18019b020,18019b020,18019bd31
\Sql\Picasso\Engine\src\pf\kernel\shared\pfshstring.cpp,0x7d,PFBaseString::Clear,FUN_1801c0390,1801c0390,1801c09f2
\Sql\Picasso\Engine\src\pf\kernel\shared\pfshstring.cpp,0x7d,PFBaseString::Clear,FUN_1801cdc10,1801cdc10,1801cf7be
\Sql\Picasso\Engine\src\pf\kernel\shared\pfshstring.cpp,0x7d,PFBaseString::Clear,FUN_180299d60,180299d60,18029b372
\Sql\Picasso\Engine\src\pf\kernel\shared\pfshstring.cpp,0x7d,PFBaseString::Clear,FUN_18029ce50,18029ce50,18029ebdf
\Sql\Picasso\Engine\src\pf\kernel\shared\pfshstring.cpp,0x7d,PFBaseString::Clear,FUN_18049a620,18049a620,18049bc2f
\Sql\Picasso\Engine\src\pf\kernel\shared\pfshstring.cpp,0x7d,PFBaseString::Clear,FUN_18049bd20,18049bd20,18049d281
\Sql\Picasso\Engine\src\pf\kernel\shared\pfshstring.cpp,0x7d,PFBaseString::Clear,FUN_18049d340,18049d340,18049e8a3
\Sql\Picasso\Engine\src\pf\kernel\shared\pfshstring.cpp,0x7d,,FUN_1800ce7a0,1800ce7a0,1800ce8da
\Sql\Picasso\Engine\src\pf\kernel\shared\pfshstring.inl,0x363,,Catch@181067e30,1.81E+35,181067e4a
\Sql\Picasso\Engine\src\pf\kernel\shared\pfshthreadcontext.hpp,0x13e,PFSharedThreadContext::CheckMemoryQuotaExceeded,FUN_1800c1a30,1800c1a30,1800c1aa2
\Sql\Picasso\Engine\src\pf\kernel\shared\pfshtraceactivity.cpp,0x638,PFExecutionStatistics::GetRunningTotal,FUN_1800d1c00,1800d1c00,1800d1c37
\Sql\Picasso\Engine\src\pf\kernel\shared\pfshtraceactivity.cpp,0x638,,FUN_1800d1c00,1800d1c00,1800d1c37
\Sql\Picasso\Engine\src\pf\kernel\shared\pfshvalue.cpp,0x2d6,PFValueBase::ToString,FUN_1800d1420,1800d1420,1800d170f
\Sql\Picasso\Engine\src\pf\kernel\shared\pfshvalue.cpp,0x2ef,PFValueBase::ToString,FUN_1800d1420,1800d1420,1800d170f
\Sql\Picasso\Engine\src\pf\kernel\shared\pfshvariant.cpp,0xf5e,PFVariantBase::Convert,FUN_1800cc710,1800cc710,1800cce3b
\Sql\Picasso\Engine\src\pf\kernel\shared\pfshvariant.cpp,0xf54,PFVariantBase::Convert,FUN_1800cc710,1800cc710,1800cce3b
\Sql\Picasso\Engine\src\pf\kernel\shared\pfshvariant.cpp,0x125e,PFVariantBase::GetFileTimeFromDateAsUTC,FUN_1800cdae0,1800cdae0,1800cdbc3
\Sql\Picasso\Engine\src\pf\kernel\shared\pfshvariant.cpp,0x154d,PFVariantBase::SetValue,FUN_1800cde10,1800cde10,1800ce0a4
\Sql\Picasso\Engine\src\pf\kernel\shared\pfshvariant.cpp,0xefa,PFVariantBase::StringToGUID,FUN_1800cc410,1800cc410,1800cc578
\Sql\Picasso\Engine\src\pf\kernel\shared\pfshvariant.cpp,0x154d,,FUN_1800cde10,1800cde10,1800ce0a4
\Sql\Picasso\Engine\src\pf\kernel\shared\pfshwinos.cpp,0x234,PFWinOS::SafeLoadLibrary,FUN_1800c2ee0,1800c2ee0,1800c317a
\Sql\Picasso\Engine\src\pf\kernel\shared\pfshwinos.cpp,0x234,,FUN_1800c2ee0,1800c2ee0,1800c317a
\Sql\Picasso\engine\src\pf\kernel\shared\pfshwinos.inl,0xc1,,FUN_18006d6c0,18006d6c0,18006d6fa
\Sql\Picasso\Engine\src\pf\kernel\shared\pfstringalloc.hpp,0x4e,PFStringAllocator::MemoryHolder,FUN_1800d2cc0,1800d2cc0,1800d2cd5
\Sql\Picasso\Engine\src\pf\kernel\shared\pfstringalloc.hpp,0x4e,,FUN_1800d2cc0,1800d2cc0,1800d2cd5
\Sql\Picasso\Engine\src\pf\kernel\util\pfmarkuputil.cpp,0x4f,PFMarkupUtils::AppendScrubbedString,FUN_1800d5970,1800d5970,1800d5b9e
\Sql\Picasso\Engine\src\pf\kernel\util\pfmarkuputil.cpp,0x4f,,FUN_1800d5970,1800d5970,1800d5b9e
\Sql\Picasso\Engine\src\pf\kernel\util\pftraceutil.hpp,8,,FUN_180190a40,180190a40,180190a63
\Sql\Picasso\engine\src\tm\inc\TMCommon.hpp,0x25e,DirectLakeKindToDeltaLakeKind,FUN_18019d480,18019d480,18019d7eb
\Sql\Picasso\engine\src\tm\inc\TMStateUtil.inl,0x43,TMStateHelper::IsStateWithData,FUN_180f488c0,180f488c0,180f488ef
\Sql\Picasso\engine\src\tm\inc\TMStateUtil.inl,0x43,,FUN_180f488c0,180f488c0,180f488ef
\sql\picasso\engine\src\imbi\query\datafiles\,,,FUN_1805517c0,1805517c0,180551861
\Sql\Picasso\Engine\src\imbi\test\DataFiles,,,FUN_1803b82f0,1803b82f0,1803b832c
testsrc\Picasso\Engine\Projects\CIT\ASCheckinTests,,,FUN_1803b82f0,1803b82f0,1803b8364